﻿<?xml version="1.0" encoding="UTF-8"?>
<?xml-model href="http://www.stoa.org/epidoc/schema/8.18/tei-epidoc.rng" schematypens="http://relaxng.org/ns/structure/1.0"?>
<TEI xmlns:xi="http://www.w3.org/2001/XInclude" xmlns:svg="http://www.w3.org/2000/svg" xmlns:math="http://www.w3.org/1998/Math/MathML" xmlns="http://www.tei-c.org/ns/1.0">
 <teiHeader>
  <fileDesc>
   <titleStmt>
    <title xml:lang='de'>Grabmal für Alexander Mosche ben David Oppenheim, gest. 1779-06-28, Jüdischer Friedhof Hamburg-Altona, Königstraße</title>
    <respStmt xml:lang="de">
     <resp>herausgegeben vom</resp>
     <orgName ref="http://d-nb.info/gnd/212562-6">
      Salomon Ludwig Steinheim-Institut
      <address>
       <addrLine>Edmund-Körner-Platz 2</addrLine>
       <addrLine>D-45127 Essen</addrLine>
      </address>
     </orgName>
    </respStmt>
   </titleStmt>
    <editionStmt>
    <edition/>
   </editionStmt>
   <extent/>
   <publicationStmt>
    <publisher>
     <orgName ref="http://d-nb.info/gnd/212562-6">
      Salomon Ludwig Steinheim-Institut 
      <address>
       <addrLine>Edmund-Körner-Platz 2</addrLine>
       <addrLine>D-45127 Essen</addrLine>
      </address>
     </orgName>
    </publisher>
    <idno>hha-156</idno>
    <idno type="url">http://www.steinheim-institut.de/cgi-bin/epidat?id=hha-156</idno>
    <availability xml:lang="en" status="free">
     <licence>
      <ref target="http://creativecommons.org/licenses/by/4.0/">Distributed under a Creative Commons licence Attribution-BY 4.0</ref>
      <p>
       All reuse or distribution of this work must contain somewhere a link back to the URL 
       <ref>http://www.steinheim-institut.de/cgi-bin/epidat?id=hha-156</ref>
      </p>
     </licence>
    </availability>
   </publicationStmt>
    <notesStmt>
    <note/>
   </notesStmt>
   <sourceDesc>
    <bibl>born digital</bibl>
     <msDesc>
     <msIdentifier/>
     <physDesc>
      <objectDesc>
       <supportDesc>
        <support>
         <p>
          <material>Stein</material>
         </p>
        </support>
        <condition>
         <p>
          <date>2006</date>
           non in situ Beschädigung leicht
         </p>
        </condition>
       </supportDesc>
        <layoutDesc>
        <layout/>
       </layoutDesc>
      </objectDesc>
      <handDesc>
       <handNote>Schrift erhaben</handNote>
      </handDesc>
     </physDesc>
     <history>
      <origin>
       <date notBefore='1779-06-28'>1779-06-28</date>
       <country type="ISO_3166" key="XA-DE-HH">
        Germany
        <region>Hamburg</region>
       </country>
       <settlement type='city' key='tgn:7012310'>
        Hamburg-Altona, Königstraße 
        <geogName>
         Jüdischer Friedhof
         <geo decls="#WGS">53.549373 9.950545</geo>
         <location>
          <geo decls='Planquadrat'>AH</geo>
         </location>
         <location>
          <geo decls='Feld Grabnummer'>O 1838</geo>
         </location>
        </geogName>
       </settlement>
      </origin>
     </history>
    </msDesc>
   </sourceDesc>
  </fileDesc>
  <encodingDesc>
   <p>Encoded according to the EpiDoc Guidelines, Schema Version 8.18</p>
   <classDecl>
    <taxonomy>
     <category xml:id='foto1'>
      <catDesc>
       <persName ref='http://d-nb.info/gnd/128472499' role='photographer'>
        Bert Sommer, 
        <orgName ref="http://d-nb.info/gnd/212562-6">Steinheim-Institut</orgName>
       </persName>
      </catDesc>
     </category>
     <category xml:id='foto6'>
      <catDesc>Fundstücke, Dan Bondy</catDesc>
     </category>
     <category xml:id='foto5'>
      <catDesc>Denkmalpflegerische Massnahme</catDesc>
     </category>
     <category xml:id='foto4'>
      <catDesc>^# Denkmalschutzamt Hamburg</catDesc>
     </category>
     <category xml:id='foto3'>
      <catDesc>Eduard Duckesz Glasplatten ^# CAHJP Jerusalem, Glasplatten: HMB/2452, Inv 2326 · Digitalisat: CDB/5-7</catDesc>
     </category>
     <category xml:id='foto2'>
      <catDesc>Historische Aufnahmen [Mikrofilme] ^# Staatsarchiv Hamburg, Bestand 741-4 Fotoarchiv, Signatur P 2333</catDesc>
     </category>
     <category xml:id='foto7'>
      <catDesc>Aufgenommen in der Synagoge Innsbruck</catDesc>
     </category>
    </taxonomy>
   </classDecl>
   <geoDecl xml:id="WGS" datum="WGS84">World Geodetic System</geoDecl>
  </encodingDesc>
  <profileDesc>
   <particDesc>
    <listPerson>
     <person xml:id="hha-156-1" sex='1'>
      <persName>Alexander Mosche ben David Oppenheim</persName>
       <event when='1779-06-28' type="dateofdeath">
       <desc/>
      </event>
     </person>
    </listPerson>
   </particDesc>
    <langUsage>
    <!-- According to bcp47 http://tools.ietf.org/html/bcp47 (Language) and ISO15924 (writing System)-->
    <language ident='he' usage='100'>Hebrew</language>
   </langUsage>
  </profileDesc>
   <revisionDesc>
   <change/>
  </revisionDesc>
 </teiHeader>
 <facsimile>
  <graphic url='http://steinheim-institut.de/daten/picshha/xl/0156_AH_0105020134.jpg'>
    <desc>
    <ref target='#foto1'/>
    <date when='2001-05-02'/>
    recto
   </desc>
  </graphic>
  <graphic url='http://steinheim-institut.de/daten/picshha/xl/mf/05/00000204.jpg'>
    <desc>
    <ref target='#foto2'/>
   </desc>
  </graphic>
 </facsimile>
 <text>
  <body>
   <div type='edition'>
    <head>Edition</head>
     <ab>
     <lb n='1'/>
     ‎‏פ״נ‏‎
‏‎     <lb n='2'/>
     ‎‏איש ישר מתהלך בתומו‏‎
‏‎     <lb n='3'/>
     ‎‏לשני׳ מעוטים נאסף בלא יומו‏‎
‏‎     <lb n='4'/>
     ‎‏כי בחצי ימיו הלך לעולמו‏‎
‏‎     <lb n='5'/>
     ‎‏סור מרע הי׳ וטוב טעמו‏‎
‏‎     <lb n='6'/>
     ‎‏נשא ונתן באמונה לאכול לחמו‏‎
‏‎     <lb n='7'/>
     ‎‏דופי ושמץ לא יצא על שמו‏‎
‏‎     <lb n='8'/>
     ‎‏רק בש״ט נפטר לבית עולמו‏‎
‏‎     <lb n='9'/>
     ‎‏ה״ה כ׳ אלכסנדר משה בן המנהיג‏‎
‏‎     <lb n='10'/>
     ‎‏כ״ה דוד אופנהיים נפטר ונקבר‏‎
‏‎     <lb n='11'/>
     ‎‏יום ב׳ ד״י תמוז תקל״ט לפ״ק‏‎
‏‎     <lb n='12'/>
     ‎‏תנצב״ה‏‎
‏‎    </ab>
   </div>
   <div type='translation'>
    <head>Übersetzung</head>
     <ab>
     <lb n='1'/>
     Hier ist begraben
     <lb n='2'/>
     ein aufrechter Mann, ›in seiner Lauterkeit wandelnd‹,
     <lb n='3'/>
     an Jahren gering, versammelt, eh sein Tag kam,
     <lb n='4'/>
     denn in der Hälfte seiner Tage ging er hin in seine Welt,
     <lb n='5'/>
     das Böse mied er, und gut (war) sein Sinn(en?),
     <lb n='6'/>
     er handelte und wandelte in Treue um des Broterwerbs,
     <lb n='7'/>
     Makel nicht und nicht Verdacht trafen seinen Namen,
     <lb n='8'/>
     allein ›mit gutem Namen‹ schied er hin in sein Haus der Ewigkeit,
     <lb n='9'/>
     es ist der geehrte Alexander Mosche, Sohn des Leiters,
     <lb n='10'/>
     des geehrten Herrn David Oppenheim, verschieden und begraben
     <lb n='11'/>
     Tag 2, 14. Tammus 539 der kleinen Zählung.
     <lb n='12'/>
     Seine Seele sei eingebunden in das Bündel des Lebens
    </ab>
   </div>
   <div type="commentary" subtype="Zitate">
    <head>Zitate</head>
    <p>Zl 2: Vgl. Ps 26,1; 84,12</p>
    <p>Zl 8: bBer 17a</p>
   </div>
   <div type='commentary' subtype='Stilmittel'>
    <head>Stilmittel</head>
    <p>
     <label>Reim</label>
      auf -mo in Zln. 2-8.
    </p>
    <p>
     <label>Akrostichon</label>
      in Zeilen 2-8: ‎‏אלכסנדר‏‎ Alexander
    </p>
   </div>
   <div type="commentary" subtype="Zeilenkommentar">
    <head>Zeilenkommentar</head>
    <p>Zl 3a: Vgl. Ps 109,8; dort Tage.</p>
    <p>Zl 3b: Vgl. Ijob 15,32</p>
    <p>Zl 4: Zusammengesetztes Zitat aus Jer 17,11 und Koh 12,5.</p>
    <p>Zl 5a: Ps 34,15.</p>
    <p>Zl 5b: Vgl. Spr 31,18.</p>
    <p>Zl 6a: bSchab 31a.</p>
    <p>Zl 6b: Vgl. Spr 31,27, dort: "... das Brot der Trägheit ißt sie nicht".</p>
    <p>Zl 7: Der Ausdruck ‎‏דופי ושמץ‏‎ bei Ibn Esra in seinem Kommentar zu Ps 18,31 und 73,9, in umgekehrter Reihenfolge im (langen) Kommentar zu Ex 32,25. Einzeln kommen ‎‏דופי‏‎ und ‎‏שמץ‏‎ öfters vor. Ersteres z.B. Ps 50,20 und bYom 22b, letzteres in der hier gemeinten Bedeutung "Verdacht" erst in talmudischer Zeit (z.B. bSchab 119b). In der Bibel (nur Ijob 4,12 und 26,14) hingegen in der Bedeutung Wispern (Buber), Geflüster (Zunz) bzw. Angst, Schrecken (Torczyner).</p>
    <p>Zl 8b: WaR 2,3.</p>
   </div>
   <div type="commentary" subtype="Prosopographie">
    <head>Prosopographie</head>
   </div>
   <div type="bibliography">
    <head>Bibliographie</head>
    <p>to be done ...</p>
   </div>
  </body>
 </text>
</TEI>
