﻿<?xml version="1.0" encoding="UTF-8"?>
<?xml-model href="http://www.stoa.org/epidoc/schema/8.18/tei-epidoc.rng" schematypens="http://relaxng.org/ns/structure/1.0"?>
<TEI xmlns:xi="http://www.w3.org/2001/XInclude" xmlns:svg="http://www.w3.org/2000/svg" xmlns:math="http://www.w3.org/1998/Math/MathML" xmlns="http://www.tei-c.org/ns/1.0">
 <teiHeader>
  <fileDesc>
   <titleStmt>
    <title xml:lang='de'>Grabmal für Reichel bat Pinchas Sel(i)gman Landau ∞ Eisek Levi, gest. 1704-02-25, Jüdischer Friedhof Hamburg-Altona, Königstraße</title>
    <respStmt xml:lang="de">
     <resp>herausgegeben vom</resp>
     <orgName ref="http://d-nb.info/gnd/212562-6">
      Salomon Ludwig Steinheim-Institut
      <address>
       <addrLine>Edmund-Körner-Platz 2</addrLine>
       <addrLine>D-45127 Essen</addrLine>
      </address>
     </orgName>
    </respStmt>
   </titleStmt>
    <editionStmt>
    <edition/>
   </editionStmt>
   <extent/>
   <publicationStmt>
    <publisher>
     <orgName ref="http://d-nb.info/gnd/212562-6">
      Salomon Ludwig Steinheim-Institut 
      <address>
       <addrLine>Edmund-Körner-Platz 2</addrLine>
       <addrLine>D-45127 Essen</addrLine>
      </address>
     </orgName>
    </publisher>
    <idno>hha-1366</idno>
    <idno type="url">http://www.steinheim-institut.de/cgi-bin/epidat?id=hha-1366</idno>
    <availability xml:lang="en" status="free">
     <licence>
      <ref target="http://creativecommons.org/licenses/by/4.0/">Distributed under a Creative Commons licence Attribution-BY 4.0</ref>
      <p>
       All reuse or distribution of this work must contain somewhere a link back to the URL 
       <ref>http://www.steinheim-institut.de/cgi-bin/epidat?id=hha-1366</ref>
      </p>
     </licence>
    </availability>
   </publicationStmt>
    <notesStmt>
    <note/>
   </notesStmt>
   <sourceDesc>
    <bibl>born digital</bibl>
     <msDesc>
     <msIdentifier/>
     <physDesc>
      <objectDesc>
       <supportDesc>
        <support>
         <p>
          <material>Stein</material>
         </p>
        </support>
        <condition>
         <p>
          <date>2006</date>
           in situ Beschädigung leicht
         </p>
        </condition>
       </supportDesc>
        <layoutDesc>
        <layout/>
       </layoutDesc>
      </objectDesc>
      <handDesc>
       <handNote>Schrift vertieft</handNote>
      </handDesc>
     </physDesc>
     <history>
      <origin>
       <date notBefore='1704-02-25'>1704-02-25</date>
       <country type="ISO_3166" key="XA-DE-HH">
        Germany
        <region>Hamburg</region>
       </country>
       <settlement type='city' key='tgn:7012310'>
        Hamburg-Altona, Königstraße 
        <geogName>
         Jüdischer Friedhof
         <geo decls="#WGS">53.549373 9.950545</geo>
         <location>
          <geo decls='Planquadrat'>EM</geo>
         </location>
         <location>
          <geo decls='Feld Grabnummer'>S 1289</geo>
         </location>
        </geogName>
       </settlement>
      </origin>
     </history>
    </msDesc>
   </sourceDesc>
  </fileDesc>
  <encodingDesc>
   <p>Encoded according to the EpiDoc Guidelines, Schema Version 8.18</p>
   <classDecl>
    <taxonomy>
     <category xml:id='foto1'>
      <catDesc>
       <persName ref='http://d-nb.info/gnd/128472499' role='photographer'>
        Bert Sommer, 
        <orgName ref="http://d-nb.info/gnd/212562-6">Steinheim-Institut</orgName>
       </persName>
      </catDesc>
     </category>
     <category xml:id='foto6'>
      <catDesc>Fundstücke, Dan Bondy</catDesc>
     </category>
     <category xml:id='foto5'>
      <catDesc>Denkmalpflegerische Massnahme</catDesc>
     </category>
     <category xml:id='foto4'>
      <catDesc>^# Denkmalschutzamt Hamburg</catDesc>
     </category>
     <category xml:id='foto3'>
      <catDesc>Eduard Duckesz Glasplatten ^# CAHJP Jerusalem, Glasplatten: HMB/2452, Inv 2326 · Digitalisat: CDB/5-7</catDesc>
     </category>
     <category xml:id='foto2'>
      <catDesc>Historische Aufnahmen [Mikrofilme] ^# Staatsarchiv Hamburg, Bestand 741-4 Fotoarchiv, Signatur P 2333</catDesc>
     </category>
     <category xml:id='foto7'>
      <catDesc>Aufgenommen in der Synagoge Innsbruck</catDesc>
     </category>
    </taxonomy>
   </classDecl>
   <geoDecl xml:id="WGS" datum="WGS84">World Geodetic System</geoDecl>
  </encodingDesc>
  <profileDesc>
   <particDesc>
    <listPerson>
     <person xml:id="hha-1366-1" sex='2'>
      <persName>Reichel bat Pinchas Sel(i)gman Landau ∞ Eisek Levi</persName>
       <event when='1704-02-25' type="dateofdeath">
       <desc/>
      </event>
     </person>
    </listPerson>
   </particDesc>
    <langUsage>
    <!-- According to bcp47 http://tools.ietf.org/html/bcp47 (Language) and ISO15924 (writing System)-->
    <language ident='he' usage='100'>Hebrew</language>
   </langUsage>
  </profileDesc>
   <revisionDesc>
   <change/>
  </revisionDesc>
 </teiHeader>
 <facsimile>
  <graphic url='http://steinheim-institut.de/daten/picshha/xl/1366_EM_0110160227.jpg'>
    <desc>
    <ref target='#foto1'/>
    <date when='2001-10-16'/>
    recto
   </desc>
  </graphic>
  <graphic url='http://steinheim-institut.de/daten/picshha/xl/mf/04/00000126.jpg'>
    <desc>
    <ref target='#foto2'/>
   </desc>
  </graphic>
 </facsimile>
 <text>
  <body>
   <div type='edition'>
    <head>Edition</head>
     <ab>
     <lb n='1'/>
     ‎‏פ״נ‏‎
‏‎     <lb n='2'/>
     ‎‏זקנה‏‎
‏‎     <lb n='3'/>
     ‎‏רבה לעשות חסדה ׃‏‎
‏‎     <lb n='4'/>
     ‎‏יהי? עלם? שם? כבדה ׃‏‎
‏‎     <lb n='5'/>
     ‎‏ידה עשו גם תוכל ׃‏‎
‏‎     <lb n='6'/>
     ‎‏כי כן היתה המדה ׃‏‎
‏‎     <lb n='7'/>
     ‎‏להכינה ולסעדה ׃‏‎
‏‎     <lb n='8'/>
     ‎‏הצנועה מ׳ רייכל ׃‏‎
‏‎     <lb n='9'/>
     ‎‏בת הר״ר פנחס זעלגמן‏‎
‏‎     <lb n='10'/>
     ‎‏לנדא זצ״ל אשת כמר‏‎
‏‎     <lb n='11'/>
     ‎‏אייזק לוינפטרה ונקבר׳‏‎
‏‎     <lb n='12'/>
     ‎‏יום ב׳ ך׳ אדר ראשון‏‎
‏‎     <lb n='13'/>
     ‎‏תס״ד לפ״ק‏‎
‏‎     <lb n='14'/>
     ‎‏תנצב״ה ‏‎
‏‎    </ab>
   </div>
   <div type='translation'>
    <head>Übersetzung</head>
     <ab>
     <lb n='1'/>
     Hier ist begraben
     <lb n='2'/>
     eine Betagte,
     <lb n='3'/>
     .. Liebeswerk zu tun,
     <lb n='4'/>
     auf ewig sei ... ihre Ehre?
     <lb n='5'/>
     ihre Hand tat? .. gekonnt
     <lb n='6'/>
     denn ... war das ...,
     <lb n='7'/>
     ... zu bereiten auch zu speisen,
     <lb n='8'/>
     die Züchtige, Frau Reichel,
     <lb n='9'/>
     Tochter des Meisters, Herrn Pinchas Sel(i)gman
     <lb n='10'/>
     Landau, das Andenken des Gerechten zum Segen, Gattin des geehrten Herrn
     <lb n='11'/>
     Eisek Levi, verschieden und begraben
     <lb n='12'/>
     Tag 2, 20. des ersten Adar
     <lb n='13'/>
     464 der kleinen Zählung.
     <lb n='14'/>
     Ihre Seele sei eingebunden in das Bündel des Lebens
    </ab>
   </div>
   <div type='commentary' subtype='Stilmittel'>
    <head>Stilmittel</head>
    <p>
     <label>Reim</label>
      auf -dah in Zln 3,4,6,7 und auf -cha(e)l in Zln 5,8 (den Namen einschließend).
    </p>
    <p>
     <label>Akrostichon</label>
      in Zeilen 3-7: ‎‏רייכל‏‎ Reichel
    </p>
   </div>
   <div type="commentary" subtype="Prosopographie">
    <head>Prosopographie</head>
   </div>
   <div type="bibliography">
    <head>Bibliographie</head>
    <p>to be done ...</p>
   </div>
  </body>
 </text>
</TEI>
