﻿<?xml version="1.0" encoding="UTF-8"?>
<?xml-model href="http://www.stoa.org/epidoc/schema/8.18/tei-epidoc.rng" schematypens="http://relaxng.org/ns/structure/1.0"?>
<TEI xmlns:xi="http://www.w3.org/2001/XInclude" xmlns:svg="http://www.w3.org/2000/svg" xmlns:math="http://www.w3.org/1998/Math/MathML" xmlns="http://www.tei-c.org/ns/1.0">
 <teiHeader>
  <fileDesc>
   <titleStmt>
    <title xml:lang='de'>Grabmal für Akiwa Israel ben Awigdor, gest. 1835-05-20, Jüdischer Friedhof Hamburg-Altona, Königstraße</title>
    <respStmt xml:lang="de">
     <resp>herausgegeben vom</resp>
     <orgName ref="http://d-nb.info/gnd/212562-6">
      Salomon Ludwig Steinheim-Institut
      <address>
       <addrLine>Edmund-Körner-Platz 2</addrLine>
       <addrLine>D-45127 Essen</addrLine>
      </address>
     </orgName>
    </respStmt>
   </titleStmt>
    <editionStmt>
    <edition/>
   </editionStmt>
   <extent/>
   <publicationStmt>
    <publisher>
     <orgName ref="http://d-nb.info/gnd/212562-6">
      Salomon Ludwig Steinheim-Institut 
      <address>
       <addrLine>Edmund-Körner-Platz 2</addrLine>
       <addrLine>D-45127 Essen</addrLine>
      </address>
     </orgName>
    </publisher>
    <idno>hha-1397</idno>
    <idno type="url">http://www.steinheim-institut.de/cgi-bin/epidat?id=hha-1397</idno>
    <availability xml:lang="en" status="free">
     <licence>
      <ref target="http://creativecommons.org/licenses/by/4.0/">Distributed under a Creative Commons licence Attribution-BY 4.0</ref>
      <p>
       All reuse or distribution of this work must contain somewhere a link back to the URL 
       <ref>http://www.steinheim-institut.de/cgi-bin/epidat?id=hha-1397</ref>
      </p>
     </licence>
    </availability>
   </publicationStmt>
    <notesStmt>
    <note/>
   </notesStmt>
   <sourceDesc>
    <bibl>born digital</bibl>
     <msDesc>
     <msIdentifier/>
     <physDesc>
      <objectDesc>
       <supportDesc>
        <support>
         <p>
          <material>Stein</material>
         </p>
        </support>
        <condition>
         <p>
          <date>2006</date>
           non in situ, liegend, zerbrochen Beschädigung schwer 
          <damage agent='Verwitterung'>Verwitterung stark</damage>
         </p>
        </condition>
       </supportDesc>
        <layoutDesc>
        <layout/>
       </layoutDesc>
      </objectDesc>
      <handDesc>
       <handNote>Schrift erhaben</handNote>
      </handDesc>
      <decoDesc>
       <decoNote type='ornament'>floral: Kranz; gestalterisch</decoNote>
      </decoDesc>
     </physDesc>
     <history>
      <origin>
       <date notBefore='1835-05-20'>1835-05-20</date>
       <country type="ISO_3166" key="XA-DE-HH">
        Germany
        <region>Hamburg</region>
       </country>
       <settlement type='city' key='tgn:7012310'>
        Hamburg-Altona, Königstraße 
        <geogName>
         Jüdischer Friedhof
         <geo decls="#WGS">53.549373 9.950545</geo>
         <location>
          <geo decls='Planquadrat'>EN</geo>
         </location>
         <location>
          <geo decls='Feld Grabnummer'>S 1423</geo>
         </location>
        </geogName>
       </settlement>
      </origin>
     </history>
    </msDesc>
   </sourceDesc>
  </fileDesc>
  <encodingDesc>
   <p>Encoded according to the EpiDoc Guidelines, Schema Version 8.18</p>
   <classDecl>
    <taxonomy>
     <category xml:id='foto1'>
      <catDesc>
       <persName ref='http://d-nb.info/gnd/128472499' role='photographer'>
        Bert Sommer, 
        <orgName ref="http://d-nb.info/gnd/212562-6">Steinheim-Institut</orgName>
       </persName>
      </catDesc>
     </category>
     <category xml:id='foto6'>
      <catDesc>Fundstücke, Dan Bondy</catDesc>
     </category>
     <category xml:id='foto5'>
      <catDesc>Denkmalpflegerische Massnahme</catDesc>
     </category>
     <category xml:id='foto4'>
      <catDesc>^# Denkmalschutzamt Hamburg</catDesc>
     </category>
     <category xml:id='foto3'>
      <catDesc>Eduard Duckesz Glasplatten ^# CAHJP Jerusalem, Glasplatten: HMB/2452, Inv 2326 · Digitalisat: CDB/5-7</catDesc>
     </category>
     <category xml:id='foto2'>
      <catDesc>Historische Aufnahmen [Mikrofilme] ^# Staatsarchiv Hamburg, Bestand 741-4 Fotoarchiv, Signatur P 2333</catDesc>
     </category>
     <category xml:id='foto7'>
      <catDesc>Aufgenommen in der Synagoge Innsbruck</catDesc>
     </category>
    </taxonomy>
   </classDecl>
   <geoDecl xml:id="WGS" datum="WGS84">World Geodetic System</geoDecl>
  </encodingDesc>
  <profileDesc>
   <particDesc>
    <listPerson>
     <person xml:id="hha-1397-1" sex='1'>
      <persName>Akiwa Israel ben Awigdor</persName>
       <event when='1835-05-20' type="dateofdeath">
       <desc/>
      </event>
     </person>
    </listPerson>
   </particDesc>
    <langUsage>
    <!-- According to bcp47 http://tools.ietf.org/html/bcp47 (Language) and ISO15924 (writing System)-->
    <language ident='he' usage='100'>Hebrew</language>
   </langUsage>
  </profileDesc>
   <revisionDesc>
   <change/>
  </revisionDesc>
 </teiHeader>
 <facsimile>
  <graphic url='http://steinheim-institut.de/daten/picshha/xl/1397_EN_0110050111.jpg'>
    <desc>
    <ref target='#foto1'/>
    <date when='2001-10-05'/>
    recto
   </desc>
  </graphic>
  <graphic url='http://steinheim-institut.de/daten/picshha/xl/mf/04/00000280.jpg'>
    <desc>
    <ref target='#foto2'/>
   </desc>
  </graphic>
 </facsimile>
 <text>
  <body>
   <div type='edition'>
    <head>Edition</head>
     <ab>
     <lb n='1'/>
     ‎‏פ״נ‏‎
‏‎     <lb n='2'/>
     ‎‏אדמ״ו הגאון הגדול המפורסם‏‎
‏‎     <lb n='3'/>
     ‎‏פאר הדור החסיד האמתי כש״ת‏‎
‏‎     <lb n='4'/>
     ‎‏מהור״ר עקיבא ישראל בן מה״ו‏‎
‏‎     <lb n='5'/>
     ‎‏אביגדור זצלה״ה אב״ד דק״ק אלטונא‏‎
‏‎     <lb n='6'/>
     ‎‏והמדינה יע״א‏‎
‏‎     <lb n='7'/>
     ‎‏והוא שפט את עדתו עשרים שנה‏‎
‏‎     <lb n='8'/>
     ‎‏ולפנים היה אב״ד בק״ק מאיסלינג‏‎
‏‎     <lb n='9'/>
     ‎‏וליבעק, וכבר הורה הוראה עודנו‏‎
‏‎     <lb n='10'/>
     ‎‏צעיר לימי׳, ענות צדק היה לו סגולה‏‎
‏‎     <lb n='11'/>
     ‎‏אך שלו׳ ואמת כל מגמתו דורש טוב‏‎
‏‎     <lb n='12'/>
     ‎‏ודובר שלו׳ לכל עמו‏‎
‏‎     <lb n='13'/>
     ‎‏נפטר בש״ט ביום ד׳ כ״א אייר, הוא היו׳‏‎
‏‎     <lb n='14'/>
     ‎‏נהפך לאבל כבד, ונקבר למחרתו‏‎
‏‎     <lb n='15'/>
     ‎‏יום ה׳ כ״ב בו תקצ״ח לפ״ק‏‎
‏‎     <lb n='16'/>
     ‎‏תנצב״ה‏‎
‏‎    </ab>
   </div>
   <div type='translation'>
    <head>Übersetzung</head>
     <ab>
     <lb n='1'/>
     Hier ist begraben
     <lb n='2'/>
     unser Herr und unser Lehrer, der große, weitbekannte, überragende Gelehrte,
     <lb n='3'/>
     Pracht der Generation, der wahrhaft Fromme, sein ehrenvoller, ruhmreicher Name (lautet)
     <lb n='4'/>
     unser Lehrer, der Meister, Herr Akiwa Israel, Sohn des Meisters, Herrn
     <lb n='5'/>
     Awigdor, das Andenken des Gerechten sei zum Leben in der künftigen Welt, Vorsitzender der Gerichtsbarkeit in der heiligen Gemeinde Altona
     <lb n='6'/>
     und der Landjudenschaft, Gott möge sie beschützen,
     <lb n='7'/>
     und er richtete seine Gemeinde zwanzig Jahre lang,
     <lb n='8'/>
     und zuvor war er Vorsitzender der Gerichtsbarkeit in der heiligen Gemeinde Moisling
     <lb n='9'/>
     und Lübeck, und er unterrichtete bereits, als er noch
     <lb n='10'/>
     jung an Jahren war, die Demut der Gerechtigkeit war ihm eigen,
     <lb n='11'/>
     nur Frieden und Wahrheit galt all sein Streben, er förderte das Wohl
     <lb n='12'/>
     und redete zum Wohle seines ganzen Volkes,
     <lb n='13'/>
     verschieden mit gutem Namen am Tag 4, 21. Ijar, jener Tag,
     <lb n='14'/>
     der verwandelt wurde zu schwerer Trauer, und er wurde begraben am folgenden Tag,
     <lb n='15'/>
     Tag 5, 22. desselben, 598 der kleinen Zählung.
     <lb n='16'/>
     Seine Seele sei eingebunden in das Bündel des Lebens
    </ab>
   </div>
   <div type="commentary" subtype="Zeilenkommentar">
    <head>Zeilenkommentar</head>
    <p>Zl 10b: Vgl. Ex 19,5.</p>
    <p>Zl 11b-12: Vgl. Est 10,3.</p>
    <p>Zl 13a: bBer 17a.</p>
    <p>Zl 13b-14a: Vgl. 2 Sam 19,3 und Klgl 5,15.</p>
   </div>
   <div type="commentary" subtype="Endkommentar">
    <head>Endkommentar</head>
    <p>Von 1823 bis 1835 wirkte Akiba Wertheimer in Altona als Oberrabbiner. Weil er 1778 in Breslau geboren war, wurde er auch Akiba Breslauer genannt. Seine Familie stammte aus dem preußischen Teilungsgebiet von Polen; und er selbst war Schüler der bedeutendsten Tamudakademie dort, der des Akiba Eger in Märkisch-Friedland. 1805, noch in jungen Jahren, erhielt er eine Gelehrtenstelle an der Klaus in Altona. Während der napoleonischen Emanzipationszeit übernahm er 1806-1816 das Rabbinat der Hansestadt Lübeck, musste die Stadt aber zur Zeit der Restauration wieder verlassen und kehrte in seine Altonaer Klausstelle zurück. Nach dem Tod Mendel Frankfurters ging dessen Amt auf ihn über, wie dieser amtierte er unentgeltlich, da er seinen Lebensunterhalt aus der Stiftung bezog.</p>
    <p>Die histor. Aufnahme zeigt das Grabmal noch vollständig und in situ.</p>
   </div>
   <div type="commentary" subtype="Prosopographie">
    <head>Prosopographie</head>
   </div>
   <div type="bibliography">
    <head>Bibliographie</head>
    <p>to be done ...</p>
   </div>
  </body>
 </text>
</TEI>
