﻿<?xml version="1.0" encoding="UTF-8"?>
<?xml-model href="http://www.stoa.org/epidoc/schema/8.18/tei-epidoc.rng" schematypens="http://relaxng.org/ns/structure/1.0"?>
<TEI xmlns:xi="http://www.w3.org/2001/XInclude" xmlns:svg="http://www.w3.org/2000/svg" xmlns:math="http://www.w3.org/1998/Math/MathML" xmlns="http://www.tei-c.org/ns/1.0">
 <teiHeader>
  <fileDesc>
   <titleStmt>
    <title xml:lang='de'>Grabmal für Jutta bat Jirmijahu Fürst ∞ Natan Harburg, gest. 1709-05-12, Jüdischer Friedhof Hamburg-Altona, Königstraße</title>
    <respStmt xml:lang="de">
     <resp>herausgegeben vom</resp>
     <orgName ref="http://d-nb.info/gnd/212562-6">
      Salomon Ludwig Steinheim-Institut
      <address>
       <addrLine>Edmund-Körner-Platz 2</addrLine>
       <addrLine>D-45127 Essen</addrLine>
      </address>
     </orgName>
    </respStmt>
   </titleStmt>
    <editionStmt>
    <edition/>
   </editionStmt>
   <extent/>
   <publicationStmt>
    <publisher>
     <orgName ref="http://d-nb.info/gnd/212562-6">
      Salomon Ludwig Steinheim-Institut 
      <address>
       <addrLine>Edmund-Körner-Platz 2</addrLine>
       <addrLine>D-45127 Essen</addrLine>
      </address>
     </orgName>
    </publisher>
    <idno>hha-1435</idno>
    <idno type="url">http://www.steinheim-institut.de/cgi-bin/epidat?id=hha-1435</idno>
    <availability xml:lang="en" status="free">
     <licence>
      <ref target="http://creativecommons.org/licenses/by/4.0/">Distributed under a Creative Commons licence Attribution-BY 4.0</ref>
      <p>
       All reuse or distribution of this work must contain somewhere a link back to the URL 
       <ref>http://www.steinheim-institut.de/cgi-bin/epidat?id=hha-1435</ref>
      </p>
     </licence>
    </availability>
   </publicationStmt>
    <notesStmt>
    <note/>
   </notesStmt>
   <sourceDesc>
    <bibl>born digital</bibl>
     <msDesc>
     <msIdentifier/>
     <physDesc>
      <objectDesc>
       <supportDesc>
        <support>
         <p>
          <material>Stein</material>
         </p>
        </support>
        <condition>
         <p>
          <date>2006</date>
           Sockel in situ, Mittelteil non in situ, liegend, oberer fehlt Beschädigung schwer 
          <damage agent='Verwitterung'>Verwitterung leicht</damage>
         </p>
        </condition>
       </supportDesc>
        <layoutDesc>
        <layout/>
       </layoutDesc>
      </objectDesc>
      <handDesc>
       <handNote>Schrift vertieft</handNote>
      </handDesc>
     </physDesc>
     <history>
      <origin>
       <date notBefore='1709-05-12'>1709-05-12</date>
       <country type="ISO_3166" key="XA-DE-HH">
        Germany
        <region>Hamburg</region>
       </country>
       <settlement type='city' key='tgn:7012310'>
        Hamburg-Altona, Königstraße 
        <geogName>
         Jüdischer Friedhof
         <geo decls="#WGS">53.549373 9.950545</geo>
         <location>
          <geo decls='Planquadrat'>EM</geo>
         </location>
         <location>
          <geo decls='Feld Grabnummer'>S 1333</geo>
         </location>
        </geogName>
       </settlement>
      </origin>
     </history>
    </msDesc>
   </sourceDesc>
  </fileDesc>
  <encodingDesc>
   <p>Encoded according to the EpiDoc Guidelines, Schema Version 8.18</p>
   <classDecl>
    <taxonomy>
     <category xml:id='foto1'>
      <catDesc>
       <persName ref='http://d-nb.info/gnd/128472499' role='photographer'>
        Bert Sommer, 
        <orgName ref="http://d-nb.info/gnd/212562-6">Steinheim-Institut</orgName>
       </persName>
      </catDesc>
     </category>
     <category xml:id='foto6'>
      <catDesc>Fundstücke, Dan Bondy</catDesc>
     </category>
     <category xml:id='foto5'>
      <catDesc>Denkmalpflegerische Massnahme</catDesc>
     </category>
     <category xml:id='foto4'>
      <catDesc>^# Denkmalschutzamt Hamburg</catDesc>
     </category>
     <category xml:id='foto3'>
      <catDesc>Eduard Duckesz Glasplatten ^# CAHJP Jerusalem, Glasplatten: HMB/2452, Inv 2326 · Digitalisat: CDB/5-7</catDesc>
     </category>
     <category xml:id='foto2'>
      <catDesc>Historische Aufnahmen [Mikrofilme] ^# Staatsarchiv Hamburg, Bestand 741-4 Fotoarchiv, Signatur P 2333</catDesc>
     </category>
     <category xml:id='foto7'>
      <catDesc>Aufgenommen in der Synagoge Innsbruck</catDesc>
     </category>
    </taxonomy>
   </classDecl>
   <geoDecl xml:id="WGS" datum="WGS84">World Geodetic System</geoDecl>
  </encodingDesc>
  <profileDesc>
   <particDesc>
    <listPerson>
     <person xml:id="hha-1435-1" sex='2'>
      <persName>Jutta bat Jirmijahu Fürst ∞ Natan Harburg</persName>
       <event when='1709-05-12' type="dateofdeath">
       <desc/>
      </event>
     </person>
    </listPerson>
   </particDesc>
    <langUsage>
    <!-- According to bcp47 http://tools.ietf.org/html/bcp47 (Language) and ISO15924 (writing System)-->
    <language ident='he' usage='100'>Hebrew</language>
   </langUsage>
  </profileDesc>
   <revisionDesc>
   <change/>
  </revisionDesc>
 </teiHeader>
 <facsimile>
  <graphic url='http://steinheim-institut.de/daten/picshha/xl/1435_EM_0110120137.jpg'>
    <desc>
    <ref target='#foto1'/>
    <date when='2001-10-12'/>
    recto
   </desc>
  </graphic>
  <graphic url='http://steinheim-institut.de/daten/picshha/xl/mf/04/00000146.jpg'>
    <desc>
    <ref target='#foto2'/>
   </desc>
  </graphic>
  <graphic url='http://steinheim-institut.de/daten/picshha/xl/1431_EN_0110050121.jpg'>
    <desc>
    <ref target='#foto1'/>
    <date when='2001-10-05'/>
    Fragment recto
   </desc>
  </graphic>
 </facsimile>
 <text>
  <body>
   <div type='edition'>
    <head>Edition</head>
     <ab>
     <lb n='1'/>
     ‎‏[‎‏ותאמר לאה זבדני זבד טוב]‏‎
‏‎     <lb n='2'/>
     ‎‏[‎‏פה]‏‎
‏‎     <lb n='3'/>
     ‎‏[‎‏ימצא אשת חי׳ נקי׳ ומאשרה]‏‎
‏‎     <lb n='4'/>
     ‎‏[‎‏וידה שלח׳ לאביון מהרה]‏‎
‏‎     <lb n='5'/>
     ‎‏[‎‏טובה בנשי׳ שאננ׳ וכשר׳]‏‎
‏‎     <lb n='6'/>
     ‎‏אלקי׳ ישי׳ חלק׳ עם אמנו‏‎
‏‎     <lb n='7'/>
     ‎‏שרה ה״ה האשה היקר׳‏‎
‏‎     <lb n='8'/>
     ‎‏מרת יוטא בת מהור״ר‏‎
‏‎     <lb n='9'/>
     ‎‏ירמי׳ פערשט ז״ל אש׳‏‎
‏‎     <lb n='10'/>
     ‎‏כמר נתן הארבורג‏‎
‏‎     <lb n='11'/>
     ‎‏ז״ל שהלכה לעולמ׳‏‎
‏‎     <lb n='12'/>
     ‎‏ביום א׳ ונקברת יום‏‎
‏‎     <lb n='13'/>
     ‎‏ב׳ ד׳ סיון תס״ט לפ״ק‏‎
‏‎     <lb n='14'/>
     ‎‏תנצב״ה‏‎
‏‎    </ab>
   </div>
   <div type='translation'>
    <head>Übersetzung</head>
     <ab>
     <lb n='1'/>
     ›Und Lea sprach: Er schenkte mir ein schönes Geschenk.‹
     <lb n='2'/>
     Hier
     <lb n='3'/>
     ›wirst du finden eine tüchtige Gattin‹, rein und glücklich,
     <lb n='4'/>
     und ›ihre Hand reichte sie geschwind dem Bedürftigen‹,
     <lb n='5'/>
     die Gute unter den Frauen, unbekümmert und tugendhaft,
     <lb n='6'/>
     Gott möge ihr ein Erbteil geben mit unserer Erzmutter
     <lb n='7'/>
     Sara, es ist die teure Frau,
     <lb n='8'/>
     Frau Jutta, Tochter unseres Lehrers, des Meisters, Herrn
     <lb n='9'/>
     Jirmijahu Fürst, sein Andenken zum Segen, Gattin
     <lb n='10'/>
     des geehrten Herrn Natan Harburg,
     <lb n='11'/>
     sein Andenken zum Segen, ›welche hinging in ihre Welt‹
     <lb n='12'/>
     am Tag 1 und begraben wurde Tag
     <lb n='13'/>
     2, 4. Sivan 469 der kleinen Zählung.
     <lb n='14'/>
     Ihre Seele sei eingebunden in das Bündel des Lebens
    </ab>
   </div>
   <div type="commentary" subtype="Zitate">
    <head>Zitate</head>
    <p>Zl 1: Nach Gen 30,20</p>
    <p>Zl 3: Spr 31,10</p>
    <p>Zl 4: Spr 31,20</p>
    <p>Zl 11: Vgl. Koh 12,5</p>
   </div>
   <div type='commentary' subtype='Stilmittel'>
    <head>Stilmittel</head>
    <p>
     <label>Reim</label>
      auf -ra in Zln 2.4, 6 (den Namen einschließend).
    </p>
    <p>
     <label>Akrostichon</label>
      in Zeilen 3-6: ‎‏יוטא‏‎ Jutta
    </p>
   </div>
   <div type="commentary" subtype="Zeilenkommentar">
    <head>Zeilenkommentar</head>
    <p>Zl 1: Bogenförmig im Giebel.</p>
   </div>
   <div type="commentary" subtype="Endkommentar">
    <head>Endkommentar</head>
    <p>Die histor. Aufnahme zeigt das Grabmal noch in situ und unbeschädigt.</p>
   </div>
   <div type="commentary" subtype="Prosopographie">
    <head>Prosopographie</head>
   </div>
   <div type="bibliography">
    <head>Bibliographie</head>
    <p>to be done ...</p>
   </div>
  </body>
 </text>
</TEI>
