﻿<?xml version="1.0" encoding="UTF-8"?>
<?xml-model href="http://www.stoa.org/epidoc/schema/8.18/tei-epidoc.rng" schematypens="http://relaxng.org/ns/structure/1.0"?>
<TEI xmlns:xi="http://www.w3.org/2001/XInclude" xmlns:svg="http://www.w3.org/2000/svg" xmlns:math="http://www.w3.org/1998/Math/MathML" xmlns="http://www.tei-c.org/ns/1.0">
 <teiHeader>
  <fileDesc>
   <titleStmt>
    <title xml:lang='de'>Grabmal für Schönche Sara bat Ber Hanau, gest. 1787-04-03, Jüdischer Friedhof Hamburg-Altona, Königstraße</title>
    <respStmt xml:lang="de">
     <resp>herausgegeben vom</resp>
     <orgName ref="http://d-nb.info/gnd/212562-6">
      Salomon Ludwig Steinheim-Institut
      <address>
       <addrLine>Edmund-Körner-Platz 2</addrLine>
       <addrLine>D-45127 Essen</addrLine>
      </address>
     </orgName>
    </respStmt>
   </titleStmt>
    <editionStmt>
    <edition/>
   </editionStmt>
   <extent/>
   <publicationStmt>
    <publisher>
     <orgName ref="http://d-nb.info/gnd/212562-6">
      Salomon Ludwig Steinheim-Institut 
      <address>
       <addrLine>Edmund-Körner-Platz 2</addrLine>
       <addrLine>D-45127 Essen</addrLine>
      </address>
     </orgName>
    </publisher>
    <idno>hha-151</idno>
    <idno type="url">http://www.steinheim-institut.de/cgi-bin/epidat?id=hha-151</idno>
    <availability xml:lang="en" status="free">
     <licence>
      <ref target="http://creativecommons.org/licenses/by/4.0/">Distributed under a Creative Commons licence Attribution-BY 4.0</ref>
      <p>
       All reuse or distribution of this work must contain somewhere a link back to the URL 
       <ref>http://www.steinheim-institut.de/cgi-bin/epidat?id=hha-151</ref>
      </p>
     </licence>
    </availability>
   </publicationStmt>
    <notesStmt>
    <note/>
   </notesStmt>
   <sourceDesc>
    <bibl>born digital</bibl>
     <msDesc>
     <msIdentifier/>
     <physDesc>
      <objectDesc>
       <supportDesc>
        <support>
         <p>
          <material>Stein</material>
         </p>
        </support>
        <condition>
         <p>
          <date>2006</date>
           non in situ
         </p>
        </condition>
       </supportDesc>
        <layoutDesc>
        <layout/>
       </layoutDesc>
      </objectDesc>
      <handDesc>
       <handNote>Schrift erhaben</handNote>
      </handDesc>
     </physDesc>
     <history>
      <origin>
       <date notBefore='1787-04-03'>1787-04-03</date>
       <country type="ISO_3166" key="XA-DE-HH">
        Germany
        <region>Hamburg</region>
       </country>
       <settlement type='city' key='tgn:7012310'>
        Hamburg-Altona, Königstraße 
        <geogName>
         Jüdischer Friedhof
         <geo decls="#WGS">53.549373 9.950545</geo>
         <location>
          <geo decls='Planquadrat'>AH</geo>
         </location>
         <location>
          <geo decls='Feld Grabnummer'>O 2222</geo>
         </location>
        </geogName>
       </settlement>
      </origin>
     </history>
    </msDesc>
   </sourceDesc>
  </fileDesc>
  <encodingDesc>
   <p>Encoded according to the EpiDoc Guidelines, Schema Version 8.18</p>
   <classDecl>
    <taxonomy>
     <category xml:id='foto1'>
      <catDesc>
       <persName ref='http://d-nb.info/gnd/128472499' role='photographer'>
        Bert Sommer, 
        <orgName ref="http://d-nb.info/gnd/212562-6">Steinheim-Institut</orgName>
       </persName>
      </catDesc>
     </category>
     <category xml:id='foto6'>
      <catDesc>Fundstücke, Dan Bondy</catDesc>
     </category>
     <category xml:id='foto5'>
      <catDesc>Denkmalpflegerische Massnahme</catDesc>
     </category>
     <category xml:id='foto4'>
      <catDesc>^# Denkmalschutzamt Hamburg</catDesc>
     </category>
     <category xml:id='foto3'>
      <catDesc>Eduard Duckesz Glasplatten ^# CAHJP Jerusalem, Glasplatten: HMB/2452, Inv 2326 · Digitalisat: CDB/5-7</catDesc>
     </category>
     <category xml:id='foto2'>
      <catDesc>Historische Aufnahmen [Mikrofilme] ^# Staatsarchiv Hamburg, Bestand 741-4 Fotoarchiv, Signatur P 2333</catDesc>
     </category>
     <category xml:id='foto7'>
      <catDesc>Aufgenommen in der Synagoge Innsbruck</catDesc>
     </category>
    </taxonomy>
   </classDecl>
   <geoDecl xml:id="WGS" datum="WGS84">World Geodetic System</geoDecl>
  </encodingDesc>
  <profileDesc>
   <particDesc>
    <listPerson>
     <person xml:id="hha-151-1" sex='2'>
      <persName>Schönche Sara bat Ber Hanau</persName>
       <event when='1787-04-03' type="dateofdeath">
       <desc/>
      </event>
     </person>
    </listPerson>
   </particDesc>
    <langUsage>
    <!-- According to bcp47 http://tools.ietf.org/html/bcp47 (Language) and ISO15924 (writing System)-->
    <language ident='he' usage='100'>Hebrew</language>
   </langUsage>
  </profileDesc>
   <revisionDesc>
   <change/>
  </revisionDesc>
 </teiHeader>
 <facsimile>
  <graphic url='http://steinheim-institut.de/daten/picshha/xl/0151_AH_0105020304.jpg'>
    <desc>
    <ref target='#foto1'/>
    <date when='2001-05-02'/>
    recto
   </desc>
  </graphic>
  <graphic url='http://steinheim-institut.de/daten/picshha/xl/mf/04/00000445.jpg'>
    <desc>
    <ref target='#foto2'/>
   </desc>
  </graphic>
 </facsimile>
 <text>
  <body>
   <div type='edition'>
    <head>Edition</head>
     <ab>
     <lb n='1'/>
     ‎‏פ״ט‏‎
‏‎     <lb n='2'/>
     ‎‏כלה נאה וחסוד׳ ביו׳ א׳ ש״פ‏‎
‏‎     <lb n='3'/>
     ‎‏לא פסח שיצאה נשמתה‏‎
‏‎     <lb n='4'/>
     ‎‏בטהר׳ מאפיל׳ לאור׳? הי? לקח‏‎
‏‎     <lb n='5'/>
     ‎‏אות׳ ואיננה לא בעונה רוח‏‎
‏‎     <lb n='6'/>
     ‎‏המקו׳ נוח׳ המנה ׃ בתולה‏‎
‏‎     <lb n='7'/>
     ‎‏שיניכה שרה בת ר׳ בער הענה‏‎
‏‎     <lb n='8'/>
     ‎‏לעה״ב תהי׳ שכרה נ׳ ונקבר׳‏‎
‏‎     <lb n='9'/>
     ‎‏א׳ ש״פ תקמ״ז לפ״ק תנצב״ה‏‎
‏‎    </ab>
   </div>
   <div type='translation'>
    <head>Übersetzung</head>
     <ab>
     <lb n='1'/>
     Hier ist geborgen
     <lb n='2'/>
     ›eine Braut, lieblich und anmutsvoll‹, am 1. Tag von Pessach,
     <lb n='3'/>
     nicht ging ER vorüber, denn ihre Seele ging hinaus
     <lb n='4'/>
     in Reinheit, aus Finsternis ins Lichte nahm sie der Ewige
     <lb n='5'/>
     und sie war nicht mehr, nicht in ihrer Zeit, dem
     <lb n='6'/>
     Allgegenwärtigen war sie angenehm, die Jungfrau
     <lb n='7'/>
     Schönche Sara, Tochter des Herrn Ber Hanau,
     <lb n='8'/>
     die künftige Welt möge ihr Lohn sein, verschieden und begraben
     <lb n='9'/>
     1. Tag von Pessach 547 der kleinen Zählung. Ihre Seele sei eingebunden in das Bündel des Lebens
    </ab>
   </div>
   <div type="commentary" subtype="Zitate">
    <head>Zitate</head>
    <p>Zl 2: bKet 17a</p>
   </div>
   <div type='commentary' subtype='Stilmittel'>
    <head>Stilmittel</head>
    <p>
     <label>Reim</label>
      auf -rah in Zln 4 und 7/8 (den Vornamen Sara einschließend) und auf -nah in Zln 5-7 (den Zunamen hena / Hanau einschließend).
    </p>
   </div>
   <div type="commentary" subtype="Zeilenkommentar">
    <head>Zeilenkommentar</head>
    <p>Zln 2b/3a: Siehe Ex 12, insbesondere 12,27, mit der Erklärung dass das Fest den Namen Pessach erhielt, weil der Ewige an den Häusern der Kinder Israels vorüberging (‎‏פאססאצה‏‎), sie verschonte, als er alle Erstgeborenen in Ägypten schlug. Hier verschonte der Ewige am 1. Tag von Pessach Schönche und ihre Eltern nicht. Die Anspielung auf die Ereignisse in Ägypten, die sich hier allerdings "verkehrten" mag darüberhinaus auch ein Hinweis darauf sein, dass Schönche die Erstgeborene war.</p>
    <p>Zln 3b/4a: bSan 68a.</p>
    <p>Zl 4b: BerR 3,5; bei der Erschaffung der Welt kommt "Licht" fünfmal vor, u.a. weil Gott die Kinder Israels "aus Finsternis ins Licht" führte, womit der "Auszug aus Ägypten" gemeint ist, eine weitere Anspielung auf den Todestag an Pessach.</p>
    <p>Zln 4c/5a: Gen 5,24, von Henoch gesagt, dessen Tod nach Raschi und Ibn Esra deshalb so umschrieben wurde, weil er "vor seiner Zeit" erfolgte, wie auch der Tod von Schönche hanau.</p>
    <p>Zln 5b/6a: Av 3,10; die zweite Hälfte des Verses, der vollständig lautet: "Wer den Menschen angenehm ist, der ist auch Gott angenehm". Der Verzicht auf den ersten Teil mag auf Platzgründe zurückgehen oder auf die verbreitete Kenntnis der Sprüche der Väter, die ein vollständiges Zitat überflüssig machte.</p>
    <p>Zl 7: ‎‏הענה‏‎, häufiger ‎‏הענא‏‎ (etwa hena) ist eine übliche hebräische Schreibweise für Hanau.</p>
    <p>Zl 8: TanB lech lecha, 4.</p>
   </div>
   <div type="commentary" subtype="Prosopographie">
    <head>Prosopographie</head>
   </div>
   <div type="bibliography">
    <head>Bibliographie</head>
    <p>to be done ...</p>
   </div>
  </body>
 </text>
</TEI>
