﻿<?xml version="1.0" encoding="UTF-8"?>
<?xml-model href="http://www.stoa.org/epidoc/schema/8.18/tei-epidoc.rng" schematypens="http://relaxng.org/ns/structure/1.0"?>
<TEI xmlns:xi="http://www.w3.org/2001/XInclude" xmlns:svg="http://www.w3.org/2000/svg" xmlns:math="http://www.w3.org/1998/Math/MathML" xmlns="http://www.tei-c.org/ns/1.0">
 <teiHeader>
  <fileDesc>
   <titleStmt>
    <title xml:lang='de'>Grabmal für Mirjam bat Asriel ∞ Seligman Levi, gest. 1702-02-21, Jüdischer Friedhof Hamburg-Altona, Königstraße</title>
    <respStmt xml:lang="de">
     <resp>herausgegeben vom</resp>
     <orgName ref="http://d-nb.info/gnd/212562-6">
      Salomon Ludwig Steinheim-Institut
      <address>
       <addrLine>Edmund-Körner-Platz 2</addrLine>
       <addrLine>D-45127 Essen</addrLine>
      </address>
     </orgName>
    </respStmt>
   </titleStmt>
    <editionStmt>
    <edition/>
   </editionStmt>
   <extent/>
   <publicationStmt>
    <publisher>
     <orgName ref="http://d-nb.info/gnd/212562-6">
      Salomon Ludwig Steinheim-Institut 
      <address>
       <addrLine>Edmund-Körner-Platz 2</addrLine>
       <addrLine>D-45127 Essen</addrLine>
      </address>
     </orgName>
    </publisher>
    <idno>hha-1369</idno>
    <idno type="url">http://www.steinheim-institut.de/cgi-bin/epidat?id=hha-1369</idno>
    <availability xml:lang="en" status="free">
     <licence>
      <ref target="http://creativecommons.org/licenses/by/4.0/">Distributed under a Creative Commons licence Attribution-BY 4.0</ref>
      <p>
       All reuse or distribution of this work must contain somewhere a link back to the URL 
       <ref>http://www.steinheim-institut.de/cgi-bin/epidat?id=hha-1369</ref>
      </p>
     </licence>
    </availability>
   </publicationStmt>
    <notesStmt>
    <note/>
   </notesStmt>
   <sourceDesc>
    <bibl>born digital</bibl>
     <msDesc>
     <msIdentifier/>
     <physDesc>
      <objectDesc>
       <supportDesc>
        <support>
         <p>
          <material>Stein</material>
         </p>
        </support>
        <condition>
         <p>
          <date>2006</date>
           non in situ Beschädigung schwer
         </p>
        </condition>
       </supportDesc>
        <layoutDesc>
        <layout/>
       </layoutDesc>
      </objectDesc>
      <handDesc>
       <handNote>Schrift vertieft</handNote>
      </handDesc>
      <decoDesc>
       <decoNote type='ornament'>floral: Palmetten; gestalterisch</decoNote>
      </decoDesc>
     </physDesc>
     <history>
      <origin>
       <date notBefore='1702-02-21'>1702-02-21</date>
       <country type="ISO_3166" key="XA-DE-HH">
        Germany
        <region>Hamburg</region>
       </country>
       <settlement type='city' key='tgn:7012310'>
        Hamburg-Altona, Königstraße 
        <geogName>
         Jüdischer Friedhof
         <geo decls="#WGS">53.549373 9.950545</geo>
         <location>
          <geo decls='Planquadrat'>EM</geo>
         </location>
         <location>
          <geo decls='Feld Grabnummer'>S 1238</geo>
         </location>
        </geogName>
       </settlement>
      </origin>
     </history>
    </msDesc>
   </sourceDesc>
  </fileDesc>
  <encodingDesc>
   <p>Encoded according to the EpiDoc Guidelines, Schema Version 8.18</p>
   <classDecl>
    <taxonomy>
     <category xml:id='foto1'>
      <catDesc>
       <persName ref='http://d-nb.info/gnd/128472499' role='photographer'>
        Bert Sommer, 
        <orgName ref="http://d-nb.info/gnd/212562-6">Steinheim-Institut</orgName>
       </persName>
      </catDesc>
     </category>
     <category xml:id='foto6'>
      <catDesc>Fundstücke, Dan Bondy</catDesc>
     </category>
     <category xml:id='foto5'>
      <catDesc>Denkmalpflegerische Massnahme</catDesc>
     </category>
     <category xml:id='foto4'>
      <catDesc>^# Denkmalschutzamt Hamburg</catDesc>
     </category>
     <category xml:id='foto3'>
      <catDesc>Eduard Duckesz Glasplatten ^# CAHJP Jerusalem, Glasplatten: HMB/2452, Inv 2326 · Digitalisat: CDB/5-7</catDesc>
     </category>
     <category xml:id='foto2'>
      <catDesc>Historische Aufnahmen [Mikrofilme] ^# Staatsarchiv Hamburg, Bestand 741-4 Fotoarchiv, Signatur P 2333</catDesc>
     </category>
     <category xml:id='foto7'>
      <catDesc>Aufgenommen in der Synagoge Innsbruck</catDesc>
     </category>
    </taxonomy>
   </classDecl>
   <geoDecl xml:id="WGS" datum="WGS84">World Geodetic System</geoDecl>
  </encodingDesc>
  <profileDesc>
   <particDesc>
    <listPerson>
     <person xml:id="hha-1369-1" sex='2'>
      <persName>Mirjam bat Asriel ∞ Seligman Levi</persName>
       <event when='1702-02-21' type="dateofdeath">
       <desc/>
      </event>
     </person>
    </listPerson>
   </particDesc>
    <langUsage>
    <!-- According to bcp47 http://tools.ietf.org/html/bcp47 (Language) and ISO15924 (writing System)-->
    <language ident='he' usage='100'>Hebrew</language>
   </langUsage>
  </profileDesc>
   <revisionDesc>
   <change/>
  </revisionDesc>
 </teiHeader>
 <facsimile>
  <graphic url='http://steinheim-institut.de/daten/picshha/xl/1369xEM_0110120135.jpg'>
    <desc>
    <ref target='#foto1'/>
    <date when='2001-10-12'/>
    schriftlos
   </desc>
  </graphic>
  <graphic url='http://steinheim-institut.de/daten/picshha/xl/mf/04/00000113.jpg'>
    <desc>
    <ref target='#foto2'/>
   </desc>
  </graphic>
  <graphic url='http://steinheim-institut.de/daten/picshha/xl/mf/15/00000103.jpg'>
    <desc>
    <ref target='#foto2'/>
   </desc>
  </graphic>
  <graphic url='http://steinheim-institut.de/daten/picshha/xl/1306_EL_0110070337.jpg'>
    <desc>
    <ref target='#foto1'/>
    <date when='2001-10-07'/>
    Fragment recto
   </desc>
  </graphic>
 </facsimile>
 <text>
  <body>
   <div type='edition'>
    <head>Edition</head>
     <ab>
     <lb n='1'/>
     ‎‏פ״נ‏‎
‏‎     <lb n='2'/>
     ‎‏עטרת בעלה‏‎
‏‎     <lb n='3'/>
     ‎‏מצא טוב כמאמר אתיאל ׃‏‎
‏‎     <lb n='4'/>
     ‎‏רש החזיקה ומקבציאל ׃‏‎
‏‎     <lb n='5'/>
     ‎‏ישבה על משבר ידה לאל ׃‏‎
‏‎     <lb n='6'/>
     ‎‏מתה שבקת חיי׳ לכל ישראל ׃‏‎
‏‎     <lb n='7'/>
     ‎‏ה׳ מרים בת הר״ר עזריאל ׃‏‎
‏‎     <lb n='8'/>
     ‎‏יצ״ו אשת כ׳ זעליגמן לוי‏‎
‏‎     <lb n='9'/>
     ‎‏ש״נ נפטרה ונקברה יום‏‎
‏‎     <lb n='10'/>
     ‎‏[‎‏ד׳ ג׳ שבט שנת ת]ס״ב לפ״ק‏‎
‏‎     <lb n='11'/>
     ‎‏[‎‏תנצב״ה]‏‎
‏‎    </ab>
   </div>
   <div type='translation'>
    <head>Übersetzung</head>
     <ab>
     <lb n='1'/>
     Hier ist begraben
     <lb n='2'/>
     ›die Krone ihres Gatten‹
     <lb n='3'/>
     ›der Gutes an ihr fand,‹, wie in der Rede des Itiel,
     <lb n='4'/>
     sie stützte den Elenden und die, ›die sich zu Gott versammeln,‹
     <lb n='5'/>
     sie saß auf dem Gebärstuhl, zu Gott ihre Hand (gerichtet),
     <lb n='6'/>
     sie starb und ›ließ Leben wie ganz Israel‹,
     <lb n='7'/>
     es ist Mirjam, Tochter des Meisters, Herrn Asriel,
     <lb n='8'/>
     sein Fels und Erlöser behüte ihn, Gattin des geehrten Seligman Levi,
     <lb n='9'/>
     er möge ewig leben, verschieden und begraben Tag
     <lb n='10'/>
     4, 3. Schwat des Jahres 462 der kleinen Zählung.
     <lb n='11'/>
     Ihre Seele sei eingebunden in das Bündel des Lebens
    </ab>
   </div>
   <div type="commentary" subtype="Zitate">
    <head>Zitate</head>
    <p>Zl 2: Spr 12,4</p>
    <p>Zl 3: Spr 18,22</p>
    <p>Zl 4: 2 Sam 23,20</p>
    <p>Zl 6: nach bBer 61b</p>
   </div>
   <div type='commentary' subtype='Stilmittel'>
    <head>Stilmittel</head>
    <p>
     <label>Reim</label>
      auf -el in Zln 3-7 (den Vatersnamen einschließend).
    </p>
    <p>
     <label>Akrostichon</label>
      in Zeilen 3-6: ‎‏מרים‏‎ Mirjam
    </p>
   </div>
   <div type="commentary" subtype="Zeilenkommentar">
    <head>Zeilenkommentar</head>
    <p>Zl 3: Itiel ist einer der weisen Männer, die am Anfang des Kapitels genannt sind und vermutlich Zeitgenossen des Königs Salomo waren. Itiel bedeutet Gott ist mit mir.</p>
    <p>Zl 4: Siehe auch die Auslegung des Wortes ‎‏קבציאל‏‎ in bBer 18b, wonach derjenige ein tatenreicher aus Kabzeel genannt wird, der Tatkräfte für die Tora mehrte und sammelte.</p>
    <p>Zl 5: ‎‏משבר‏‎, talmudisch: Gebärstuhl, z.B. bAr 7a; mit ‎‏ידה לאל‏‎, die Hände zu Gott (richten), ist womöglich nicht nur die um Hilfe bittende Geste gemeint, sondern auch eine Antwort darauf. Wird nämlich die Reihenfolge der Worte umgedreht, bedeutet ‎‏לאל ידה/ידו‏‎ (‎‏יש/אין‏‎), es steht/steht nicht in meiner/seiner/ihrer Macht dies zu ändern, und bezieht sich auf Gen 31,29 bzw. Dtn 31,29.</p>
   </div>
   <div type="commentary" subtype="Endkommentar">
    <head>Endkommentar</head>
    <p>Die histor. Aufnahme zeigt das Grabmal in situ und unbeschädigt.</p>
   </div>
   <div type="commentary" subtype="Prosopographie">
    <head>Prosopographie</head>
   </div>
   <div type="bibliography">
    <head>Bibliographie</head>
    <p>to be done ...</p>
   </div>
  </body>
 </text>
</TEI>
