﻿<?xml version="1.0" encoding="UTF-8"?>
<?xml-model href="http://www.stoa.org/epidoc/schema/8.18/tei-epidoc.rng" schematypens="http://relaxng.org/ns/structure/1.0"?>
<TEI xmlns:xi="http://www.w3.org/2001/XInclude" xmlns:svg="http://www.w3.org/2000/svg" xmlns:math="http://www.w3.org/1998/Math/MathML" xmlns="http://www.tei-c.org/ns/1.0">
 <teiHeader>
  <fileDesc>
   <titleStmt>
    <title xml:lang='de'>Grabmal für Mosche Elieser ben Juspa, gest. 1839-02-13, Jüdischer Friedhof Hamburg-Altona, Königstraße</title>
    <respStmt xml:lang="de">
     <resp>herausgegeben vom</resp>
     <orgName ref="http://d-nb.info/gnd/212562-6">
      Salomon Ludwig Steinheim-Institut
      <address>
       <addrLine>Edmund-Körner-Platz 2</addrLine>
       <addrLine>D-45127 Essen</addrLine>
      </address>
     </orgName>
    </respStmt>
   </titleStmt>
    <editionStmt>
    <edition/>
   </editionStmt>
   <extent/>
   <publicationStmt>
    <publisher>
     <orgName ref="http://d-nb.info/gnd/212562-6">
      Salomon Ludwig Steinheim-Institut 
      <address>
       <addrLine>Edmund-Körner-Platz 2</addrLine>
       <addrLine>D-45127 Essen</addrLine>
      </address>
     </orgName>
    </publisher>
    <idno>hha-1418</idno>
    <idno type="url">http://www.steinheim-institut.de/cgi-bin/epidat?id=hha-1418</idno>
    <availability xml:lang="en" status="free">
     <licence>
      <ref target="http://creativecommons.org/licenses/by/4.0/">Distributed under a Creative Commons licence Attribution-BY 4.0</ref>
      <p>
       All reuse or distribution of this work must contain somewhere a link back to the URL 
       <ref>http://www.steinheim-institut.de/cgi-bin/epidat?id=hha-1418</ref>
      </p>
     </licence>
    </availability>
   </publicationStmt>
    <notesStmt>
    <note/>
   </notesStmt>
   <sourceDesc>
    <bibl>born digital</bibl>
     <msDesc>
     <msIdentifier/>
     <physDesc>
      <objectDesc>
       <supportDesc>
        <support>
         <p>
          <material>Stein</material>
         </p>
        </support>
        <condition>
         <p>
          <date>2006</date>
           non in situ, liegend Beschädigung schwer 
          <damage agent='Verwitterung'>Verwitterung stark</damage>
         </p>
        </condition>
       </supportDesc>
        <layoutDesc>
        <layout/>
       </layoutDesc>
      </objectDesc>
      <handDesc>
       <handNote>Schrift erhaben (VS; RS)</handNote>
      </handDesc>
      <decoDesc>
       <decoNote type='symbol'>Levitenkanne</decoNote>
       <decoNote type='symbol'>Hand aus Wolke</decoNote>
      </decoDesc>
     </physDesc>
     <history>
      <origin>
       <date notBefore='1839-02-13'>1839-02-13</date>
       <country type="ISO_3166" key="XA-DE-HH">
        Germany
        <region>Hamburg</region>
       </country>
       <settlement type='city' key='tgn:7012310'>
        Hamburg-Altona, Königstraße 
        <geogName>
         Jüdischer Friedhof
         <geo decls="#WGS">53.549373 9.950545</geo>
         <location>
          <geo decls='Planquadrat'>EN</geo>
         </location>
         <location>
          <geo decls='Feld Grabnummer'>S 1420</geo>
         </location>
        </geogName>
       </settlement>
      </origin>
     </history>
    </msDesc>
   </sourceDesc>
  </fileDesc>
  <encodingDesc>
   <p>Encoded according to the EpiDoc Guidelines, Schema Version 8.18</p>
   <classDecl>
    <taxonomy>
     <category xml:id='foto1'>
      <catDesc>
       <persName ref='http://d-nb.info/gnd/128472499' role='photographer'>
        Bert Sommer, 
        <orgName ref="http://d-nb.info/gnd/212562-6">Steinheim-Institut</orgName>
       </persName>
      </catDesc>
     </category>
     <category xml:id='foto6'>
      <catDesc>Fundstücke, Dan Bondy</catDesc>
     </category>
     <category xml:id='foto5'>
      <catDesc>Denkmalpflegerische Massnahme</catDesc>
     </category>
     <category xml:id='foto4'>
      <catDesc>^# Denkmalschutzamt Hamburg</catDesc>
     </category>
     <category xml:id='foto3'>
      <catDesc>Eduard Duckesz Glasplatten ^# CAHJP Jerusalem, Glasplatten: HMB/2452, Inv 2326 · Digitalisat: CDB/5-7</catDesc>
     </category>
     <category xml:id='foto2'>
      <catDesc>Historische Aufnahmen [Mikrofilme] ^# Staatsarchiv Hamburg, Bestand 741-4 Fotoarchiv, Signatur P 2333</catDesc>
     </category>
     <category xml:id='foto7'>
      <catDesc>Aufgenommen in der Synagoge Innsbruck</catDesc>
     </category>
    </taxonomy>
   </classDecl>
   <geoDecl xml:id="WGS" datum="WGS84">World Geodetic System</geoDecl>
  </encodingDesc>
  <profileDesc>
   <particDesc>
    <listPerson>
     <person xml:id="hha-1418-1" sex='1'>
      <persName>Mosche Elieser ben Juspa</persName>
       <event when='1839-02-13' type="dateofdeath">
       <desc/>
      </event>
     </person>
    </listPerson>
   </particDesc>
    <langUsage>
    <!-- According to bcp47 http://tools.ietf.org/html/bcp47 (Language) and ISO15924 (writing System)-->
    <language ident='he' usage='100'>Hebrew</language>
   </langUsage>
  </profileDesc>
   <revisionDesc>
   <change/>
  </revisionDesc>
 </teiHeader>
 <facsimile>
  <graphic url='http://steinheim-institut.de/daten/picshha/xl/1418_EN_0110050107.jpg'>
    <desc>
    <ref target='#foto1'/>
    <date when='2001-10-05'/>
    recto
   </desc>
  </graphic>
  <graphic url='http://steinheim-institut.de/daten/picshha/xl/1418_EN_0408240231.jpg'>
    <desc>
    <ref target='#foto1'/>
    <date when='2004-08-24'/>
    verso
   </desc>
  </graphic>
  <graphic url='http://steinheim-institut.de/daten/picshha/xl/1418xEN_0110160120.jpg'>
    <desc>
    <ref target='#foto1'/>
    <date when='2001-10-16'/>
    schriftlos
   </desc>
  </graphic>
  <graphic url='http://steinheim-institut.de/daten/picshha/xl/mf/04/00000283.jpg'>
    <desc>
    <ref target='#foto2'/>
    recto
   </desc>
  </graphic>
  <graphic url='http://steinheim-institut.de/daten/picshha/xl/mf/04/00000284.jpg'>
    <desc>
    <ref target='#foto2'/>
    verso
   </desc>
  </graphic>
 </facsimile>
 <text>
  <body>
   <div type='edition'>
    <head>Edition</head>
    <div type='textpart' subtype='recto'>
      <ab>
      <lb n='1'/>
      ‎‏פ״ט‏‎
‏‎      <lb n='2'/>
      ‎‏משה אלי[עזר]‏‎
‏‎      <lb n='3'/>
      ‎‏בן המנו׳ פ״ו [... יוזפא ...]‏‎
‏‎      <lb n='4'/>
      ‎‏[‎‏שהי׳ גבאי דארץ יש(ראל)]‏‎
‏‎      <lb n='5'/>
      ‎‏נולד ט״ו סיון תקכ״ג?‏‎
‏‎      <lb n='6'/>
      ‎‏נפטר ליל ד׳ כ״ט שבט‏‎
‏‎      <lb n='7'/>
      ‎‏ונקבר יום ה׳ א׳ דר״ח אדר‏‎
‏‎      <lb n='8'/>
      ‎‏תקצ״ט לפ״ק‏‎
‏‎      <lb n='9'/>
      ‎‏[‎‏תנצב״ה]‏‎
‏‎     </ab>
    </div>
    <div type='textpart' subtype='verso'>
      <ab>
      <lb n='10'/>
      ‎‏ר׳ ליזר האללאנדער‏‎
‏‎     </ab>
    </div>
   </div>
   <div type='translation'>
    <head>Übersetzung</head>
    <div type='textpart' subtype='recto'>
      <ab>
      <lb n='1'/>
      Hier ist geborgen
      <lb n='2'/>
      Mosche Elieser
      <lb n='3'/>
      Sohn des Seligen, des Vorstehers und Leiters, ... Juspa ...,
      <lb n='4'/>
      der Almosensammler für Eretz Israel war,
      <lb n='5'/>
      geboren 15. Sivan 523?,
      <lb n='6'/>
      verschieden in der Nacht 4, 29. Schwat,
      <lb n='7'/>
      und begraben Tag 5, 1. Neumondstag Adar
      <lb n='8'/>
      599 der kleinen Zählung.
      <lb n='9'/>
      Seine Seele sei eingebunden in das Bündel des Lebens
     </ab>
    </div>
    <div type='textpart' subtype='verso'>
      <ab>
      <lb n='10'/>
      Herr Leser Holländer
     </ab>
    </div>
   </div>
   <div type="commentary" subtype="Zeilenkommentar">
    <head>Zeilenkommentar</head>
    <p>Zl 3: Laut Grabbuch und sha lautete der Vatersnamen Josef bzw. Juspa.</p>
    <p>Zl 4: Gemeint sind die Verantwortlichen für das sammeln und Weitergabe der Spenden an die wenigen armen Juden im heiligen Lande.</p>
    <p>Zl 5: Die Lesung des Geburtsjahres ist nicht ganz sicher.</p>
   </div>
   <div type="commentary" subtype="Endkommentar">
    <head>Endkommentar</head>
    <p>Die histor. Aufnahme zeigt das Grabmal noch in situ, doch bereits stark verwittert.</p>
   </div>
   <div type="commentary" subtype="Prosopographie">
    <head>Prosopographie</head>
   </div>
   <div type="bibliography">
    <head>Bibliographie</head>
    <p>to be done ...</p>
   </div>
  </body>
 </text>
</TEI>
