﻿<?xml version="1.0" encoding="UTF-8"?>
<?xml-model href="http://www.stoa.org/epidoc/schema/8.18/tei-epidoc.rng" schematypens="http://relaxng.org/ns/structure/1.0"?>
<TEI xmlns:xi="http://www.w3.org/2001/XInclude" xmlns:svg="http://www.w3.org/2000/svg" xmlns:math="http://www.w3.org/1998/Math/MathML" xmlns="http://www.tei-c.org/ns/1.0">
 <teiHeader>
  <fileDesc>
   <titleStmt>
    <title xml:lang='de'>Grabmal für Jehuda Seligman ben Jissachar Ber Kohen, gest. 1741-02-02, Jüdischer Friedhof Hamburg-Altona, Königstraße</title>
    <respStmt xml:lang="de">
     <resp>herausgegeben vom</resp>
     <orgName ref="http://d-nb.info/gnd/212562-6">
      Salomon Ludwig Steinheim-Institut
      <address>
       <addrLine>Edmund-Körner-Platz 2</addrLine>
       <addrLine>D-45127 Essen</addrLine>
      </address>
     </orgName>
    </respStmt>
   </titleStmt>
    <editionStmt>
    <edition/>
   </editionStmt>
   <extent/>
   <publicationStmt>
    <publisher>
     <orgName ref="http://d-nb.info/gnd/212562-6">
      Salomon Ludwig Steinheim-Institut 
      <address>
       <addrLine>Edmund-Körner-Platz 2</addrLine>
       <addrLine>D-45127 Essen</addrLine>
      </address>
     </orgName>
    </publisher>
    <idno>hha-1231</idno>
    <idno type="url">http://www.steinheim-institut.de/cgi-bin/epidat?id=hha-1231</idno>
    <availability xml:lang="en" status="free">
     <licence>
      <ref target="http://creativecommons.org/licenses/by/4.0/">Distributed under a Creative Commons licence Attribution-BY 4.0</ref>
      <p>
       All reuse or distribution of this work must contain somewhere a link back to the URL 
       <ref>http://www.steinheim-institut.de/cgi-bin/epidat?id=hha-1231</ref>
      </p>
     </licence>
    </availability>
   </publicationStmt>
    <notesStmt>
    <note/>
   </notesStmt>
   <sourceDesc>
    <bibl>born digital</bibl>
     <msDesc>
     <msIdentifier/>
     <physDesc>
      <objectDesc>
       <supportDesc>
        <support>
         <p>
          <material>Stein</material>
         </p>
        </support>
        <condition>
         <p>
          <date>2006</date>
           non in situ, zerbrochen und liegend Beschädigung schwer 
          <damage agent='Verwitterung'>Verwitterung leicht</damage>
         </p>
         <p>
          <date>2012</date>
           Während der Restauration sind weitere Fragmente sowie der Sockel am Originalstandort gefunden
         </p>
        </condition>
       </supportDesc>
        <layoutDesc>
        <layout/>
       </layoutDesc>
      </objectDesc>
      <handDesc>
       <handNote>Schrift erhaben</handNote>
      </handDesc>
      <decoDesc>
       <decoNote type='symbol'>Segnende Hände</decoNote>
       <decoNote type='symbol'>Krone</decoNote>
       <decoNote type='symbol'>Namenssymbol: Löwen</decoNote>
      </decoDesc>
     </physDesc>
     <history>
      <origin>
       <date notBefore='1741-02-02'>1741-02-02</date>
       <country type="ISO_3166" key="XA-DE-HH">
        Germany
        <region>Hamburg</region>
       </country>
       <settlement type='city' key='tgn:7012310'>
        Hamburg-Altona, Königstraße 
        <geogName>
         Jüdischer Friedhof
         <geo decls="#WGS">53.549373 9.950545</geo>
         <location>
          <geo decls='Planquadrat'>EK</geo>
         </location>
         <location>
          <geo decls='Feld Grabnummer'>CII 400</geo>
         </location>
        </geogName>
       </settlement>
      </origin>
     </history>
    </msDesc>
   </sourceDesc>
  </fileDesc>
  <encodingDesc>
   <p>Encoded according to the EpiDoc Guidelines, Schema Version 8.18</p>
   <classDecl>
    <taxonomy>
     <category xml:id='foto1'>
      <catDesc>
       <persName ref='http://d-nb.info/gnd/128472499' role='photographer'>
        Bert Sommer, 
        <orgName ref="http://d-nb.info/gnd/212562-6">Steinheim-Institut</orgName>
       </persName>
      </catDesc>
     </category>
     <category xml:id='foto6'>
      <catDesc>Fundstücke, Dan Bondy</catDesc>
     </category>
     <category xml:id='foto5'>
      <catDesc>Denkmalpflegerische Massnahme</catDesc>
     </category>
     <category xml:id='foto4'>
      <catDesc>^# Denkmalschutzamt Hamburg</catDesc>
     </category>
     <category xml:id='foto3'>
      <catDesc>Eduard Duckesz Glasplatten ^# CAHJP Jerusalem, Glasplatten: HMB/2452, Inv 2326 · Digitalisat: CDB/5-7</catDesc>
     </category>
     <category xml:id='foto2'>
      <catDesc>Historische Aufnahmen [Mikrofilme] ^# Staatsarchiv Hamburg, Bestand 741-4 Fotoarchiv, Signatur P 2333</catDesc>
     </category>
     <category xml:id='foto7'>
      <catDesc>Aufgenommen in der Synagoge Innsbruck</catDesc>
     </category>
    </taxonomy>
   </classDecl>
   <geoDecl xml:id="WGS" datum="WGS84">World Geodetic System</geoDecl>
  </encodingDesc>
  <profileDesc>
   <particDesc>
    <listPerson>
     <person xml:id="hha-1231-1" sex='1'>
      <persName>Jehuda Seligman ben Jissachar Ber Kohen</persName>
       <event when='1741-02-02' type="dateofdeath">
       <desc/>
      </event>
     </person>
    </listPerson>
   </particDesc>
    <langUsage>
    <!-- According to bcp47 http://tools.ietf.org/html/bcp47 (Language) and ISO15924 (writing System)-->
    <language ident='he' usage='100'>Hebrew</language>
   </langUsage>
  </profileDesc>
   <revisionDesc>
   <change/>
  </revisionDesc>
 </teiHeader>
 <facsimile>
  <graphic url='http://steinheim-institut.de/daten/picshha/xl/1231_EK_0309140228.jpg'>
    <desc>
    <ref target='#foto1'/>
    <date when='2003-09-14'/>
    recto
   </desc>
  </graphic>
  <graphic url='http://steinheim-institut.de/daten/picshha/xl/mf/01/00000456.jpg'>
    <desc>
    <ref target='#foto2'/>
   </desc>
  </graphic>
  <graphic url='http://steinheim-institut.de/daten/picshha/xl/mf/15/00000015.jpg'>
    <desc>
    <ref target='#foto2'/>
   </desc>
  </graphic>
 </facsimile>
 <text>
  <body>
   <div type='edition'>
    <head>Edition</head>
     <ab>
     <lb n='1'/>
     ‎‏ציון הלזה למזה‏‎
‏‎     <lb n='2'/>
     ‎‏בן מזה ׃ נכתר בשל מזה‏‎
‏‎     <lb n='3'/>
     ‎‏והרביעי על גביה ׃ הי חכם‏‎
‏‎     <lb n='4'/>
     ‎‏עדיף מחוזה ׃ ואי עניו כזה ‏‎
‏‎     <lb n='5'/>
     ‎‏גדר גדר מזה ׃ ועמד בפרץ ‏‎
‏‎     <lb n='6'/>
     ‎‏כאבי חוזה ׃ לגוים רבים יזה‏‎
‏‎     <lb n='7'/>
     ‎‏שם מחזה למול מחזה ה״ה‏‎
‏‎     <lb n='8'/>
     ‎‏האלוף המופלא הקצין ‏‎
‏‎     <lb n='9'/>
     ‎‏ושתדלין פאר הדור פ״ו‏‎
‏‎     <lb n='10'/>
     ‎‏המפורסם מהור״ר יהודא‏‎
‏‎     <lb n='11'/>
     ‎‏זעלגמן בן פ״ו המפורסם ‏‎
‏‎     <lb n='12'/>
     ‎‏מהור״ר יששכר בער כהן‏‎
‏‎     <lb n='13'/>
     ‎‏זצללה״ה נפטר ונקבר‏‎
‏‎     <lb n='14'/>
     ‎‏בשם טוב ביום ה ט״ז שבט‏‎
‏‎     <lb n='15'/>
     ‎‏תק״א לפ״ק תנצב״ה‏‎
‏‎    </ab>
   </div>
   <div type='translation'>
    <head>Übersetzung</head>
     <ab>
     <lb n='1'/>
     Dieses Zeichen ›einem Priester,
     <lb n='2'/>
     Sohn eines Priesters‹, gekrönt von dreien dieser (Kronen)
     <lb n='3'/>
     und die vierte (erhebt sich) über ihnen, er war ein Weiser,
     <lb n='4'/>
     der den Vorzug hat vor einem Propheten, ›wehe (über) diesen Demütigen‹,
     <lb n='5'/>
     ›er zog einen Zaun‹ ... und trat vor in die Bresche
     <lb n='6'/>
     wie der Vater der Propheten, ›viele Völker versetzte er in Erstaunen‹,
     <lb n='7'/>
     ..., es ist
     <lb n='8'/>
     der wunderbare Vornehme, der Einflussreiche
     <lb n='9'/>
     und Fürsprecher, Zierde der Generation, der weitbekannte Vorsteher
     <lb n='10'/>
     und Leiter, unser Lehrer, der Meister, Herr Jehuda
     <lb n='11'/>
     Seligman, Sohn des Vorstehers und Leiters, unseres weitbekannten
     <lb n='12'/>
     Lehrers, des Meisters, Herrn Jissachar Ber Kohen,
     <lb n='13'/>
     das Andenken des Gerechten sei zum Segen für das Leben der zukünftigen Welt, verschieden und ›begraben
     <lb n='14'/>
     mit gutem Namen‹ am Tag 5, 16. Schwat
     <lb n='15'/>
     501 der kleinen Zählung. Seine Seele sei eingebunden in das Bündel des Lebens 
    </ab>
   </div>
   <div type="commentary" subtype="Zitate">
    <head>Zitate</head>
    <p>Zl 1f: bBer 28a</p>
    <p>Zl 4: Vgl. bBer 6a</p>
    <p>Zl 5: Vgl. bBB 53a, vgl. Ez 22,30</p>
    <p>Zl 6: Vgl. Jes 52,15</p>
    <p>Zl 13f: bBer 17a</p>
   </div>
   <div type='commentary' subtype='Stilmittel'>
    <head>Stilmittel</head>
    <p>
     <label>Reim</label>
      auf -se in Zln 1-7.
    </p>
   </div>
   <div type="commentary" subtype="Zeilenkommentar">
    <head>Zeilenkommentar</head>
    <p>Zln 1b-2a: In bBer 28a: "ein Sprengender, Sohn eines Sprengenden", d.h. eines Priesters, der im Tempel Wasser sprengt, und daher auch "Priester, Sohn eines Priesters".</p>
    <p>Zl 2b: Av 4,13 spricht von "Drei Kronen gibt es: die Krone der Tora, die Krone des Priestertums und die Krone des Königtums, die Krone des guten Namens aber erhebt sich über sie".</p>
    <p>Zl 6a: Siddur Aschkenas, Gesänge zum Schabbatausgang.</p>
   </div>
   <div type="commentary" subtype="Prosopographie">
    <head>Prosopographie</head>
   </div>
   <div type="bibliography">
    <head>Bibliographie</head>
    <p>to be done ...</p>
   </div>
  </body>
 </text>
</TEI>
