﻿<?xml version="1.0" encoding="UTF-8"?>
<?xml-model href="http://www.stoa.org/epidoc/schema/8.18/tei-epidoc.rng" schematypens="http://relaxng.org/ns/structure/1.0"?>
<TEI xmlns:xi="http://www.w3.org/2001/XInclude" xmlns:svg="http://www.w3.org/2000/svg" xmlns:math="http://www.w3.org/1998/Math/MathML" xmlns="http://www.tei-c.org/ns/1.0">
 <teiHeader>
  <fileDesc>
   <titleStmt>
    <title xml:lang='de'>Grabmal für Jetta bat Eisek Kugelmann ∞ Aharon ben Schmuel Mindheim, gest. 1860-12-27, Jüdischer Friedhof Hamburg-Altona, Königstraße</title>
    <respStmt xml:lang="de">
     <resp>herausgegeben vom</resp>
     <orgName ref="http://d-nb.info/gnd/212562-6">
      Salomon Ludwig Steinheim-Institut
      <address>
       <addrLine>Edmund-Körner-Platz 2</addrLine>
       <addrLine>D-45127 Essen</addrLine>
      </address>
     </orgName>
    </respStmt>
   </titleStmt>
    <editionStmt>
    <edition/>
   </editionStmt>
   <extent/>
   <publicationStmt>
    <publisher>
     <orgName ref="http://d-nb.info/gnd/212562-6">
      Salomon Ludwig Steinheim-Institut 
      <address>
       <addrLine>Edmund-Körner-Platz 2</addrLine>
       <addrLine>D-45127 Essen</addrLine>
      </address>
     </orgName>
    </publisher>
    <idno>hha-1186</idno>
    <idno type="url">http://www.steinheim-institut.de/cgi-bin/epidat?id=hha-1186</idno>
    <availability xml:lang="en" status="free">
     <licence>
      <ref target="http://creativecommons.org/licenses/by/4.0/">Distributed under a Creative Commons licence Attribution-BY 4.0</ref>
      <p>
       All reuse or distribution of this work must contain somewhere a link back to the URL 
       <ref>http://www.steinheim-institut.de/cgi-bin/epidat?id=hha-1186</ref>
      </p>
     </licence>
    </availability>
   </publicationStmt>
    <notesStmt>
    <note/>
   </notesStmt>
   <sourceDesc>
    <bibl>born digital</bibl>
     <msDesc>
     <msIdentifier/>
     <physDesc>
      <objectDesc>
       <supportDesc>
        <support>
         <p>
          <material>Stein</material>
         </p>
        </support>
        <condition>
         <p>
          <date>2006</date>
           non in situ Beschädigung schwer (drei Fragmente, liegend)
         </p>
        </condition>
       </supportDesc>
        <layoutDesc>
        <layout/>
       </layoutDesc>
      </objectDesc>
      <handDesc>
       <handNote>Schrift vertieft</handNote>
      </handDesc>
     </physDesc>
     <history>
      <origin>
       <date notBefore='1860-12-27'>1860-12-27</date>
       <country type="ISO_3166" key="XA-DE-HH">
        Germany
        <region>Hamburg</region>
       </country>
       <settlement type='city' key='tgn:7012310'>
        Hamburg-Altona, Königstraße 
        <geogName>
         Jüdischer Friedhof
         <geo decls="#WGS">53.549373 9.950545</geo>
         <location>
          <geo decls='Planquadrat'>EK</geo>
         </location>
         <location>
          <geo decls='Feld Grabnummer'>CI 220</geo>
         </location>
        </geogName>
       </settlement>
      </origin>
     </history>
    </msDesc>
   </sourceDesc>
  </fileDesc>
  <encodingDesc>
   <p>Encoded according to the EpiDoc Guidelines, Schema Version 8.18</p>
   <classDecl>
    <taxonomy>
     <category xml:id='foto1'>
      <catDesc>
       <persName ref='http://d-nb.info/gnd/128472499' role='photographer'>
        Bert Sommer, 
        <orgName ref="http://d-nb.info/gnd/212562-6">Steinheim-Institut</orgName>
       </persName>
      </catDesc>
     </category>
     <category xml:id='foto6'>
      <catDesc>Fundstücke, Dan Bondy</catDesc>
     </category>
     <category xml:id='foto5'>
      <catDesc>Denkmalpflegerische Massnahme</catDesc>
     </category>
     <category xml:id='foto4'>
      <catDesc>^# Denkmalschutzamt Hamburg</catDesc>
     </category>
     <category xml:id='foto3'>
      <catDesc>Eduard Duckesz Glasplatten ^# CAHJP Jerusalem, Glasplatten: HMB/2452, Inv 2326 · Digitalisat: CDB/5-7</catDesc>
     </category>
     <category xml:id='foto2'>
      <catDesc>Historische Aufnahmen [Mikrofilme] ^# Staatsarchiv Hamburg, Bestand 741-4 Fotoarchiv, Signatur P 2333</catDesc>
     </category>
     <category xml:id='foto7'>
      <catDesc>Aufgenommen in der Synagoge Innsbruck</catDesc>
     </category>
    </taxonomy>
   </classDecl>
   <geoDecl xml:id="WGS" datum="WGS84">World Geodetic System</geoDecl>
  </encodingDesc>
  <profileDesc>
   <particDesc>
    <listPerson>
     <person xml:id="hha-1186-1" sex='2'>
      <persName>Jetta bat Eisek Kugelmann ∞ Aharon ben Schmuel Mindheim</persName>
       <event when='1860-12-27' type="dateofdeath">
       <desc/>
      </event>
     </person>
    </listPerson>
   </particDesc>
    <langUsage>
    <!-- According to bcp47 http://tools.ietf.org/html/bcp47 (Language) and ISO15924 (writing System)-->
    <language ident='he' usage='100'>Hebrew</language>
   </langUsage>
  </profileDesc>
   <revisionDesc>
   <change/>
  </revisionDesc>
 </teiHeader>
 <facsimile>
  <graphic url='http://steinheim-institut.de/daten/picshha/xl/1186_EK_0110070126.jpg'>
    <desc>
    <ref target='#foto1'/>
    <date when='2001-10-07'/>
    recto
   </desc>
  </graphic>
  <graphic url='http://steinheim-institut.de/daten/picshha/xl/mf/01/00000192.jpg'>
    <desc>
    <ref target='#foto2'/>
   </desc>
  </graphic>
  <graphic url='http://steinheim-institut.de/daten/picshha/xl/mf/01/00000194.jpg'>
    <desc>
    <ref target='#foto2'/>
   </desc>
  </graphic>
  <graphic url='http://steinheim-institut.de/daten/picshha/xl/2120_FI_0205060236.jpg'>
    <desc>
    <ref target='#foto1'/>
    <date when='2002-05-06'/>
    Fragment recto
   </desc>
  </graphic>
 </facsimile>
 <text>
  <body>
   <div type='edition'>
    <head>Edition</head>
     <ab>
     <lb n='1'/>
     ‎‏רבות בנות עשו חיל ואת עלית‏‎
‏‎     <lb n='2'/>
     ‎‏על כלנה‏‎
‏‎     <lb n='3'/>
     ‎‏פ״ט‏‎
‏‎     <lb n='4'/>
     ‎‏[‎‏ה]אשה היקרה רכה בשנים‏‎
‏‎     <lb n='5'/>
     ‎‏[‎‏היולדות ע]ם ילדה שלה‏‎
‏‎     <lb n='6'/>
     ‎‏[‎‏מ׳ יטא] אשת כ׳ אהרן‏‎
‏‎     <lb n='7'/>
     ‎‏[‎‏ב״ר ש]מואל מינדהיים‏‎
‏‎     <lb n='8'/>
     ‎‏[‎‏בת כ׳ א]ייזק קוגעלמאן‏‎
‏‎     <lb n='9'/>
     ‎‏[‎‏נולד]ה תענית אסתר תקצ״[ג]‏‎
‏‎     <lb n='10'/>
     ‎‏[‎‏נפטרה ב]ש״ט אור ליו׳ [ה׳ י״ד טבת]‏‎
‏‎     <lb n='11'/>
     ‎‏[‎‏ונקברה ביום א׳ י״ז בו תרכ״א]‏‎
‏‎     <lb n='12'/>
     ‎‏[‎‏תנצב״ה]‏‎
‏‎    </ab>
   </div>
   <div type='translation'>
    <head>Übersetzung</head>
     <ab>
     <lb n='1'/>
     ›Viele Töchter haben sich wacker erwiesen, du aber übertriffst
     <lb n='2'/>
     sie alle‹.
     <lb n='3'/>
     Hier ist geborgen
     <lb n='4'/>
     die teure Frau, zart an Jahren,
     <lb n='5'/>
     die Wöchnerin mit ihrer Tochter,
     <lb n='6'/>
     Frau Jetta, Gattin des geehrten Aharon,
     <lb n='7'/>
     Sohn des Herrn Schmuel Mindheim,
     <lb n='8'/>
     Tochter des geehrten Eisek Kugelmann,
     <lb n='9'/>
     geboren am Fasten Ester 533,
     <lb n='10'/>
     verschieden ›mit gutem Namen‹ zu Beginn des Tages 5, 14. Tewet
     <lb n='11'/>
     und begraben am Tag 1, 17. desselben 621.
     <lb n='12'/>
     Ihre Seele sei eingebunden in das Bündel des Lebens
    </ab>
   </div>
   <div type="commentary" subtype="Zitate">
    <head>Zitate</head>
    <p>Zl 1f: Spr 31,29</p>
    <p>Zl 10: bBer 17a</p>
   </div>
   <div type="commentary" subtype="Zeilenkommentar">
    <head>Zeilenkommentar</head>
    <p>Zln 1/2: Spr 31,29.</p>
   </div>
   <div type="commentary" subtype="Endkommentar">
    <head>Endkommentar</head>
    <p>Das Grabmal war bereits im Sept 1944 in mindestens vier Fragmente zerbrochen, von denen drei noch vorhanden waren. die heutige Nr. 2120, heute zwei Fragmente, war damals nur ein Stück und größer. Eine historische Aufnahme vom Denkmalamt (DA 27064) zeigt das Grabmal noch unversehrt.</p>
   </div>
   <div type="commentary" subtype="Prosopographie">
    <head>Prosopographie</head>
   </div>
   <div type="bibliography">
    <head>Bibliographie</head>
    <p>to be done ...</p>
   </div>
  </body>
 </text>
</TEI>
