﻿<?xml version="1.0" encoding="UTF-8"?>
<?xml-model href="http://www.stoa.org/epidoc/schema/8.18/tei-epidoc.rng" schematypens="http://relaxng.org/ns/structure/1.0"?>
<TEI xmlns:xi="http://www.w3.org/2001/XInclude" xmlns:svg="http://www.w3.org/2000/svg" xmlns:math="http://www.w3.org/1998/Math/MathML" xmlns="http://www.tei-c.org/ns/1.0">
 <teiHeader>
  <fileDesc>
   <titleStmt>
    <title xml:lang='de'>Grabmal für Jizchak ben Jaakow Reuwen, gest. 1700-11-06, Jüdischer Friedhof Hamburg-Altona, Königstraße</title>
    <respStmt xml:lang="de">
     <resp>herausgegeben vom</resp>
     <orgName ref="http://d-nb.info/gnd/212562-6">
      Salomon Ludwig Steinheim-Institut
      <address>
       <addrLine>Edmund-Körner-Platz 2</addrLine>
       <addrLine>D-45127 Essen</addrLine>
      </address>
     </orgName>
    </respStmt>
   </titleStmt>
    <editionStmt>
    <edition/>
   </editionStmt>
   <extent/>
   <publicationStmt>
    <publisher>
     <orgName ref="http://d-nb.info/gnd/212562-6">
      Salomon Ludwig Steinheim-Institut 
      <address>
       <addrLine>Edmund-Körner-Platz 2</addrLine>
       <addrLine>D-45127 Essen</addrLine>
      </address>
     </orgName>
    </publisher>
    <idno>hha-1472</idno>
    <idno type="url">http://www.steinheim-institut.de/cgi-bin/epidat?id=hha-1472</idno>
    <availability xml:lang="en" status="free">
     <licence>
      <ref target="http://creativecommons.org/licenses/by/4.0/">Distributed under a Creative Commons licence Attribution-BY 4.0</ref>
      <p>
       All reuse or distribution of this work must contain somewhere a link back to the URL 
       <ref>http://www.steinheim-institut.de/cgi-bin/epidat?id=hha-1472</ref>
      </p>
     </licence>
    </availability>
   </publicationStmt>
    <notesStmt>
    <note/>
   </notesStmt>
   <sourceDesc>
    <bibl>born digital</bibl>
     <msDesc>
     <msIdentifier/>
     <physDesc>
      <objectDesc>
       <supportDesc>
        <support>
         <p>
          <material>Stein</material>
         </p>
        </support>
        <condition>
         <p>
          <date>2006</date>
           in situ Beschädigung leicht
         </p>
        </condition>
       </supportDesc>
        <layoutDesc>
        <layout/>
       </layoutDesc>
      </objectDesc>
      <handDesc>
       <handNote>Schrift erhaben, vertieft (VS)</handNote>
      </handDesc>
     </physDesc>
     <history>
      <origin>
       <date notBefore='1700-11-06'>1700-11-06</date>
       <country type="ISO_3166" key="XA-DE-HH">
        Germany
        <region>Hamburg</region>
       </country>
       <settlement type='city' key='tgn:7012310'>
        Hamburg-Altona, Königstraße 
        <geogName>
         Jüdischer Friedhof
         <geo decls="#WGS">53.549373 9.950545</geo>
         <location>
          <geo decls='Planquadrat'>EM</geo>
         </location>
         <location>
          <geo decls='Feld Grabnummer'>S 1226</geo>
         </location>
        </geogName>
       </settlement>
      </origin>
     </history>
    </msDesc>
   </sourceDesc>
  </fileDesc>
  <encodingDesc>
   <p>Encoded according to the EpiDoc Guidelines, Schema Version 8.18</p>
   <classDecl>
    <taxonomy>
     <category xml:id='foto1'>
      <catDesc>
       <persName ref='http://d-nb.info/gnd/128472499' role='photographer'>
        Bert Sommer, 
        <orgName ref="http://d-nb.info/gnd/212562-6">Steinheim-Institut</orgName>
       </persName>
      </catDesc>
     </category>
     <category xml:id='foto6'>
      <catDesc>Fundstücke, Dan Bondy</catDesc>
     </category>
     <category xml:id='foto5'>
      <catDesc>Denkmalpflegerische Massnahme</catDesc>
     </category>
     <category xml:id='foto4'>
      <catDesc>^# Denkmalschutzamt Hamburg</catDesc>
     </category>
     <category xml:id='foto3'>
      <catDesc>Eduard Duckesz Glasplatten ^# CAHJP Jerusalem, Glasplatten: HMB/2452, Inv 2326 · Digitalisat: CDB/5-7</catDesc>
     </category>
     <category xml:id='foto2'>
      <catDesc>Historische Aufnahmen [Mikrofilme] ^# Staatsarchiv Hamburg, Bestand 741-4 Fotoarchiv, Signatur P 2333</catDesc>
     </category>
     <category xml:id='foto7'>
      <catDesc>Aufgenommen in der Synagoge Innsbruck</catDesc>
     </category>
    </taxonomy>
   </classDecl>
   <geoDecl xml:id="WGS" datum="WGS84">World Geodetic System</geoDecl>
  </encodingDesc>
  <profileDesc>
   <particDesc>
    <listPerson>
     <person xml:id="hha-1472-1" sex='1'>
      <persName>Jizchak ben Jaakow Reuwen</persName>
       <event when='1700-11-06' type="dateofdeath">
       <desc/>
      </event>
     </person>
    </listPerson>
   </particDesc>
    <langUsage>
    <!-- According to bcp47 http://tools.ietf.org/html/bcp47 (Language) and ISO15924 (writing System)-->
    <language ident='he' usage='100'>Hebrew</language>
   </langUsage>
  </profileDesc>
   <revisionDesc>
   <change/>
  </revisionDesc>
 </teiHeader>
 <facsimile>
  <graphic url='http://steinheim-institut.de/daten/picshha/xl/1472_EM_0110120205.jpg'>
    <desc>
    <ref target='#foto1'/>
    <date when='2001-10-12'/>
    recto
   </desc>
  </graphic>
  <graphic url='http://steinheim-institut.de/daten/picshha/xl/mf/04/00000051.jpg'>
    <desc>
    <ref target='#foto2'/>
   </desc>
  </graphic>
 </facsimile>
 <text>
  <body>
   <div type='edition'>
    <head>Edition</head>
     <ab>
     <lb n='1'/>
     ‎‏פ״נ‏‎
‏‎     <lb n='2'/>
     ‎‏איש ישר אשר‏‎
‏‎     <lb n='3'/>
     ‎‏יום צרה חרב קרבא עבר ׃‏‎
‏‎     <lb n='4'/>
     ‎‏צאת מלכים מלחמה גבר ׃‏‎
‏‎     <lb n='5'/>
     ‎‏חבא ביתו בא שמע הבן׃‏‎
‏‎     <lb n='6'/>
     ‎‏קרוב למקום זה נח סבר ׃‏‎
‏‎     <lb n='7'/>
     ‎‏לדרגא קיוה והנה תבר ׃‏‎
‏‎     <lb n='8'/>
     ‎‏כ׳ יצחק בר יעקב ראובן ׃‏‎
‏‎     <lb n='9'/>
     ‎‏נפטר יו׳ ש״ק ך״ד חשון ונקב׳‏‎
‏‎     <lb n='10'/>
     ‎‏יו׳ ב׳ ך״ו בו תס״א לפ״ק‏‎
‏‎     <lb n='11'/>
     ‎‏תנצב״ה‏‎
‏‎    </ab>
   </div>
   <div type='translation'>
    <head>Übersetzung</head>
     <ab>
     <lb n='1'/>
     Hier ist begraben
     <lb n='2'/>
     ein aufrechter Mann, welcher
     <lb n='3'/>
     (am) Tag der Not, (als) das Kriegsschwert vorüberzog,
     <lb n='4'/>
     beim Auszug der Könige (zum) Streit, sich mächtig machte,
     <lb n='5'/>
     in seinem Hause verbarg, sich näherte, hörte, verstand.
     <lb n='6'/>
     Nah bei diesem Ort ›entschlief (ihm) die Hoffnung‹;
     <lb n='7'/>
     auf Erhöhung hoffte er, und siehe, Unglück kam:
     <lb n='8'/>
     der geehrte Jizchak, Sohn des Jaakow Reuwen,
     <lb n='9'/>
     verschieden am Tage des heiligen Schabbat, 24. Cheschvan und begraben
     <lb n='10'/>
     Tag 2, 26. desselben 461 der kleinen Zählung.
     <lb n='11'/>
     Seine Seele sei eingebunden in das Bündel des Lebens
    </ab>
   </div>
   <div type="commentary" subtype="Zitate">
    <head>Zitate</head>
    <p>Zl 6: nach bYom 72a</p>
   </div>
   <div type='commentary' subtype='Stilmittel'>
    <head>Stilmittel</head>
    <p>Verseulogie: sechszeiliges Namensgedicht mit Reim aabaab und Akrostichon; vierhebige Verse</p>
    <p>
     <label>Reim</label>
      auf -awar und -ben/wen in Zln 3-8 (den Vatersnamen einschließend)
    </p>
    <p>
     <label>Akrostichon</label>
      in Zeilen 3-6: ‎‏יצחק‏‎ Jizchak
    </p>
   </div>
   <div type="commentary" subtype="Zeilenkommentar">
    <head>Zeilenkommentar</head>
    <p>Zl 7: Der Dichter gebraucht im metaphorischen Sinn die Namen für die hebräischen Sprachakzente, ähnlich bereits Al-Charisi, Tachkemoni, § 50, ‎‏אחרי דרגא תביר‏‎, "nach Aufstieg, Niedergang".</p>
   </div>
   <div type="commentary" subtype="Endkommentar">
    <head>Endkommentar</head>
    <p>Der Kriegsheld: In dem vorliegenden, ungewöhnlichen Namensgedicht steht eine militärische Leistung im Mittelpunkt des Totenlobs. Die nicht klar zu entschlüsselnde Anspielung bezieht sich wahrscheinlich auf die erste Phase des "Großen Nordischen Krieges": Von März bis August 1700 bekriegte König Friedrich IV. von Dänemark, der Schutzherr der Juden von Altona, seinen unbotmäßigen Vasallen, den Herzog Friedrich IV. von Schleswig-Holstein-Gottorf, der mit dem feindlichen Karl XII. von Schweden verschwägert und verbündet war. Schweden erzwang die Wiederherstellung der gottorfischen Neutralitätsrechte durch einen vereinten Angriff auf Dänemark, an dem britische und niederländische Seestreitkräfte teilnahmen, während hannoversche Landtruppen von Süden über die Elbe vorstießen. Feindliche Offiziere, die sich in seinem Altonaer Wohnhaus einquartiert hatten, waren anscheinend das Ziel von Jitzchaks Lauschangriff, für den er nie die erwartete Belohnung erhielt.</p>
   </div>
   <div type="commentary" subtype="Prosopographie">
    <head>Prosopographie</head>
   </div>
   <div type="bibliography">
    <head>Bibliographie</head>
    <p>to be done ...</p>
   </div>
  </body>
 </text>
</TEI>
