﻿<?xml version="1.0" encoding="UTF-8"?>
<?xml-model href="http://www.stoa.org/epidoc/schema/8.18/tei-epidoc.rng" schematypens="http://relaxng.org/ns/structure/1.0"?>
<TEI xmlns:xi="http://www.w3.org/2001/XInclude" xmlns:svg="http://www.w3.org/2000/svg" xmlns:math="http://www.w3.org/1998/Math/MathML" xmlns="http://www.tei-c.org/ns/1.0">
 <teiHeader>
  <fileDesc>
   <titleStmt>
    <title xml:lang='de'>Grabmal für Schlomo Frenkel ben Hirsch ben Binjamin, gest. 1789-05-28, Jüdischer Friedhof Hamburg-Altona, Königstraße</title>
    <respStmt xml:lang="de">
     <resp>herausgegeben vom</resp>
     <orgName ref="http://d-nb.info/gnd/212562-6">
      Salomon Ludwig Steinheim-Institut
      <address>
       <addrLine>Edmund-Körner-Platz 2</addrLine>
       <addrLine>D-45127 Essen</addrLine>
      </address>
     </orgName>
    </respStmt>
   </titleStmt>
    <editionStmt>
    <edition/>
   </editionStmt>
   <extent/>
   <publicationStmt>
    <publisher>
     <orgName ref="http://d-nb.info/gnd/212562-6">
      Salomon Ludwig Steinheim-Institut 
      <address>
       <addrLine>Edmund-Körner-Platz 2</addrLine>
       <addrLine>D-45127 Essen</addrLine>
      </address>
     </orgName>
    </publisher>
    <idno>hha-1668</idno>
    <idno type="url">http://www.steinheim-institut.de/cgi-bin/epidat?id=hha-1668</idno>
    <availability xml:lang="en" status="free">
     <licence>
      <ref target="http://creativecommons.org/licenses/by/4.0/">Distributed under a Creative Commons licence Attribution-BY 4.0</ref>
      <p>
       All reuse or distribution of this work must contain somewhere a link back to the URL 
       <ref>http://www.steinheim-institut.de/cgi-bin/epidat?id=hha-1668</ref>
      </p>
     </licence>
    </availability>
   </publicationStmt>
    <notesStmt>
    <note/>
   </notesStmt>
   <sourceDesc>
    <bibl>born digital</bibl>
     <msDesc>
     <msIdentifier/>
     <physDesc>
      <objectDesc>
       <supportDesc>
        <support>
         <p>
          <material>Sandstein</material>
          <dimensions>
           <dim>1,600 x 0,850 x 0,130 m</dim>
          </dimensions>
         </p>
        </support>
        <condition>
         <p>
          <date>2006</date>
           in situ Beschädigung leicht
         </p>
        </condition>
       </supportDesc>
        <layoutDesc>
        <layout/>
       </layoutDesc>
      </objectDesc>
      <handDesc>
       <handNote>Schrift erhaben</handNote>
      </handDesc>
      <decoDesc>
       <decoNote type='symbol'>Krone</decoNote>
      </decoDesc>
     </physDesc>
     <history>
      <origin>
       <date notBefore='1789-05-28'>1789-05-28</date>
       <country type="ISO_3166" key="XA-DE-HH">
        Germany
        <region>Hamburg</region>
       </country>
       <settlement type='city' key='tgn:7012310'>
        Hamburg-Altona, Königstraße 
        <geogName>
         Jüdischer Friedhof
         <geo decls="#WGS">53.549373 9.950545</geo>
         <location>
          <geo decls='Planquadrat'>FD</geo>
         </location>
         <location>
          <geo decls='Feld Grabnummer'>N 3037</geo>
         </location>
        </geogName>
       </settlement>
      </origin>
     </history>
    </msDesc>
   </sourceDesc>
  </fileDesc>
  <encodingDesc>
   <p>Encoded according to the EpiDoc Guidelines, Schema Version 8.18</p>
   <classDecl>
    <taxonomy>
     <category xml:id='foto1'>
      <catDesc>
       <persName ref='http://d-nb.info/gnd/128472499' role='photographer'>
        Bert Sommer, 
        <orgName ref="http://d-nb.info/gnd/212562-6">Steinheim-Institut</orgName>
       </persName>
      </catDesc>
     </category>
     <category xml:id='foto6'>
      <catDesc>Fundstücke, Dan Bondy</catDesc>
     </category>
     <category xml:id='foto5'>
      <catDesc>Denkmalpflegerische Massnahme</catDesc>
     </category>
     <category xml:id='foto4'>
      <catDesc>^# Denkmalschutzamt Hamburg</catDesc>
     </category>
     <category xml:id='foto3'>
      <catDesc>Eduard Duckesz Glasplatten ^# CAHJP Jerusalem, Glasplatten: HMB/2452, Inv 2326 · Digitalisat: CDB/5-7</catDesc>
     </category>
     <category xml:id='foto2'>
      <catDesc>Historische Aufnahmen [Mikrofilme] ^# Staatsarchiv Hamburg, Bestand 741-4 Fotoarchiv, Signatur P 2333</catDesc>
     </category>
     <category xml:id='foto7'>
      <catDesc>Aufgenommen in der Synagoge Innsbruck</catDesc>
     </category>
    </taxonomy>
   </classDecl>
   <geoDecl xml:id="WGS" datum="WGS84">World Geodetic System</geoDecl>
  </encodingDesc>
  <profileDesc>
   <particDesc>
    <listPerson>
     <person xml:id="hha-1668-1" sex='1'>
      <persName>Schlomo Frenkel ben Hirsch ben Binjamin</persName>
       <event when='1789-05-28' type="dateofdeath">
       <desc/>
      </event>
     </person>
    </listPerson>
   </particDesc>
    <langUsage>
    <!-- According to bcp47 http://tools.ietf.org/html/bcp47 (Language) and ISO15924 (writing System)-->
    <language ident='he' usage='100'>Hebrew</language>
   </langUsage>
  </profileDesc>
   <revisionDesc>
   <change/>
  </revisionDesc>
 </teiHeader>
 <facsimile>
  <graphic url='http://steinheim-institut.de/daten/picshha/xl/1668_FD_0110160218.jpg'>
    <desc>
    <ref target='#foto1'/>
    <date when='2001-10-16'/>
    recto
   </desc>
  </graphic>
  <graphic url='http://steinheim-institut.de/daten/picshha/xl/mf/02/00000412.jpg'>
    <desc>
    <ref target='#foto2'/>
   </desc>
  </graphic>
 </facsimile>
 <text>
  <body>
   <div type='edition'>
    <head>Edition</head>
     <ab>
     <lb n='1'/>
     ‎‏כרם שלמה‏‎
‏‎     <lb n='2'/>
     ‎‏כתר שם טוב‏‎
‏‎     <lb n='3'/>
     ‎‏שיר המעלות לשלמה הנה מדתו של שלמה‏‎
‏‎     <lb n='4'/>
     ‎‏כתר תורה כתר חכמה‏‎
‏‎     <lb n='5'/>
     ‎‏שלמה נקרא ידידיה‏‎
‏‎     <lb n='6'/>
     ‎‏אשרי מי שבא לכאן‏‎
‏‎     <lb n='7'/>
     ‎‏ותלמודו בידו‏‎
‏‎     <lb n='8'/>
     ‎‏שכיחא כאן במקום אחד תורה וגדולה‏‎
‏‎     <lb n='9'/>
     ‎‏למד תורה וגרס תדיר יומם ולילה‏‎
‏‎     <lb n='10'/>
     ‎‏מזה בן מזה ריכא ובר ריכא מנה בן מנה‏‎
‏‎     <lb n='11'/>
     ‎‏הלך ראשון לבית הכנסת ולבה״מ ויצא אחרונ׳‏‎
‏‎     <lb n='12'/>
     ‎‏פועל צדק רודף צדקה עובד מאהבה נוח‏‎
‏‎     <lb n='13'/>
     ‎‏למעלה קנה חכמה לבש מדא ׃ איש‏‎
‏‎     <lb n='14'/>
     ‎‏חיל שלשלת היוחסין מוכתר בנימוסין הרבני‏‎
‏‎     <lb n='15'/>
     ‎‏המופלג בתורה מו״ה שלמה פרענקל‏‎
‏‎     <lb n='16'/>
     ‎‏בן לאותו צדיק מפורסם מו״ה הירש ר׳ בנימין‏‎
‏‎     <lb n='17'/>
     ‎‏מברלין משפחת רם נפטר ונקבר בשם טוב‏‎
‏‎     <lb n='18'/>
     ‎‏גדול יום ה׳ ראשון דימי הגבלה תקמ״ט לפ״ק‏‎
‏‎     <lb n='19'/>
     ‎‏תנצב״ה‏‎
‏‎    </ab>
   </div>
   <div type='translation'>
    <head>Übersetzung</head>
     <ab>
     <lb n='1'/>
     Weinberg des Schlomo,
     <lb n='2'/>
     die Krone des guten Namens,
     <lb n='3'/>
     das Lobgesang des Schlomo, dies ist die Eigenschaft des Schlomo
     <lb n='4'/>
     Krone der Tora Krone der Weisheit
     <lb n='5'/>
     Schlomo ist Jedidjah, Gottgeliebt, genannt,
     <lb n='6'/>
     wohl dem der hierher kam
     <lb n='7'/>
     mit seinem Studium? in der Hand,
     <lb n='8'/>
     hier ist anzutreffen an einem Ort: Tora und (weltliche) Größe,
     <lb n='9'/>
     er lernte Tora und studierte beständig Tag und Nacht,
     <lb n='10'/>
     ›Fürst, Sohn eines Fürsten‹, König und Sohn eines Königs, ›großer Gelehrter, Sohn eines großen Gelehrten‹,
     <lb n='11'/>
     als erster ging er hin zur Synagoge und zum Lehrhaus und als letzter kam er heraus,
     <lb n='12'/>
     wirkt Gerechtigkeit, strebt Wohltat an, dient aus Liebe, angenehm
     <lb n='13'/>
     Oben, erwarb Weisheit, gekleidet mit Maß?, ›ein Mann
     <lb n='14'/>
     von Tucht‹, von edler Ahnenkette, gekrönt mit Ehrentitel, der Rabbinische,
     <lb n='15'/>
     ausgezeichnet in Tora, unser Lehrer und Meister, Herr Schlomo Frenkel,
     <lb n='16'/>
     Sohn jener weitbekannten Gerechten, unseres Lehrers und Meisters, Herrn Hirsch, Sohn des Binjamin
     <lb n='17'/>
     aus Berlin; aus hoher Familie, verschieden und begraben mit großen gutem
     <lb n='18'/>
     Namen Tag 5, dem ersten der (drei) Tage der Umgrenzung 549 der kleinen Zählung.
     <lb n='19'/>
     Seine Seele sei eingebunden in das Bündel des Lebens
    </ab>
   </div>
   <div type="commentary" subtype="Zitate">
    <head>Zitate</head>
    <p>Zl 10: bBer 28a | Zl 10: bTaan 21b</p>
    <p>Zl 13f: 2Sam 23,20</p>
   </div>
   <div type='commentary' subtype='Stilmittel'>
    <head>Stilmittel</head>
    <p>
     <label>Reim</label>
      Reim.
    </p>
    <p>
     <label>Akrostichon</label>
      in Zeilen 8-13: ‎‏שלמה פרענקל‏‎ Schlomo Fränkel
    </p>
   </div>
   <div type="commentary" subtype="Zeilenkommentar">
    <head>Zeilenkommentar</head>
    <p>Zl 3a: Ps 127,1; ‎‏מעלות‏‎, sind "Vorzüge", "hervorragende Eigenschaften" aber auch Stufen. Hier wurde ‎‏שיר המעלות‏‎ mit "Lobgesang" übersetzt um die "vergebene" Krone der Tora zu begründen. Dort in der Einleitung des Psalms, lautet die häufigere Wiedergabe: "Stufenlied", "Stufengesang", dessen Inhalt Mendelssohn wie folgt zusammenfaßt: "Ohne göttlichen Willen ist alles unausführbar".</p>
    <p>Zln 1-4: Wiederholte Bezugnahme auf den weisen biblischen König und damit Anspielungen auf den Namen. Die drei Kronen, s. Av 4, 13 (resp. 17), allerdings gehört die hier genannte "Krone der Weisheit" nicht zu den dort erwähnten.</p>
    <p>Zl 5: 2Sam 12,25; "Gottgeliebt", nach Torczyner.</p>
    <p>Zln 6/7: bPes 50a.</p>
    <p>Zl 8: bGit 49a; unter weltliche Größe sind sowohl Herrschaft als auch Reichtum gemeint.</p>
    <p>Zl 10b: bBB 4a.</p>
    <p>Zl 10c: Wörtlich: eine Münze, die von einer vollwichtigen Mümze abstammt.</p>
    <p>Zl 12a: Ps 15,2.</p>
    <p>Zl 12b: Spr 21,21.</p>
    <p>Zl 12c: ...</p>
    <p>Zln 12d/13a: Vgl. bBer 17a.</p>
    <p>Zl 13b: bKid 32b.</p>
    <p>Zl 13c: ...</p>
    <p>Zl 14b: BerR 82,11; von angesehener Abstammung.</p>
    <p>Zl 14c: bMeg 12b; ‎‏נימוס‏‎ vom griechischen, mit Bedeutung: Gesetz. An dieser Stelle jedoch gibt es unterschiedliche Auslegungen, zu den gängigeren zählt auch die hier verwendete: "Ehrentitel".</p>
    <p>Zl 18: Die drei Tage der Umgrenzung sind die drei Tage vor dem Wochenfest, an dem der Überlieferung nach, die Tora Israel gegeben wurde. Diese Tage werden so bezeichnet, weil Mose das Volk "heiligen" und umgrenzen sollte, damit es den Berg Sinai nicht besteige. Der erste dieser Tage ist der 3. Sivan.</p>
   </div>
   <div type="commentary" subtype="Prosopographie">
    <head>Prosopographie</head>
   </div>
   <div type="bibliography">
    <head>Bibliographie</head>
    <p>to be done ...</p>
   </div>
  </body>
 </text>
</TEI>
