﻿<?xml version="1.0" encoding="UTF-8"?>
<?xml-model href="http://www.stoa.org/epidoc/schema/8.18/tei-epidoc.rng" schematypens="http://relaxng.org/ns/structure/1.0"?>
<TEI xmlns:xi="http://www.w3.org/2001/XInclude" xmlns:svg="http://www.w3.org/2000/svg" xmlns:math="http://www.w3.org/1998/Math/MathML" xmlns="http://www.tei-c.org/ns/1.0">
 <teiHeader>
  <fileDesc>
   <titleStmt>
    <title xml:lang='de'>Grabmal für Meschullam Feiwesch ben Schimon Hekscher, gest. 1701-08-20, Jüdischer Friedhof Hamburg-Altona, Königstraße</title>
    <respStmt xml:lang="de">
     <resp>herausgegeben vom</resp>
     <orgName ref="http://d-nb.info/gnd/212562-6">
      Salomon Ludwig Steinheim-Institut
      <address>
       <addrLine>Edmund-Körner-Platz 2</addrLine>
       <addrLine>D-45127 Essen</addrLine>
      </address>
     </orgName>
    </respStmt>
   </titleStmt>
    <editionStmt>
    <edition/>
   </editionStmt>
   <extent/>
   <publicationStmt>
    <publisher>
     <orgName ref="http://d-nb.info/gnd/212562-6">
      Salomon Ludwig Steinheim-Institut 
      <address>
       <addrLine>Edmund-Körner-Platz 2</addrLine>
       <addrLine>D-45127 Essen</addrLine>
      </address>
     </orgName>
    </publisher>
    <idno>hha-1486</idno>
    <idno type="url">http://www.steinheim-institut.de/cgi-bin/epidat?id=hha-1486</idno>
    <availability xml:lang="en" status="free">
     <licence>
      <ref target="http://creativecommons.org/licenses/by/4.0/">Distributed under a Creative Commons licence Attribution-BY 4.0</ref>
      <p>
       All reuse or distribution of this work must contain somewhere a link back to the URL 
       <ref>http://www.steinheim-institut.de/cgi-bin/epidat?id=hha-1486</ref>
      </p>
     </licence>
    </availability>
   </publicationStmt>
    <notesStmt>
    <note/>
   </notesStmt>
   <sourceDesc>
    <bibl>born digital</bibl>
     <msDesc>
     <msIdentifier/>
     <physDesc>
      <objectDesc>
       <supportDesc>
        <support>
         <p>
          <material>Stein</material>
         </p>
        </support>
        <condition>
         <p>
          <date>2006</date>
           in situ Beschädigung mittel
         </p>
        </condition>
       </supportDesc>
        <layoutDesc>
        <layout/>
       </layoutDesc>
      </objectDesc>
      <handDesc>
       <handNote>Schrift erhaben</handNote>
      </handDesc>
     </physDesc>
     <history>
      <origin>
       <date notBefore='1701-08-20'>1701-08-20</date>
       <country type="ISO_3166" key="XA-DE-HH">
        Germany
        <region>Hamburg</region>
       </country>
       <settlement type='city' key='tgn:7012310'>
        Hamburg-Altona, Königstraße 
        <geogName>
         Jüdischer Friedhof
         <geo decls="#WGS">53.549373 9.950545</geo>
         <location>
          <geo decls='Planquadrat'>EN</geo>
         </location>
         <location>
          <geo decls='Feld Grabnummer'>S 1214</geo>
         </location>
        </geogName>
       </settlement>
      </origin>
     </history>
    </msDesc>
   </sourceDesc>
  </fileDesc>
  <encodingDesc>
   <p>Encoded according to the EpiDoc Guidelines, Schema Version 8.18</p>
   <classDecl>
    <taxonomy>
     <category xml:id='foto1'>
      <catDesc>
       <persName ref='http://d-nb.info/gnd/128472499' role='photographer'>
        Bert Sommer, 
        <orgName ref="http://d-nb.info/gnd/212562-6">Steinheim-Institut</orgName>
       </persName>
      </catDesc>
     </category>
     <category xml:id='foto6'>
      <catDesc>Fundstücke, Dan Bondy</catDesc>
     </category>
     <category xml:id='foto5'>
      <catDesc>Denkmalpflegerische Massnahme</catDesc>
     </category>
     <category xml:id='foto4'>
      <catDesc>^# Denkmalschutzamt Hamburg</catDesc>
     </category>
     <category xml:id='foto3'>
      <catDesc>Eduard Duckesz Glasplatten ^# CAHJP Jerusalem, Glasplatten: HMB/2452, Inv 2326 · Digitalisat: CDB/5-7</catDesc>
     </category>
     <category xml:id='foto2'>
      <catDesc>Historische Aufnahmen [Mikrofilme] ^# Staatsarchiv Hamburg, Bestand 741-4 Fotoarchiv, Signatur P 2333</catDesc>
     </category>
     <category xml:id='foto7'>
      <catDesc>Aufgenommen in der Synagoge Innsbruck</catDesc>
     </category>
    </taxonomy>
   </classDecl>
   <geoDecl xml:id="WGS" datum="WGS84">World Geodetic System</geoDecl>
  </encodingDesc>
  <profileDesc>
   <particDesc>
    <listPerson>
     <person xml:id="hha-1486-1" sex='1'>
      <persName>Meschullam Feiwesch ben Schimon Hekscher</persName>
       <event when='1701-08-20' type="dateofdeath">
       <desc/>
      </event>
     </person>
    </listPerson>
   </particDesc>
    <langUsage>
    <!-- According to bcp47 http://tools.ietf.org/html/bcp47 (Language) and ISO15924 (writing System)-->
    <language ident='he' usage='100'>Hebrew</language>
   </langUsage>
  </profileDesc>
   <revisionDesc>
   <change/>
  </revisionDesc>
 </teiHeader>
 <facsimile>
  <graphic url='http://steinheim-institut.de/daten/picshha/xl/1486_EN_0110140123.jpg'>
    <desc>
    <ref target='#foto1'/>
    <date when='2001-10-14'/>
    recto
   </desc>
  </graphic>
  <graphic url='http://steinheim-institut.de/daten/picshha/xl/mf/04/00000063.jpg'>
    <desc>
    <ref target='#foto2'/>
   </desc>
  </graphic>
 </facsimile>
 <text>
  <body>
   <div type='edition'>
    <head>Edition</head>
     <ab>
     <lb n='1'/>
     ‎‏פ״נ‏‎
‏‎     <lb n='2'/>
     ‎‏מי שבעי לקיי[ם] מלי דאבות ׃‏‎
‏‎     <lb n='3'/>
     ‎‏שפל ברך נפק עייל לו עבות ׃‏‎
‏‎     <lb n='4'/>
     ‎‏למנוחתו עלה האיש במעון ׃‏‎
‏‎     <lb n='5'/>
     ‎‏מעשהו בכרמל ומדת טובות ׃‏‎
‏‎     <lb n='6'/>
     ‎‏זה לא פנה לרהבים ודיבות ׃‏‎
‏‎     <lb n='7'/>
     ‎‏האלוף משלם פייבש ב׳ שמעון ׃‏‎
‏‎     <lb n='8'/>
     ‎‏העקשר ז״ל נפטר יום ש״ק ט״ז‏‎
‏‎     <lb n='9'/>
     ‎‏מנחם ונקבר יום ב׳ ח״י בו‏‎
‏‎     <lb n='10'/>
     ‎‏תס״א לפ״ק‏‎
‏‎     <lb n='11'/>
     ‎‏תנצב״ה ‏‎
‏‎    </ab>
   </div>
   <div type='translation'>
    <head>Übersetzung</head>
     <ab>
     <lb n='1'/>
     Hier ist begraben
     <lb n='2'/>
     einer, der die Worte der Väter zu erfüllen trachtet,
     <lb n='3'/>
     ›demutsvoll (ging er)‹ hinein und hinaus aus dem Dickicht,
     <lb n='4'/>
     zu seiner Ruhestätte stieg hinauf ›dieser Mann in Maon,
     <lb n='5'/>
     sein Gut war zu Karmel,‹ und gut waren seine Eigenschaften,
     <lb n='6'/>
     ›er wandte sich nicht Prahlereien zu‹ und Nachreden,
     <lb n='7'/>
     der Vornehme Meschullam Feiwesch, Sohn des Schimon
     <lb n='8'/>
     Hekscher, sein Andenken zum Segen, verschieden am Tage des heiligen Schabbat, 16.
     <lb n='9'/>
     Menachem, und begraben Tag 2, 18. desselben
     <lb n='10'/>
     461 der kleinen Zählung.
     <lb n='11'/>
     Seine Seele sei eingebunden in das Bündel des Lebens
    </ab>
   </div>
   <div type="commentary" subtype="Zitate">
    <head>Zitate</head>
    <p>Zl 3: Vgl. bTaan 16a</p>
    <p>Zl 4f: 1 Sam 25,2</p>
    <p>Zl 6: Ps 40,5</p>
   </div>
   <div type='commentary' subtype='Stilmittel'>
    <head>Stilmittel</head>
    <p>
     <label>Reim</label>
      auf -wot in Zln 2,3,5,6 und auf -on in Zln 4,7 (den Vatersnamen einschließend), Reimform aabaab.
    </p>
    <p>
     <label>Akrostichon</label>
      MeSCHuLlaM in Zl 2 und in Zln 2-5.
    </p>
   </div>
   <div type="commentary" subtype="Zeilenkommentar">
    <head>Zeilenkommentar</head>
    <p>Zl 3a: Zu bTaan 16a wörtlich: dessen Knie gebeugt ist.</p>
    <p>Zln 4b/5a: Zu 1Sam 25,2: dort ist es Nabal, der "hart und böser Art" war, was auf Meschullam kaum zutreffen dürfte. Unklar bleibt deshalb der Grund für Verwendung des Zitates hier.</p>
    <p>Zl 6: Möglich ist auch die Lesung ‎‏ריבות‏‎, Streitigkeiten statt ‎‏דיבות‏‎, Nachreden.</p>
    <p>Zl 9: Statt ‎‏י״ח‏‎ metathetisch ‎‏ח״י‏‎ ("lebendig").</p>
   </div>
   <div type="commentary" subtype="Prosopographie">
    <head>Prosopographie</head>
   </div>
   <div type="bibliography">
    <head>Bibliographie</head>
    <p>to be done ...</p>
   </div>
  </body>
 </text>
</TEI>
