﻿<?xml version="1.0" encoding="UTF-8"?>
<?xml-model href="http://www.stoa.org/epidoc/schema/8.18/tei-epidoc.rng" schematypens="http://relaxng.org/ns/structure/1.0"?>
<TEI xmlns:xi="http://www.w3.org/2001/XInclude" xmlns:svg="http://www.w3.org/2000/svg" xmlns:math="http://www.w3.org/1998/Math/MathML" xmlns="http://www.tei-c.org/ns/1.0">
 <teiHeader>
  <fileDesc>
   <titleStmt>
    <title xml:lang='de'>Grabmal für Ascher Anschel ben Naftali Hirsch Oppenheim, gest. 1754-11-30, Jüdischer Friedhof Hamburg-Altona, Königstraße</title>
    <respStmt xml:lang="de">
     <resp>herausgegeben vom</resp>
     <orgName ref="http://d-nb.info/gnd/212562-6">
      Salomon Ludwig Steinheim-Institut
      <address>
       <addrLine>Edmund-Körner-Platz 2</addrLine>
       <addrLine>D-45127 Essen</addrLine>
      </address>
     </orgName>
    </respStmt>
   </titleStmt>
    <editionStmt>
    <edition/>
   </editionStmt>
   <extent/>
   <publicationStmt>
    <publisher>
     <orgName ref="http://d-nb.info/gnd/212562-6">
      Salomon Ludwig Steinheim-Institut 
      <address>
       <addrLine>Edmund-Körner-Platz 2</addrLine>
       <addrLine>D-45127 Essen</addrLine>
      </address>
     </orgName>
    </publisher>
    <idno>hha-1711</idno>
    <idno type="url">http://www.steinheim-institut.de/cgi-bin/epidat?id=hha-1711</idno>
    <availability xml:lang="en" status="free">
     <licence>
      <ref target="http://creativecommons.org/licenses/by/4.0/">Distributed under a Creative Commons licence Attribution-BY 4.0</ref>
      <p>
       All reuse or distribution of this work must contain somewhere a link back to the URL 
       <ref>http://www.steinheim-institut.de/cgi-bin/epidat?id=hha-1711</ref>
      </p>
     </licence>
    </availability>
   </publicationStmt>
    <notesStmt>
    <note/>
   </notesStmt>
   <sourceDesc>
    <bibl>born digital</bibl>
     <msDesc>
     <msIdentifier/>
     <physDesc>
      <objectDesc>
       <supportDesc>
        <support>
         <p>
          <material>Stein</material>
         </p>
        </support>
        <condition>
         <p>
          <date>2006</date>
           in situ Beschädigung schwer (Giebel fehlt) 
          <damage agent='Verwitterung'>Verwitterung leicht</damage>
         </p>
        </condition>
       </supportDesc>
        <layoutDesc>
        <layout/>
       </layoutDesc>
      </objectDesc>
      <handDesc>
       <handNote>Schrift erhaben</handNote>
      </handDesc>
     </physDesc>
     <history>
      <origin>
       <date notBefore='1754-11-30'>1754-11-30</date>
       <country type="ISO_3166" key="XA-DE-HH">
        Germany
        <region>Hamburg</region>
       </country>
       <settlement type='city' key='tgn:7012310'>
        Hamburg-Altona, Königstraße 
        <geogName>
         Jüdischer Friedhof
         <geo decls="#WGS">53.549373 9.950545</geo>
         <location>
          <geo decls='Planquadrat'>FE</geo>
         </location>
         <location>
          <geo decls='Feld Grabnummer'>N 3025</geo>
         </location>
        </geogName>
       </settlement>
      </origin>
     </history>
    </msDesc>
   </sourceDesc>
  </fileDesc>
  <encodingDesc>
   <p>Encoded according to the EpiDoc Guidelines, Schema Version 8.18</p>
   <classDecl>
    <taxonomy>
     <category xml:id='foto1'>
      <catDesc>
       <persName ref='http://d-nb.info/gnd/128472499' role='photographer'>
        Bert Sommer, 
        <orgName ref="http://d-nb.info/gnd/212562-6">Steinheim-Institut</orgName>
       </persName>
      </catDesc>
     </category>
     <category xml:id='foto6'>
      <catDesc>Fundstücke, Dan Bondy</catDesc>
     </category>
     <category xml:id='foto5'>
      <catDesc>Denkmalpflegerische Massnahme</catDesc>
     </category>
     <category xml:id='foto4'>
      <catDesc>^# Denkmalschutzamt Hamburg</catDesc>
     </category>
     <category xml:id='foto3'>
      <catDesc>Eduard Duckesz Glasplatten ^# CAHJP Jerusalem, Glasplatten: HMB/2452, Inv 2326 · Digitalisat: CDB/5-7</catDesc>
     </category>
     <category xml:id='foto2'>
      <catDesc>Historische Aufnahmen [Mikrofilme] ^# Staatsarchiv Hamburg, Bestand 741-4 Fotoarchiv, Signatur P 2333</catDesc>
     </category>
     <category xml:id='foto7'>
      <catDesc>Aufgenommen in der Synagoge Innsbruck</catDesc>
     </category>
    </taxonomy>
   </classDecl>
   <geoDecl xml:id="WGS" datum="WGS84">World Geodetic System</geoDecl>
  </encodingDesc>
  <profileDesc>
   <particDesc>
    <listPerson>
     <person xml:id="hha-1711-1" sex='1'>
      <persName>Ascher Anschel ben Naftali Hirsch Oppenheim</persName>
       <event when='1754-11-30' type="dateofdeath">
       <desc/>
      </event>
     </person>
    </listPerson>
   </particDesc>
    <langUsage>
    <!-- According to bcp47 http://tools.ietf.org/html/bcp47 (Language) and ISO15924 (writing System)-->
    <language ident='he' usage='100'>Hebrew</language>
   </langUsage>
  </profileDesc>
   <revisionDesc>
   <change/>
  </revisionDesc>
 </teiHeader>
 <facsimile>
  <graphic url='http://steinheim-institut.de/daten/picshha/xl/1711_FE_0110160215.jpg'>
    <desc>
    <ref target='#foto1'/>
    <date when='2001-10-16'/>
    recto
   </desc>
  </graphic>
  <graphic url='http://steinheim-institut.de/daten/picshha/xl/fd/543--17.jpg'>
    <desc>
    <ref target='#foto3'/>
   </desc>
  </graphic>
  <graphic url='http://steinheim-institut.de/daten/picshha/xl/mf/02/00000401.jpg'>
    <desc>
    <ref target='#foto2'/>
   </desc>
  </graphic>
  <graphic url='http://steinheim-institut.de/daten/picshha/xl/9366_EE_0409020127.jpg'>
    <desc>
    <ref target='#foto1'/>
    <date when='2004-09-02'/>
    Fragment recto
   </desc>
  </graphic>
 </facsimile>
 <text>
  <body>
   <div type='edition'>
    <head>Edition</head>
     <ab>
     <lb n='1'/>
     ‎‏[‎‏אשרי מי]‏‎
‏‎     <lb n='2'/>
     ‎‏[‎‏שבא לכאן]‏‎
‏‎     <lb n='3'/>
     ‎‏[‎‏ותלמודו בידו]‏‎
‏‎     <lb n='4'/>
     ‎‏פ״נ איש ישר וכשר‏‎
‏‎     <lb n='5'/>
     ‎‏צדיק תמים במעשיו‏‎
‏‎     <lb n='6'/>
     ‎‏עסק בתורת ה׳ בתדירה‏‎
‏‎     <lb n='7'/>
     ‎‏ומחזיק ידי לומדי תורה‏‎
‏‎     <lb n='8'/>
     ‎‏ועושה צדקה בכל עת‏‎
‏‎     <lb n='9'/>
     ‎‏ועונה ׃ עוסק מו״מ באמונ׳‏‎
‏‎     <lb n='10'/>
     ‎‏התורני הקצין פ״ו כהר״ר‏‎
‏‎     <lb n='11'/>
     ‎‏אשר אנשיל ב״מ נפתלי‏‎
‏‎     <lb n='12'/>
     ‎‏הירש אופנהיים נפטר‏‎
‏‎     <lb n='13'/>
     ‎‏יש״ק ט״ז כסליו ונקבר‏‎
‏‎     <lb n='14'/>
     ‎‏יו׳ א׳ י״ז בו תקט״ו לפ״ק‏‎
‏‎     <lb n='15'/>
     ‎‏תנצב״ה‏‎
‏‎    </ab>
   </div>
   <div type='translation'>
    <head>Übersetzung</head>
     <ab>
     <lb n='1'/>
     ›Wohl dem,
     <lb n='2'/>
     der hierher kommt
     <lb n='3'/>
     mit seinem Erlerntem in seiner Hand .
     <lb n='4'/>
     Hier ist begraben ein aufrechter und tugendhafter Mann,
     <lb n='5'/>
     gerecht (und) lauter in seinen Werken,
     <lb n='6'/>
     mit der Tora des Ewigen stets beschäftigt,
     <lb n='7'/>
     und Torastudenten unterstützend,
     <lb n='8'/>
     auch Wohltat erwies er zu jeder Zeit
     <lb n='9'/>
     und Jahreszeit, ›mit Handel und Wandel beschäftigt in Treue‹,
     <lb n='10'/>
     der Toragelehrte, der Einflußreiche, der Vorsteher und Leiter, der geehrte Meister, Herr
     <lb n='11'/>
     Ascher Anschel, Sohn des Herrn Naftali
     <lb n='12'/>
     Hirsch Oppenheim, verschieden
     <lb n='13'/>
     (am) Tag des heiligen Schabbat, 16. Kislev, und begraben
     <lb n='14'/>
     Tag 1, 17. desselben, 515 der kleinen Zählung.
     <lb n='15'/>
     Seine Seele sei eingebunden in das Bündel des Lebens
    </ab>
   </div>
   <div type="commentary" subtype="Zitate">
    <head>Zitate</head>
    <p>Zln 1-3: Vgl. u. a. KohR 9,1 (10)</p>
    <p>Zl 9: bShab 31a</p>
   </div>
   <div type='commentary' subtype='Stilmittel'>
    <head>Stilmittel</head>
    <p>
     <label>Reim</label>
      auf -rah in Zln 6,7 und auf 
     <u>-nah</u>
      in Zl 9.
    </p>
   </div>
   <div type="commentary" subtype="Zeilenkommentar">
    <head>Zeilenkommentar</head>
    <p>Zln 1/3: Zu: KohR (Wilna) 9,1 (10) u.a.; wörtlich: seinen Talmud.</p>
   </div>
   <div type="commentary" subtype="Endkommentar">
    <head>Endkommentar</head>
    <p>Die histor. Aufnahme zeigt das Grabmal noch unbeschädigt.</p>
   </div>
   <div type="commentary" subtype="Prosopographie">
    <head>Prosopographie</head>
   </div>
   <div type="bibliography">
    <head>Bibliographie</head>
    <p>to be done ...</p>
   </div>
  </body>
 </text>
</TEI>
