﻿<?xml version="1.0" encoding="UTF-8"?>
<?xml-model href="http://www.stoa.org/epidoc/schema/8.18/tei-epidoc.rng" schematypens="http://relaxng.org/ns/structure/1.0"?>
<TEI xmlns:xi="http://www.w3.org/2001/XInclude" xmlns:svg="http://www.w3.org/2000/svg" xmlns:math="http://www.w3.org/1998/Math/MathML" xmlns="http://www.tei-c.org/ns/1.0">
 <teiHeader>
  <fileDesc>
   <titleStmt>
    <title xml:lang='de'>Grabmal für Goldche bat Gumpel Neumark, gest. 1711-02-27, Jüdischer Friedhof Hamburg-Altona, Königstraße</title>
    <respStmt xml:lang="de">
     <resp>herausgegeben vom</resp>
     <orgName ref="http://d-nb.info/gnd/212562-6">
      Salomon Ludwig Steinheim-Institut
      <address>
       <addrLine>Edmund-Körner-Platz 2</addrLine>
       <addrLine>D-45127 Essen</addrLine>
      </address>
     </orgName>
    </respStmt>
   </titleStmt>
    <editionStmt>
    <edition/>
   </editionStmt>
   <extent/>
   <publicationStmt>
    <publisher>
     <orgName ref="http://d-nb.info/gnd/212562-6">
      Salomon Ludwig Steinheim-Institut 
      <address>
       <addrLine>Edmund-Körner-Platz 2</addrLine>
       <addrLine>D-45127 Essen</addrLine>
      </address>
     </orgName>
    </publisher>
    <idno>hha-1445</idno>
    <idno type="url">http://www.steinheim-institut.de/cgi-bin/epidat?id=hha-1445</idno>
    <availability xml:lang="en" status="free">
     <licence>
      <ref target="http://creativecommons.org/licenses/by/4.0/">Distributed under a Creative Commons licence Attribution-BY 4.0</ref>
      <p>
       All reuse or distribution of this work must contain somewhere a link back to the URL 
       <ref>http://www.steinheim-institut.de/cgi-bin/epidat?id=hha-1445</ref>
      </p>
     </licence>
    </availability>
   </publicationStmt>
    <notesStmt>
    <note/>
   </notesStmt>
   <sourceDesc>
    <bibl>born digital</bibl>
     <msDesc>
     <msIdentifier/>
     <physDesc>
      <objectDesc>
       <supportDesc>
        <support>
         <p>
          <material>Stein</material>
         </p>
        </support>
        <condition>
         <p>
          <date>2006</date>
           in situ Beschädigung leicht
         </p>
        </condition>
       </supportDesc>
        <layoutDesc>
        <layout/>
       </layoutDesc>
      </objectDesc>
      <handDesc>
       <handNote>Schrift vertieft</handNote>
      </handDesc>
      <decoDesc>
       <decoNote type='ornament'>floral: Kranz</decoNote>
      </decoDesc>
     </physDesc>
     <history>
      <origin>
       <date notBefore='1711-02-27'>1711-02-27</date>
       <country type="ISO_3166" key="XA-DE-HH">
        Germany
        <region>Hamburg</region>
       </country>
       <settlement type='city' key='tgn:7012310'>
        Hamburg-Altona, Königstraße 
        <geogName>
         Jüdischer Friedhof
         <geo decls="#WGS">53.549373 9.950545</geo>
         <location>
          <geo decls='Planquadrat'>EN</geo>
         </location>
         <location>
          <geo decls='Feld Grabnummer'>S 1324</geo>
         </location>
        </geogName>
       </settlement>
      </origin>
     </history>
    </msDesc>
   </sourceDesc>
  </fileDesc>
  <encodingDesc>
   <p>Encoded according to the EpiDoc Guidelines, Schema Version 8.18</p>
   <classDecl>
    <taxonomy>
     <category xml:id='foto1'>
      <catDesc>
       <persName ref='http://d-nb.info/gnd/128472499' role='photographer'>
        Bert Sommer, 
        <orgName ref="http://d-nb.info/gnd/212562-6">Steinheim-Institut</orgName>
       </persName>
      </catDesc>
     </category>
     <category xml:id='foto6'>
      <catDesc>Fundstücke, Dan Bondy</catDesc>
     </category>
     <category xml:id='foto5'>
      <catDesc>Denkmalpflegerische Massnahme</catDesc>
     </category>
     <category xml:id='foto4'>
      <catDesc>^# Denkmalschutzamt Hamburg</catDesc>
     </category>
     <category xml:id='foto3'>
      <catDesc>Eduard Duckesz Glasplatten ^# CAHJP Jerusalem, Glasplatten: HMB/2452, Inv 2326 · Digitalisat: CDB/5-7</catDesc>
     </category>
     <category xml:id='foto2'>
      <catDesc>Historische Aufnahmen [Mikrofilme] ^# Staatsarchiv Hamburg, Bestand 741-4 Fotoarchiv, Signatur P 2333</catDesc>
     </category>
     <category xml:id='foto7'>
      <catDesc>Aufgenommen in der Synagoge Innsbruck</catDesc>
     </category>
    </taxonomy>
   </classDecl>
   <geoDecl xml:id="WGS" datum="WGS84">World Geodetic System</geoDecl>
  </encodingDesc>
  <profileDesc>
   <particDesc>
    <listPerson>
     <person xml:id="hha-1445-1" sex='2'>
      <persName>Goldche bat Gumpel Neumark</persName>
       <event when='1711-02-27' type="dateofdeath">
       <desc/>
      </event>
     </person>
    </listPerson>
   </particDesc>
    <langUsage>
    <!-- According to bcp47 http://tools.ietf.org/html/bcp47 (Language) and ISO15924 (writing System)-->
    <language ident='he' usage='100'>Hebrew</language>
   </langUsage>
  </profileDesc>
   <revisionDesc>
   <change/>
  </revisionDesc>
 </teiHeader>
 <facsimile>
  <graphic url='http://steinheim-institut.de/daten/picshha/xl/1445_EN_0110120218.jpg'>
    <desc>
    <ref target='#foto1'/>
    <date when='2001-10-12'/>
    recto
   </desc>
  </graphic>
  <graphic url='http://steinheim-institut.de/daten/picshha/xl/fd/520--08.jpg'>
    <desc>
    <ref target='#foto3'/>
   </desc>
  </graphic>
  <graphic url='http://steinheim-institut.de/daten/picshha/xl/mf/04/00000155.jpg'>
    <desc>
    <ref target='#foto2'/>
   </desc>
  </graphic>
 </facsimile>
 <text>
  <body>
   <div type='edition'>
    <head>Edition</head>
     <ab>
     <lb n='1'/>
     ‎‏פ״נ‏‎
‏‎     <lb n='2'/>
     ‎‏בתולה‏‎
‏‎     <lb n='3'/>
     ‎‏גדלה והצליחה עת חופתה ׃‏‎
‏‎     <lb n='4'/>
     ‎‏אשר יאמרו לה אין כמותה ׃‏‎
‏‎     <lb n='5'/>
     ‎‏לה הזהב והכסף ומרי דכי ׃‏‎
‏‎     <lb n='6'/>
     ‎‏די מחסורה תת נדוניתה ׃‏‎
‏‎     <lb n='7'/>
     ‎‏כדרך אבתיה הלכה יצאתה ׃‏‎
‏‎     <lb n='8'/>
     ‎‏יד ושם לה בתולה גאלדכי ׃‏‎
‏‎     <lb n='9'/>
     ‎‏בת האלוף כ׳ גומפיל ניימרק‏‎
‏‎     <lb n='10'/>
     ‎‏ז״ל נפטרה ליל ש״ק ונקברה‏‎
‏‎     <lb n='11'/>
     ‎‏יום א׳ יו״ד אדר תע״א לפ״ק‏‎
‏‎     <lb n='12'/>
     ‎‏תנצב״ה ‏‎
‏‎    </ab>
   </div>
   <div type='translation'>
    <head>Übersetzung</head>
     <ab>
     <lb n='1'/>
     Hier ist begraben
     <lb n='2'/>
     eine Jungfrau,
     <lb n='3'/>
     sie wuchs auf und gelangte zur Zeit ihrer Vermählung,
     <lb n='4'/>
     und man wird von ihr sagen: keine war wie sie.
     <lb n='5'/>
     Sie hatte das Gold und das Silber ›die edelsten Myrrhen‹,
     <lb n='6'/>
     genug gespart zu ihrer Mitgift.
     <lb n='7'/>
     Da ging sie hinaus, auf dem Wege ihrer Väter:
     <lb n='8'/>
     ein Gedächtnismal sei ihr, der Jungfrau Goldche,
     <lb n='9'/>
     Tochter des Vornehmen, des geehrten Gumpel Neumark,
     <lb n='10'/>
     sein Andenken zum Segen, verschieden in der Nacht des heiligen Schabbat und begraben
     <lb n='11'/>
     Tag 1, Zehnter Adar 471 der kleinen Zählung.
     <lb n='12'/>
     Ihre Seele sei eingebunden in das Bündel des Lebens
    </ab>
   </div>
   <div type="commentary" subtype="Zitate">
    <head>Zitate</head>
    <p>Zl 5: bMeg 10b</p>
   </div>
   <div type='commentary' subtype='Stilmittel'>
    <head>Stilmittel</head>
    <p>Verseulogie: sechszeiliges Namensgedicht mit Reim aabaab und Akrostichon; dreihebige Verse aus acht Vollsilben</p>
    <p>
     <label>Reim</label>
      auf -tah und -che in Zln 3-8 (den Namen einschließend).
    </p>
    <p>
     <label>Akrostichon</label>
      in Zeilen 3-8: ‎‏גאלדכי‏‎ Goldche
    </p>
   </div>
   <div type="commentary" subtype="Zeilenkommentar">
    <head>Zeilenkommentar</head>
    <p>Zl 5: Anspielung auf den Namen</p>
   </div>
   <div type="commentary" subtype="Endkommentar">
    <head>Endkommentar</head>
    <p>
     Das sparsame Mädchen. Im Gegensatz zur gleichaltrigen Bella Schwerin 
     <ref target="http://steinheim-institut.de/cgi-bin/epidat?id=hha-(Nr. 1511)-t">hha-(Nr. 1511)</ref>
      wird Goldche Neumarks Tod kurz vor dem Brautstand nicht über ihre körperliche Entwicklung zu Reife und Schönheit, sondern mit Hinblick auf den ökonomischen Lebenszyklus junger Frauen datiert. Sie hatte ihre Mitgift soeben mühevoll angespart, als ihr frühzeitiger Tod sie kurz vor ihrer Verlobung ereilte. Wahrscheinlich hat sich der Dichter zu seiner unterschiedlichen Akzentsetzung auch durch Bellas und Goldches jeweilige Namen anregen lassen.
    </p>
   </div>
   <div type="commentary" subtype="Prosopographie">
    <head>Prosopographie</head>
   </div>
   <div type="bibliography">
    <head>Bibliographie</head>
    <p>to be done ...</p>
   </div>
  </body>
 </text>
</TEI>
