﻿<?xml version="1.0" encoding="UTF-8"?>
<?xml-model href="http://www.stoa.org/epidoc/schema/8.18/tei-epidoc.rng" schematypens="http://relaxng.org/ns/structure/1.0"?>
<TEI xmlns:xi="http://www.w3.org/2001/XInclude" xmlns:svg="http://www.w3.org/2000/svg" xmlns:math="http://www.w3.org/1998/Math/MathML" xmlns="http://www.tei-c.org/ns/1.0">
 <teiHeader>
  <fileDesc>
   <titleStmt>
    <title xml:lang='de'>Grabmal für Mirjam bat Mendel ∞ Wolf Jüdel SeGaL, gest. 1849-10-05, Jüdischer Friedhof Hamburg-Altona, Königstraße</title>
    <respStmt xml:lang="de">
     <resp>herausgegeben vom</resp>
     <orgName ref="http://d-nb.info/gnd/212562-6">
      Salomon Ludwig Steinheim-Institut
      <address>
       <addrLine>Edmund-Körner-Platz 2</addrLine>
       <addrLine>D-45127 Essen</addrLine>
      </address>
     </orgName>
    </respStmt>
   </titleStmt>
    <editionStmt>
    <edition/>
   </editionStmt>
   <extent/>
   <publicationStmt>
    <publisher>
     <orgName ref="http://d-nb.info/gnd/212562-6">
      Salomon Ludwig Steinheim-Institut 
      <address>
       <addrLine>Edmund-Körner-Platz 2</addrLine>
       <addrLine>D-45127 Essen</addrLine>
      </address>
     </orgName>
    </publisher>
    <idno>hha-144</idno>
    <idno type="url">http://www.steinheim-institut.de/cgi-bin/epidat?id=hha-144</idno>
    <availability xml:lang="en" status="free">
     <licence>
      <ref target="http://creativecommons.org/licenses/by/4.0/">Distributed under a Creative Commons licence Attribution-BY 4.0</ref>
      <p>
       All reuse or distribution of this work must contain somewhere a link back to the URL 
       <ref>http://www.steinheim-institut.de/cgi-bin/epidat?id=hha-144</ref>
      </p>
     </licence>
    </availability>
   </publicationStmt>
    <notesStmt>
    <note/>
   </notesStmt>
   <sourceDesc>
    <bibl>born digital</bibl>
     <msDesc>
     <msIdentifier/>
     <physDesc>
      <objectDesc>
       <supportDesc>
        <support>
         <p>
          <material>Stein</material>
         </p>
        </support>
        <condition>
         <p>
          <date>2006</date>
           non in situ Beschädigung mittel in zwei Teile zerbrochen 
          <damage agent='Verwitterung'>Verwitterung mittel</damage>
         </p>
        </condition>
       </supportDesc>
        <layoutDesc>
        <layout/>
       </layoutDesc>
      </objectDesc>
      <handDesc>
       <handNote>Schrift vertieft (VS; RS: Deutsch)</handNote>
      </handDesc>
     </physDesc>
     <history>
      <origin>
       <date notBefore='1849-10-05'>1849-10-05</date>
       <country type="ISO_3166" key="XA-DE-HH">
        Germany
        <region>Hamburg</region>
       </country>
       <settlement type='city' key='tgn:7012310'>
        Hamburg-Altona, Königstraße 
        <geogName>
         Jüdischer Friedhof
         <geo decls="#WGS">53.549373 9.950545</geo>
         <location>
          <geo decls='Planquadrat'>AH</geo>
         </location>
         <location>
          <geo decls='Feld Grabnummer'>O 2467</geo>
         </location>
        </geogName>
       </settlement>
      </origin>
     </history>
    </msDesc>
   </sourceDesc>
  </fileDesc>
  <encodingDesc>
   <p>Encoded according to the EpiDoc Guidelines, Schema Version 8.18</p>
   <classDecl>
    <taxonomy>
     <category xml:id='foto1'>
      <catDesc>
       <persName ref='http://d-nb.info/gnd/128472499' role='photographer'>
        Bert Sommer, 
        <orgName ref="http://d-nb.info/gnd/212562-6">Steinheim-Institut</orgName>
       </persName>
      </catDesc>
     </category>
     <category xml:id='foto6'>
      <catDesc>Fundstücke, Dan Bondy</catDesc>
     </category>
     <category xml:id='foto5'>
      <catDesc>Denkmalpflegerische Massnahme</catDesc>
     </category>
     <category xml:id='foto4'>
      <catDesc>^# Denkmalschutzamt Hamburg</catDesc>
     </category>
     <category xml:id='foto3'>
      <catDesc>Eduard Duckesz Glasplatten ^# CAHJP Jerusalem, Glasplatten: HMB/2452, Inv 2326 · Digitalisat: CDB/5-7</catDesc>
     </category>
     <category xml:id='foto2'>
      <catDesc>Historische Aufnahmen [Mikrofilme] ^# Staatsarchiv Hamburg, Bestand 741-4 Fotoarchiv, Signatur P 2333</catDesc>
     </category>
     <category xml:id='foto7'>
      <catDesc>Aufgenommen in der Synagoge Innsbruck</catDesc>
     </category>
    </taxonomy>
   </classDecl>
   <geoDecl xml:id="WGS" datum="WGS84">World Geodetic System</geoDecl>
  </encodingDesc>
  <profileDesc>
   <particDesc>
    <listPerson>
     <person xml:id="hha-144-1" sex='2'>
      <persName>Mirjam bat Mendel ∞ Wolf Jüdel SeGaL</persName>
       <event when='1849-10-05' type="dateofdeath">
       <desc/>
      </event>
     </person>
    </listPerson>
   </particDesc>
    <langUsage>
    <!-- According to bcp47 http://tools.ietf.org/html/bcp47 (Language) and ISO15924 (writing System)-->
    <language ident='he' usage='65'>Hebrew</language>
    <language ident='de' usage='34'>German</language>
   </langUsage>
  </profileDesc>
   <revisionDesc>
   <change/>
  </revisionDesc>
 </teiHeader>
 <facsimile>
  <graphic url='http://steinheim-institut.de/daten/picshha/xl/0144_AH_0105020231.jpg'>
    <desc>
    <ref target='#foto1'/>
    <date when='2001-05-02'/>
    recto
   </desc>
  </graphic>
  <graphic url='http://steinheim-institut.de/daten/picshha/xl/0144_AH_0205240132.jpg'>
    <desc>
    <ref target='#foto1'/>
    <date when='2002-05-24'/>
    verso
   </desc>
  </graphic>
  <graphic url='http://steinheim-institut.de/daten/picshha/xl/mf/04/00000316.jpg'>
    <desc>
    <ref target='#foto2'/>
   </desc>
  </graphic>
  <graphic url='http://steinheim-institut.de/daten/picshha/xl/mf/04/00000317.jpg'>
    <desc>
    <ref target='#foto2'/>
    verso
   </desc>
  </graphic>
 </facsimile>
 <text>
  <body>
   <div type='edition'>
    <head>Edition</head>
    <div type='textpart' subtype='recto'>
      <ab>
      <lb n='1'/>
      ‎‏פ״ט‏‎
‏‎      <lb n='2'/>
      ‎‏האשה היולדת החשובה והטובה‏‎
‏‎      <lb n='3'/>
      ‎‏מ׳ הנא מרים בת כ׳ מענדל‏‎
‏‎      <lb n='4'/>
      ‎‏ז״ל מעלמעסהארן‏‎
‏‎      <lb n='5'/>
      ‎‏אשת כ״ה וואלף ידל סג״ל‏‎
‏‎      <lb n='6'/>
      ‎‏שנפטרה בשם טוב והלכה‏‎
‏‎      <lb n='7'/>
      ‎‏לעולמה רך בשנים ביו׳ ו׳ עש״ק‏‎
‏‎      <lb n='8'/>
      ‎‏ג׳ דחל מועד סוכות ונקב׳ ביום א׳‏‎
‏‎      <lb n='9'/>
      ‎‏הושענא רבא שנת תר״י לפ״ק‏‎
‏‎      <lb n='10'/>
      ‎‏תנצב״ה‏‎
‏‎     </ab>
    </div>
    <div type='textpart' subtype='verso'>
      <ab>
      <lb n='11'/>
      Hier ruhet
      <lb n='12'/>
      Hanchen Jüdel
      <lb n='13'/>
      geb. Mendel
      <lb n='14'/>
      geb. zu Elmshorn
      <lb n='15'/>
      d. 6t. im 1t. Adar
      <lb n='16'/>
      5575,
      <lb n='17'/>
      gest. zu Altona
      <lb n='18'/>
      am [19]t. Tischri
      <lb n='19'/>
      5610.
     </ab>
    </div>
   </div>
   <div type='translation'>
    <head>Übersetzung</head>
    <div type='textpart' subtype='recto'>
      <ab>
      <lb n='1'/>
      Hier ist geborgen
      <lb n='2'/>
      die Frau, die Wöchnerin, die Angesehene und die Gute,
      <lb n='3'/>
      Frau Hanna Mirjam, Tochter des Geehrten Mendel
      <lb n='4'/>
      sein Andenken zum Segen, aus Elmshorn,
      <lb n='5'/>
      Gattin des geehrten Herrn Wolf Jüdel SeGaL,
      <lb n='6'/>
      die ›mit gutem Namen‹ verschied und in ihre Welt
      <lb n='7'/>
      hinging noch zart an Jahren am Tag 6, Rüsttag des heiligen Schabbat,
      <lb n='8'/>
      3. der Zwischenfeiertage des Laubhüttenfestes und begraben wurde am Tag 1
      <lb n='9'/>
      Hoschana Rabba, des Jahres 610 der kleinen Zählung.
      <lb n='10'/>
      Ihre Seele sei eingebunden in das Bündel des Lebens
     </ab>
    </div>
   </div>
   <div type="commentary" subtype="Zitate">
    <head>Zitate</head>
    <p>Zl 6: bBer 17a</p>
   </div>
   <div type="commentary" subtype="Zeilenkommentar">
    <head>Zeilenkommentar</head>
    <p>Zl 7: BerR 90,3</p>
   </div>
   <div type="commentary" subtype="Endkommentar">
    <head>Endkommentar</head>
    <p>Das Geburtsdatum ist nur im deutschen Text angegeben, das "Pendant" im Hebräischen "zart an Jahren" bleibt traditionell, ebenso wie die selbstverständliche Datumsangabe mit den Feiertagen. Der deutsche Text gibt das Datum zwar nach jüdischem Kalender an, nennt jedoch den Monatsnamen Tischri und nicht den Feiertag Laubhüttenfest.</p>
   </div>
   <div type="commentary" subtype="Prosopographie">
    <head>Prosopographie</head>
   </div>
   <div type="bibliography">
    <head>Bibliographie</head>
    <p>to be done ...</p>
   </div>
  </body>
 </text>
</TEI>
