﻿<?xml version="1.0" encoding="UTF-8"?>
<?xml-model href="http://www.stoa.org/epidoc/schema/8.18/tei-epidoc.rng" schematypens="http://relaxng.org/ns/structure/1.0"?>
<TEI xmlns:xi="http://www.w3.org/2001/XInclude" xmlns:svg="http://www.w3.org/2000/svg" xmlns:math="http://www.w3.org/1998/Math/MathML" xmlns="http://www.tei-c.org/ns/1.0">
 <teiHeader>
  <fileDesc>
   <titleStmt>
    <title xml:lang='de'>Grabmal für Rechel bat Meir KaZ ∞ Feiwelmann ben Mosche, gest. 1787-10-13, Jüdischer Friedhof Hamburg-Altona, Königstraße</title>
    <respStmt xml:lang="de">
     <resp>herausgegeben vom</resp>
     <orgName ref="http://d-nb.info/gnd/212562-6">
      Salomon Ludwig Steinheim-Institut
      <address>
       <addrLine>Edmund-Körner-Platz 2</addrLine>
       <addrLine>D-45127 Essen</addrLine>
      </address>
     </orgName>
    </respStmt>
   </titleStmt>
    <editionStmt>
    <edition/>
   </editionStmt>
   <extent/>
   <publicationStmt>
    <publisher>
     <orgName ref="http://d-nb.info/gnd/212562-6">
      Salomon Ludwig Steinheim-Institut 
      <address>
       <addrLine>Edmund-Körner-Platz 2</addrLine>
       <addrLine>D-45127 Essen</addrLine>
      </address>
     </orgName>
    </publisher>
    <idno>hha-148</idno>
    <idno type="url">http://www.steinheim-institut.de/cgi-bin/epidat?id=hha-148</idno>
    <availability xml:lang="en" status="free">
     <licence>
      <ref target="http://creativecommons.org/licenses/by/4.0/">Distributed under a Creative Commons licence Attribution-BY 4.0</ref>
      <p>
       All reuse or distribution of this work must contain somewhere a link back to the URL 
       <ref>http://www.steinheim-institut.de/cgi-bin/epidat?id=hha-148</ref>
      </p>
     </licence>
    </availability>
   </publicationStmt>
    <notesStmt>
    <note/>
   </notesStmt>
   <sourceDesc>
    <bibl>born digital</bibl>
     <msDesc>
     <msIdentifier/>
     <physDesc>
      <objectDesc>
       <supportDesc>
        <support>
         <p>
          <material>Stein</material>
         </p>
        </support>
        <condition>
         <p>
          <date>2006</date>
           non in situ
         </p>
        </condition>
       </supportDesc>
        <layoutDesc>
        <layout/>
       </layoutDesc>
      </objectDesc>
      <handDesc>
       <handNote>Schrift erhaben (VS); vertieft (RS)</handNote>
      </handDesc>
     </physDesc>
     <history>
      <origin>
       <date notBefore='1787-10-13'>1787-10-13</date>
       <country type="ISO_3166" key="XA-DE-HH">
        Germany
        <region>Hamburg</region>
       </country>
       <settlement type='city' key='tgn:7012310'>
        Hamburg-Altona, Königstraße 
        <geogName>
         Jüdischer Friedhof
         <geo decls="#WGS">53.549373 9.950545</geo>
         <location>
          <geo decls='Planquadrat'>AH</geo>
         </location>
         <location>
          <geo decls='Feld Grabnummer'>O 1937</geo>
         </location>
        </geogName>
       </settlement>
      </origin>
     </history>
    </msDesc>
   </sourceDesc>
  </fileDesc>
  <encodingDesc>
   <p>Encoded according to the EpiDoc Guidelines, Schema Version 8.18</p>
   <classDecl>
    <taxonomy>
     <category xml:id='foto1'>
      <catDesc>
       <persName ref='http://d-nb.info/gnd/128472499' role='photographer'>
        Bert Sommer, 
        <orgName ref="http://d-nb.info/gnd/212562-6">Steinheim-Institut</orgName>
       </persName>
      </catDesc>
     </category>
     <category xml:id='foto6'>
      <catDesc>Fundstücke, Dan Bondy</catDesc>
     </category>
     <category xml:id='foto5'>
      <catDesc>Denkmalpflegerische Massnahme</catDesc>
     </category>
     <category xml:id='foto4'>
      <catDesc>^# Denkmalschutzamt Hamburg</catDesc>
     </category>
     <category xml:id='foto3'>
      <catDesc>Eduard Duckesz Glasplatten ^# CAHJP Jerusalem, Glasplatten: HMB/2452, Inv 2326 · Digitalisat: CDB/5-7</catDesc>
     </category>
     <category xml:id='foto2'>
      <catDesc>Historische Aufnahmen [Mikrofilme] ^# Staatsarchiv Hamburg, Bestand 741-4 Fotoarchiv, Signatur P 2333</catDesc>
     </category>
     <category xml:id='foto7'>
      <catDesc>Aufgenommen in der Synagoge Innsbruck</catDesc>
     </category>
    </taxonomy>
   </classDecl>
   <geoDecl xml:id="WGS" datum="WGS84">World Geodetic System</geoDecl>
  </encodingDesc>
  <profileDesc>
   <particDesc>
    <listPerson>
     <person xml:id="hha-148-1" sex='2'>
      <persName>Rechel bat Meir KaZ ∞ Feiwelmann ben Mosche</persName>
       <event when='1787-10-13' type="dateofdeath">
       <desc/>
      </event>
     </person>
    </listPerson>
   </particDesc>
    <langUsage>
    <!-- According to bcp47 http://tools.ietf.org/html/bcp47 (Language) and ISO15924 (writing System)-->
    <language ident='he' usage='100'>Hebrew</language>
   </langUsage>
  </profileDesc>
   <revisionDesc>
   <change/>
  </revisionDesc>
 </teiHeader>
 <facsimile>
  <graphic url='http://steinheim-institut.de/daten/picshha/xl/0148_AH_0105020237.jpg'>
    <desc>
    <ref target='#foto1'/>
    <date when='2001-05-02'/>
    recto
   </desc>
  </graphic>
  <graphic url='http://steinheim-institut.de/daten/picshha/xl/0148_AH_0205240123.jpg'>
    <desc>
    <ref target='#foto1'/>
    <date when='2002-05-24'/>
    verso
   </desc>
  </graphic>
  <graphic url='http://steinheim-institut.de/daten/picshha/xl/mf/05/00000043.jpg'>
    <desc>
    <ref target='#foto2'/>
   </desc>
  </graphic>
 </facsimile>
 <text>
  <body>
   <div type='edition'>
    <head>Edition</head>
    <div type='textpart' subtype='recto'>
      <ab>
      <lb n='1'/>
      ‎‏פ״ט‏‎
‏‎      <lb n='2'/>
      ‎‏אשה חכמת לב‏‎
‏‎      <lb n='3'/>
      ‎‏יראת ה׳ אוצרה‏‎
‏‎      <lb n='4'/>
      ‎‏ראתה מנוחה‏‎
‏‎      <lb n='5'/>
      ‎‏והושכבה בורה‏‎
‏‎      <lb n='6'/>
      ‎‏עוד ימי ביכורה‏‎
‏‎      <lb n='7'/>
      ‎‏כל שומעים נאנאחים (!)‏‎
‏‎      <lb n='8'/>
      ‎‏יען פרשה כפה‏‎
‏‎      <lb n='9'/>
      ‎‏לכל שאול ללחם‏‎
‏‎      <lb n='10'/>
      ‎‏רעכיל בת מו״ה מאיר‏‎
‏‎      <lb n='11'/>
      ‎‏כ״ץ ז״ל אשת כ׳ פייבלמן‏‎
‏‎      <lb n='12'/>
      ‎‏בן משה נפטר׳ ונקבר׳‏‎
‏‎      <lb n='13'/>
      ‎‏ב׳ דר״ח מרחשון תק‏‎
‏‎      <lb n='14'/>
      ‎‏מ״ח לפ״ק תנצב״ה‏‎
‏‎     </ab>
    </div>
    <div type='textpart' subtype='verso'>
      <ab>
      <lb n='15'/>
      ‎‏רעכיל‏‎
‏‎     </ab>
    </div>
   </div>
   <div type='translation'>
    <head>Übersetzung</head>
    <div type='textpart' subtype='recto'>
      <ab>
      <lb n='1'/>
      Hier ist geborgen
      <lb n='2'/>
      eine herzensweise Frau,
      <lb n='3'/>
      die Ehrfurcht des Ewigen war ihr Schatz,
      <lb n='4'/>
      sie sah die Ruhestatt,
      <lb n='5'/>
      und ward gelegt in die Grube
      <lb n='6'/>
      noch in den Tagen ihrer Erstreife,
      <lb n='7'/>
      alle, die dies hörten seufzten,
      <lb n='8'/>
      weil sie ihre Hand reichte
      <lb n='9'/>
      jedem, der um Brot bat,
      <lb n='10'/>
      Rechel, Tochter unseres Lehrers, des Meisters, Herrn Meir
      <lb n='11'/>
      KaZ, sein Andenken zum Segen, Gattin des geehrten Feiwelmann,
      <lb n='12'/>
      Sohn des Mosche, verschieden und begraben
      <lb n='13'/>
      2. Neumondstag Marcheschvan 5-
      <lb n='14'/>
      48 der kleinen Zählung. Ihre Seele sei eingebunden in das Bündel des Lebens
     </ab>
    </div>
    <div type='textpart' subtype='verso'>
      <ab>
      <lb n='15'/>
      Rechel
     </ab>
    </div>
   </div>
   <div type='commentary' subtype='Stilmittel'>
    <head>Stilmittel</head>
    <p>
     <label>Reim</label>
      auf -rah in Zln 3,5/6 und auf -a(e)chem in Zln 7, 9.
    </p>
    <p>
     <label>Akrostichon</label>
      in Zeilen 4, 6-9: ‎‏רעכיל‏‎ Rechel
    </p>
   </div>
   <div type="commentary" subtype="Zeilenkommentar">
    <head>Zeilenkommentar</head>
    <p>Zl 2: Ex 35,25; einziges Vorkommen des Ausdrucks in der Bibel in seiner femininen Form, die übrigen, z.B. Ex 35,10, sind maskulin.</p>
    <p>Zl 3: Jes 33,6.</p>
    <p>Zl 4: Gen 49,15; im Jakobssegen von Issachar gesagt.</p>
    <p>Zl 5: Der hier verwendete Ausdruck kommt in der Bibel nicht vor, er mag eine "komprimierte Form" von Ez 32,29 sein.</p>
    <p>Zl 6: Vgl. Num 28,26; dort der Tag der Erstreife selbst, hier die Tage, die Zeit der Erstreife.</p>
    <p>Zl 8: Spr 31,20.</p>
    <p>Zl 9: Vgl. Klgl 4,4.</p>
    <p>Zln 12/13: Laut Inschrift wurde Rechel am Schabbat begraben, was sehr ungewöhlich wäre. Aus dem shha geht jedoch hervor, dass der Begräbnistag der Tag darauf, Sonntag, war.</p>
   </div>
   <div type="commentary" subtype="Prosopographie">
    <head>Prosopographie</head>
   </div>
   <div type="bibliography">
    <head>Bibliographie</head>
    <p>to be done ...</p>
   </div>
  </body>
 </text>
</TEI>
