﻿<?xml version="1.0" encoding="UTF-8"?>
<?xml-model href="http://www.stoa.org/epidoc/schema/8.18/tei-epidoc.rng" schematypens="http://relaxng.org/ns/structure/1.0"?>
<TEI xmlns:xi="http://www.w3.org/2001/XInclude" xmlns:svg="http://www.w3.org/2000/svg" xmlns:math="http://www.w3.org/1998/Math/MathML" xmlns="http://www.tei-c.org/ns/1.0">
 <teiHeader>
  <fileDesc>
   <titleStmt>
    <title xml:lang='de'>Grabmal für Rösche bat David L(eudes)d(orf) ∞ Löb Hausen, gest. 1782-08-03, Jüdischer Friedhof Hamburg-Altona, Königstraße</title>
    <respStmt xml:lang="de">
     <resp>herausgegeben vom</resp>
     <orgName ref="http://d-nb.info/gnd/212562-6">
      Salomon Ludwig Steinheim-Institut
      <address>
       <addrLine>Edmund-Körner-Platz 2</addrLine>
       <addrLine>D-45127 Essen</addrLine>
      </address>
     </orgName>
    </respStmt>
   </titleStmt>
    <editionStmt>
    <edition/>
   </editionStmt>
   <extent/>
   <publicationStmt>
    <publisher>
     <orgName ref="http://d-nb.info/gnd/212562-6">
      Salomon Ludwig Steinheim-Institut 
      <address>
       <addrLine>Edmund-Körner-Platz 2</addrLine>
       <addrLine>D-45127 Essen</addrLine>
      </address>
     </orgName>
    </publisher>
    <idno>hha-1697</idno>
    <idno type="url">http://www.steinheim-institut.de/cgi-bin/epidat?id=hha-1697</idno>
    <availability xml:lang="en" status="free">
     <licence>
      <ref target="http://creativecommons.org/licenses/by/4.0/">Distributed under a Creative Commons licence Attribution-BY 4.0</ref>
      <p>
       All reuse or distribution of this work must contain somewhere a link back to the URL 
       <ref>http://www.steinheim-institut.de/cgi-bin/epidat?id=hha-1697</ref>
      </p>
     </licence>
    </availability>
   </publicationStmt>
    <notesStmt>
    <note/>
   </notesStmt>
   <sourceDesc>
    <bibl>born digital</bibl>
     <msDesc>
     <msIdentifier/>
     <physDesc>
      <objectDesc>
       <supportDesc>
        <support>
         <p>
          <material>Stein</material>
         </p>
        </support>
        <condition>
         <p>
          <date>2006</date>
           in situ Beschädigung schwer
         </p>
        </condition>
       </supportDesc>
        <layoutDesc>
        <layout/>
       </layoutDesc>
      </objectDesc>
      <handDesc>
       <handNote>Schrift erhaben</handNote>
      </handDesc>
      <decoDesc>
       <decoNote type='symbol'>Namenssymbol: Blume</decoNote>
      </decoDesc>
     </physDesc>
     <history>
      <origin>
       <date notBefore='1782-08-03'>1782-08-03</date>
       <country type="ISO_3166" key="XA-DE-HH">
        Germany
        <region>Hamburg</region>
       </country>
       <settlement type='city' key='tgn:7012310'>
        Hamburg-Altona, Königstraße 
        <geogName>
         Jüdischer Friedhof
         <geo decls="#WGS">53.549373 9.950545</geo>
         <location>
          <geo decls='Planquadrat'>FE</geo>
         </location>
         <location>
          <geo decls='Feld Grabnummer'>N 2989</geo>
         </location>
        </geogName>
       </settlement>
      </origin>
     </history>
    </msDesc>
   </sourceDesc>
  </fileDesc>
  <encodingDesc>
   <p>Encoded according to the EpiDoc Guidelines, Schema Version 8.18</p>
   <classDecl>
    <taxonomy>
     <category xml:id='foto1'>
      <catDesc>
       <persName ref='http://d-nb.info/gnd/128472499' role='photographer'>
        Bert Sommer, 
        <orgName ref="http://d-nb.info/gnd/212562-6">Steinheim-Institut</orgName>
       </persName>
      </catDesc>
     </category>
     <category xml:id='foto6'>
      <catDesc>Fundstücke, Dan Bondy</catDesc>
     </category>
     <category xml:id='foto5'>
      <catDesc>Denkmalpflegerische Massnahme</catDesc>
     </category>
     <category xml:id='foto4'>
      <catDesc>^# Denkmalschutzamt Hamburg</catDesc>
     </category>
     <category xml:id='foto3'>
      <catDesc>Eduard Duckesz Glasplatten ^# CAHJP Jerusalem, Glasplatten: HMB/2452, Inv 2326 · Digitalisat: CDB/5-7</catDesc>
     </category>
     <category xml:id='foto2'>
      <catDesc>Historische Aufnahmen [Mikrofilme] ^# Staatsarchiv Hamburg, Bestand 741-4 Fotoarchiv, Signatur P 2333</catDesc>
     </category>
     <category xml:id='foto7'>
      <catDesc>Aufgenommen in der Synagoge Innsbruck</catDesc>
     </category>
    </taxonomy>
   </classDecl>
   <geoDecl xml:id="WGS" datum="WGS84">World Geodetic System</geoDecl>
  </encodingDesc>
  <profileDesc>
   <particDesc>
    <listPerson>
     <person xml:id="hha-1697-1" sex='2'>
      <persName>Rösche bat David L(eudes)d(orf) ∞ Löb Hausen</persName>
       <event when='1782-08-03' type="dateofdeath">
       <desc/>
      </event>
     </person>
    </listPerson>
   </particDesc>
    <langUsage>
    <!-- According to bcp47 http://tools.ietf.org/html/bcp47 (Language) and ISO15924 (writing System)-->
    <language ident='he' usage='100'>Hebrew</language>
   </langUsage>
  </profileDesc>
   <revisionDesc>
   <change/>
  </revisionDesc>
 </teiHeader>
 <facsimile>
  <graphic url='http://steinheim-institut.de/daten/picshha/xl/1697_FE_0110140128.jpg'>
    <desc>
    <ref target='#foto1'/>
    <date when='2001-10-14'/>
    recto
   </desc>
  </graphic>
  <graphic url='http://steinheim-institut.de/daten/picshha/xl/mf/02/00000362.jpg'>
    <desc>
    <ref target='#foto2'/>
   </desc>
  </graphic>
 </facsimile>
 <text>
  <body>
   <div type='edition'>
    <head>Edition</head>
     <ab>
     <lb n='1'/>
     ‎‏[‎‏זאת מצבת קבור׳ האשה הרכה והענוגה בשושני׳ סוגה]‏‎
‏‎     <lb n='2'/>
     ‎‏[‎‏רבים ילילו וי]צעקו‏‎
‏‎     <lb n='3'/>
     ‎‏על כי ימי׳ קצר[ה]‏‎
‏‎     <lb n='4'/>
     ‎‏[‎‏יאמרו א]יה הצדקה‏‎
‏‎     <lb n='5'/>
     ‎‏[‎‏א]שר היתה לנו לעטרה‏‎
‏‎     <lb n='6'/>
     ‎‏[‎‏זכור] לחם חקה‏‎
‏‎     <lb n='7'/>
     ‎‏ולעניים מרודים ובני תורה‏‎
‏‎     <lb n='8'/>
     ‎‏כבוד תורה החזיקה‏‎
‏‎     <lb n='9'/>
     ‎‏על כן יצעקו מרה‏‎
‏‎     <lb n='10'/>
     ‎‏הן נשמתה חקוק׳ ׃ תחת כסא‏‎
‏‎     <lb n='11'/>
     ‎‏כבוד להסתירה ׃ ובצרו׳ החיים‏‎
‏‎     <lb n='12'/>
     ‎‏תהי׳ דבוקה עם צדיקי עולם‏‎
‏‎     <lb n='13'/>
     ‎‏להכתירה ׃ האשה מ׳ ריזכה בת‏‎
‏‎     <lb n='14'/>
     ‎‏ה״מ כ״ה דוד ל״ד אשת המנהיג‏‎
‏‎     <lb n='15'/>
     ‎‏הר״ר ליב הויזן נפטר׳ בש״ק ך״ג‏‎
‏‎     <lb n='16'/>
     ‎‏מנחם ונקבר׳ למחרתו תקמ״ב לפ״ק‏‎
‏‎    </ab>
   </div>
   <div type='translation'>
    <head>Übersetzung</head>
     <ab>
     <lb n='1'/>
     ›dies ist das Grabmal‹ der zarten und feinen Frau, die von Rosen umhangen ist, 
     <lb n='2'/>
     viele ... und schreien
     <lb n='3'/>
     daß ihre Tage kurz waren,
     <lb n='4'/>
     sie sagen wo ist die Wohltätige,
     <lb n='5'/>
     die uns eine Krone war,
     <lb n='6'/>
     gedenke, das ihr zugemessene Brot.
     <lb n='7'/>
     Und elenden Armen und Torakenner,
     <lb n='8'/>
     die Ehre der Tora hochgehalten,
     <lb n='9'/>
     darum werden sie bitter schreien,
     <lb n='10'/>
     denn (für) ihre Seele ist gezeichnet, sie unter dem Thron
     <lb n='11'/>
     der Herrlichkeit zu verbergen, und sie am Bündel des Lebens
     <lb n='12'/>
     hafte, mit den Gerechten der Welt
     <lb n='13'/>
     sie bekrönen. Die Frau Rösche, Tochter
     <lb n='14'/>
     des Vornehmen, des Leiters, des geehrten Herrn David L(eudes)d(orf), Gattin des Leiters,
     <lb n='15'/>
     des Meisters, Herrn Löb Hausen, verschieden am heiligen Schabbat, 23.
     <lb n='16'/>
     Menachem, und begraben am Tag darauf 542 der kleinen Zählung
    </ab>
   </div>
   <div type="commentary" subtype="Zitate">
    <head>Zitate</head>
    <p>Zl 1: Gen 35,14</p>
   </div>
   <div type='commentary' subtype='Stilmittel'>
    <head>Stilmittel</head>
    <p>
     <label>Akrostichon</label>
      in Zeilen 2, 4, 6, 8, 10: ‎‏ריזכה‏‎ Rösche
    </p>
   </div>
   <div type="commentary" subtype="Prosopographie">
    <head>Prosopographie</head>
   </div>
   <div type="bibliography">
    <head>Bibliographie</head>
    <p>to be done ...</p>
   </div>
  </body>
 </text>
</TEI>
