﻿<?xml version="1.0" encoding="UTF-8"?>
<?xml-model href="http://www.stoa.org/epidoc/schema/8.18/tei-epidoc.rng" schematypens="http://relaxng.org/ns/structure/1.0"?>
<TEI xmlns:xi="http://www.w3.org/2001/XInclude" xmlns:svg="http://www.w3.org/2000/svg" xmlns:math="http://www.w3.org/1998/Math/MathML" xmlns="http://www.tei-c.org/ns/1.0">
 <teiHeader>
  <fileDesc>
   <titleStmt>
    <title xml:lang='de'>Grabmal für Rechle Riwka bat Joel Schuh ∞ Naftali Hirz Scheuer SeGal, gest. 1775-10-24, Jüdischer Friedhof Hamburg-Altona, Königstraße</title>
    <respStmt xml:lang="de">
     <resp>herausgegeben vom</resp>
     <orgName ref="http://d-nb.info/gnd/212562-6">
      Salomon Ludwig Steinheim-Institut
      <address>
       <addrLine>Edmund-Körner-Platz 2</addrLine>
       <addrLine>D-45127 Essen</addrLine>
      </address>
     </orgName>
    </respStmt>
   </titleStmt>
    <editionStmt>
    <edition/>
   </editionStmt>
   <extent/>
   <publicationStmt>
    <publisher>
     <orgName ref="http://d-nb.info/gnd/212562-6">
      Salomon Ludwig Steinheim-Institut 
      <address>
       <addrLine>Edmund-Körner-Platz 2</addrLine>
       <addrLine>D-45127 Essen</addrLine>
      </address>
     </orgName>
    </publisher>
    <idno>hha-1671</idno>
    <idno type="url">http://www.steinheim-institut.de/cgi-bin/epidat?id=hha-1671</idno>
    <availability xml:lang="en" status="free">
     <licence>
      <ref target="http://creativecommons.org/licenses/by/4.0/">Distributed under a Creative Commons licence Attribution-BY 4.0</ref>
      <p>
       All reuse or distribution of this work must contain somewhere a link back to the URL 
       <ref>http://www.steinheim-institut.de/cgi-bin/epidat?id=hha-1671</ref>
      </p>
     </licence>
    </availability>
   </publicationStmt>
    <notesStmt>
    <note/>
   </notesStmt>
   <sourceDesc>
    <bibl>born digital</bibl>
     <msDesc>
     <msIdentifier/>
     <physDesc>
      <objectDesc>
       <supportDesc>
        <support>
         <p>
          <material>Sandstein</material>
          <dimensions>
           <dim>1,250 x 0,600 x 0,100 m</dim>
          </dimensions>
         </p>
        </support>
        <condition>
         <p>
          <date>2006</date>
           Der Stein ist abgebrochen und liegt auf dem Boden
         </p>
        </condition>
       </supportDesc>
        <layoutDesc>
        <layout/>
       </layoutDesc>
      </objectDesc>
     </physDesc>
     <history>
      <origin>
       <date notBefore='1775-10-24'>1775-10-24</date>
       <country type="ISO_3166" key="XA-DE-HH">
        Germany
        <region>Hamburg</region>
       </country>
       <settlement type='city' key='tgn:7012310'>
        Hamburg-Altona, Königstraße 
        <geogName>
         Jüdischer Friedhof
         <geo decls="#WGS">53.549373 9.950545</geo>
         <location>
          <geo decls='Planquadrat'>FE</geo>
         </location>
         <location>
          <geo decls='Feld Grabnummer'>N 3034</geo>
         </location>
        </geogName>
       </settlement>
      </origin>
     </history>
    </msDesc>
   </sourceDesc>
  </fileDesc>
  <encodingDesc>
   <p>Encoded according to the EpiDoc Guidelines, Schema Version 8.18</p>
   <classDecl>
    <taxonomy>
     <category xml:id='foto1'>
      <catDesc>
       <persName ref='http://d-nb.info/gnd/128472499' role='photographer'>
        Bert Sommer, 
        <orgName ref="http://d-nb.info/gnd/212562-6">Steinheim-Institut</orgName>
       </persName>
      </catDesc>
     </category>
     <category xml:id='foto6'>
      <catDesc>Fundstücke, Dan Bondy</catDesc>
     </category>
     <category xml:id='foto5'>
      <catDesc>Denkmalpflegerische Massnahme</catDesc>
     </category>
     <category xml:id='foto4'>
      <catDesc>^# Denkmalschutzamt Hamburg</catDesc>
     </category>
     <category xml:id='foto3'>
      <catDesc>Eduard Duckesz Glasplatten ^# CAHJP Jerusalem, Glasplatten: HMB/2452, Inv 2326 · Digitalisat: CDB/5-7</catDesc>
     </category>
     <category xml:id='foto2'>
      <catDesc>Historische Aufnahmen [Mikrofilme] ^# Staatsarchiv Hamburg, Bestand 741-4 Fotoarchiv, Signatur P 2333</catDesc>
     </category>
     <category xml:id='foto7'>
      <catDesc>Aufgenommen in der Synagoge Innsbruck</catDesc>
     </category>
    </taxonomy>
   </classDecl>
   <geoDecl xml:id="WGS" datum="WGS84">World Geodetic System</geoDecl>
  </encodingDesc>
  <profileDesc>
   <particDesc>
    <listPerson>
     <person xml:id="hha-1671-1" sex='2'>
      <persName>Rechle Riwka bat Joel Schuh ∞ Naftali Hirz Scheuer SeGal</persName>
       <event when='1775-10-24' type="dateofdeath">
       <desc/>
      </event>
     </person>
    </listPerson>
   </particDesc>
    <langUsage>
    <!-- According to bcp47 http://tools.ietf.org/html/bcp47 (Language) and ISO15924 (writing System)-->
    <language ident='he' usage='100'>Hebrew</language>
   </langUsage>
  </profileDesc>
   <revisionDesc>
   <change/>
  </revisionDesc>
 </teiHeader>
 <facsimile>
  <graphic url='http://steinheim-institut.de/daten/picshha/xl/1671_FE_0110190130.jpg'>
    <desc>
    <ref target='#foto1'/>
    <date when='2001-10-19'/>
    recto
   </desc>
  </graphic>
  <graphic url='http://steinheim-institut.de/daten/picshha/xl/mf/02/00000415.jpg'>
    <desc>
    <ref target='#foto2'/>
   </desc>
  </graphic>
 </facsimile>
 <text>
  <body>
   <div type='edition'>
    <head>Edition</head>
     <ab>
     <lb n='1'/>
     ‎‏מצבת קבורת רחל עד היום‏‎
‏‎     <lb n='2'/>
     ‎‏פ״ט‏‎
‏‎     <lb n='3'/>
     ‎‏עד הגל הזה ועדה המצבה‏‎
‏‎     <lb n='4'/>
     ‎‏אשה יראת ה׳ היא תתהלל‏‎
‏‎     <lb n='5'/>
     ‎‏היקרה והחשובה הצנועה‏‎
‏‎     <lb n='6'/>
     ‎‏והחסודה מ׳ רעכלה רבקה בת‏‎
‏‎     <lb n='7'/>
     ‎‏פ״ו המפורסם כ״ה יואל שוך ז״צ׳‏‎
‏‎     <lb n='8'/>
     ‎‏אשת פ״ו וגבאי דח״ק קברנים‏‎
‏‎     <lb n='9'/>
     ‎‏וג״ח המפורסם כ״ה נפתלי‏‎
‏‎     <lb n='10'/>
     ‎‏הירץ שייאר סג״ל מפ״פ דמיין‏‎
‏‎     <lb n='11'/>
     ‎‏הלכה לעולמה ונקבר׳ יום‏‎
‏‎     <lb n='12'/>
     ‎‏א׳ דר״ח מרחשון תקל״ו לפ״ק‏‎
‏‎     <lb n='13'/>
     ‎‏תנצב״ה‏‎
‏‎    </ab>
   </div>
   <div type='translation'>
    <head>Übersetzung</head>
     <ab>
     <lb n='1'/>
     ›Das Grabmal der Rachel bis auf den heutigen Tag‹
     <lb n='2'/>
     Hier ist geborgen
     <lb n='3'/>
     Zeuge sei ›dieser Steinhaufe, Zeugin diese Stele‹,
     <lb n='4'/>
     (für) ›eine Frau, die den Ewigen ehrfürchtet, die gepriesen sei‹,
     <lb n='5'/>
     die Teure und Angesehene, ›die Züchtige
     <lb n='6'/>
     und die Anmutsvolle‹, Frau Rechle Riwka, Tochter
     <lb n='7'/>
     des weitbekannten Vorstehers und Leiters, des geehrten Herrn Joel Schuh, das Andenken des Gerechten zum Segen,
     <lb n='8'/>
     Gattin des Vorstehers und Leiters und Vorsteher der Chewra Kaddischa der Totengräber
     <lb n='9'/>
     und wohltätige Werke, des Weitbekannten, des geehrten Herrn Naftali
     <lb n='10'/>
     Hirz Scheuer SeGal aus Frankfurt am Main,
     <lb n='11'/>
     sie ›ging hin in ihre Welt‹ und ward begraben
     <lb n='12'/>
     1. Neumondstag Marcheschvan 536 der kleinen Zählung.
     <lb n='13'/>
     Ihre Seele sei eingebunden in das Bündel des Lebens
    </ab>
   </div>
   <div type="commentary" subtype="Zitate">
    <head>Zitate</head>
    <p>Zl 1: Gen 35,20</p>
    <p>Zl 3: Gen 31,51</p>
    <p>Zl 4: Spr 31,30</p>
    <p>Zl 5f: Vgl. Micha 6,8</p>
    <p>Zl 11: Koh 12,5</p>
   </div>
   <div type='commentary' subtype='Stilmittel'>
    <head>Stilmittel</head>
    <p>
     <label>Chronogramm</label>
      in Zl 1:‎‏מצבת׳ ק׳בורת רחל׳ עד היו׳ם‏‎.
‏‎    </p>
   </div>
   <div type="commentary" subtype="Zeilenkommentar">
    <head>Zeilenkommentar</head>
    <p>Zl 4: Die Kombination ‎‏חסד והצנוע‏‎ kommt auch im Talmud vor: bSuk 49b, bMak 24a.</p>
   </div>
   <div type="commentary" subtype="Prosopographie">
    <head>Prosopographie</head>
   </div>
   <div type="bibliography">
    <head>Bibliographie</head>
    <p>to be done ...</p>
   </div>
  </body>
 </text>
</TEI>
