﻿<?xml version="1.0" encoding="UTF-8"?>
<?xml-model href="http://www.stoa.org/epidoc/schema/8.18/tei-epidoc.rng" schematypens="http://relaxng.org/ns/structure/1.0"?>
<TEI xmlns:xi="http://www.w3.org/2001/XInclude" xmlns:svg="http://www.w3.org/2000/svg" xmlns:math="http://www.w3.org/1998/Math/MathML" xmlns="http://www.tei-c.org/ns/1.0">
 <teiHeader>
  <fileDesc>
   <titleStmt>
    <title xml:lang='de'>Grabmal für Mosche Schmuel Sanwel ben Jokew Hahn, gest. 1705-10-21, Jüdischer Friedhof Hamburg-Altona, Königstraße</title>
    <respStmt xml:lang="de">
     <resp>herausgegeben vom</resp>
     <orgName ref="http://d-nb.info/gnd/212562-6">
      Salomon Ludwig Steinheim-Institut
      <address>
       <addrLine>Edmund-Körner-Platz 2</addrLine>
       <addrLine>D-45127 Essen</addrLine>
      </address>
     </orgName>
    </respStmt>
   </titleStmt>
    <editionStmt>
    <edition/>
   </editionStmt>
   <extent/>
   <publicationStmt>
    <publisher>
     <orgName ref="http://d-nb.info/gnd/212562-6">
      Salomon Ludwig Steinheim-Institut 
      <address>
       <addrLine>Edmund-Körner-Platz 2</addrLine>
       <addrLine>D-45127 Essen</addrLine>
      </address>
     </orgName>
    </publisher>
    <idno>hha-1467</idno>
    <idno type="url">http://www.steinheim-institut.de/cgi-bin/epidat?id=hha-1467</idno>
    <availability xml:lang="en" status="free">
     <licence>
      <ref target="http://creativecommons.org/licenses/by/4.0/">Distributed under a Creative Commons licence Attribution-BY 4.0</ref>
      <p>
       All reuse or distribution of this work must contain somewhere a link back to the URL 
       <ref>http://www.steinheim-institut.de/cgi-bin/epidat?id=hha-1467</ref>
      </p>
     </licence>
    </availability>
   </publicationStmt>
    <notesStmt>
    <note/>
   </notesStmt>
   <sourceDesc>
    <bibl>born digital</bibl>
     <msDesc>
     <msIdentifier/>
     <physDesc>
      <objectDesc>
       <supportDesc>
        <support>
         <p>
          <material>Stein</material>
         </p>
        </support>
        <condition>
         <p>
          <date>2006</date>
           unterer Teil in situ, oberer liegend Beschädigung schwer 
          <damage agent='Verwitterung'>Verwitterung leicht</damage>
         </p>
        </condition>
       </supportDesc>
        <layoutDesc>
        <layout/>
       </layoutDesc>
      </objectDesc>
      <handDesc>
       <handNote>Schrift erhaben</handNote>
      </handDesc>
     </physDesc>
     <history>
      <origin>
       <date notBefore='1705-10-21'>1705-10-21</date>
       <country type="ISO_3166" key="XA-DE-HH">
        Germany
        <region>Hamburg</region>
       </country>
       <settlement type='city' key='tgn:7012310'>
        Hamburg-Altona, Königstraße 
        <geogName>
         Jüdischer Friedhof
         <geo decls="#WGS">53.549373 9.950545</geo>
         <location>
          <geo decls='Planquadrat'>EN</geo>
         </location>
         <location>
          <geo decls='Feld Grabnummer'>S 1268</geo>
         </location>
        </geogName>
       </settlement>
      </origin>
     </history>
    </msDesc>
   </sourceDesc>
  </fileDesc>
  <encodingDesc>
   <p>Encoded according to the EpiDoc Guidelines, Schema Version 8.18</p>
   <classDecl>
    <taxonomy>
     <category xml:id='foto1'>
      <catDesc>
       <persName ref='http://d-nb.info/gnd/128472499' role='photographer'>
        Bert Sommer, 
        <orgName ref="http://d-nb.info/gnd/212562-6">Steinheim-Institut</orgName>
       </persName>
      </catDesc>
     </category>
     <category xml:id='foto6'>
      <catDesc>Fundstücke, Dan Bondy</catDesc>
     </category>
     <category xml:id='foto5'>
      <catDesc>Denkmalpflegerische Massnahme</catDesc>
     </category>
     <category xml:id='foto4'>
      <catDesc>^# Denkmalschutzamt Hamburg</catDesc>
     </category>
     <category xml:id='foto3'>
      <catDesc>Eduard Duckesz Glasplatten ^# CAHJP Jerusalem, Glasplatten: HMB/2452, Inv 2326 · Digitalisat: CDB/5-7</catDesc>
     </category>
     <category xml:id='foto2'>
      <catDesc>Historische Aufnahmen [Mikrofilme] ^# Staatsarchiv Hamburg, Bestand 741-4 Fotoarchiv, Signatur P 2333</catDesc>
     </category>
     <category xml:id='foto7'>
      <catDesc>Aufgenommen in der Synagoge Innsbruck</catDesc>
     </category>
    </taxonomy>
   </classDecl>
   <geoDecl xml:id="WGS" datum="WGS84">World Geodetic System</geoDecl>
  </encodingDesc>
  <profileDesc>
   <particDesc>
    <listPerson>
     <person xml:id="hha-1467-1" sex='1'>
      <persName>Mosche Schmuel Sanwel ben Jokew Hahn</persName>
       <event when='1705-10-21' type="dateofdeath">
       <desc/>
      </event>
     </person>
    </listPerson>
   </particDesc>
    <langUsage>
    <!-- According to bcp47 http://tools.ietf.org/html/bcp47 (Language) and ISO15924 (writing System)-->
    <language ident='he' usage='100'>Hebrew</language>
   </langUsage>
  </profileDesc>
   <revisionDesc>
   <change/>
  </revisionDesc>
 </teiHeader>
 <facsimile>
  <graphic url='http://steinheim-institut.de/daten/picshha/xl/1467_EN_0110170203.jpg'>
    <desc>
    <ref target='#foto1'/>
    <date when='2001-10-17'/>
    recto
   </desc>
  </graphic>
  <graphic url='http://steinheim-institut.de/daten/picshha/xl/mf/04/00000082.jpg'>
    <desc>
    <ref target='#foto2'/>
   </desc>
  </graphic>
  <graphic url='http://steinheim-institut.de/daten/picshha/xl/1449_EM_0110050212.jpg'>
    <desc>
    <ref target='#foto1'/>
    <date when='2001-10-05'/>
    Fragment recto
   </desc>
  </graphic>
 </facsimile>
 <text>
  <body>
   <div type='edition'>
    <head>Edition</head>
     <ab>
     <lb n='1'/>
     ‎‏שמואל עלה הרמתה‏‎
‏‎     <lb n='2'/>
     ‎‏מלון קיצו כי שם ביתו‏‎
‏‎     <lb n='3'/>
     ‎‏וסבב הגלגל ושב הרמת׳‏‎
‏‎     <lb n='4'/>
     ‎‏אל מקום המוכן לנשמת׳‏‎
‏‎     <lb n='5'/>
     ‎‏ה״ה היקר כמר משה‏‎
‏‎     <lb n='6'/>
     ‎‏שמואל זנוויל ב׳ הר״ר‏‎
‏‎     <lb n='7'/>
     ‎‏יאקב האן נאמן דק״ק‏‎
‏‎     <lb n='8'/>
     ‎‏פרנ(ק)פורט דמיין‏‎
‏‎     <lb n='9'/>
     ‎‏הלך לעולמו ביום‏‎
‏‎     <lb n='10'/>
     ‎‏ד׳ גימ״ל חשון‏‎
‏‎     <lb n='11'/>
     ‎‏תס״ו לפ״ק‏‎
‏‎     <lb n='12'/>
     ‎‏תנצב״ה‏‎
‏‎    </ab>
   </div>
   <div type='translation'>
    <head>Übersetzung</head>
     <ab>
     <lb n='1'/>
     ›Schmuel ging hinauf nach Rama‹,
     <lb n='2'/>
     ›seiner letzten Herberge‹, ›denn dort ist sein Haus‹,
     <lb n='3'/>
     ›er machte die Runde im Gilgal‹ ›und kehrte zurück nach Rama‹,
     <lb n='4'/>
     zu dem Ort, der vorbereitet ist für seine Seele,
     <lb n='5'/>
     es ist der Teure, der geehrte Herr Mosche
     <lb n='6'/>
     Schmuel Sanwel, Sohn des Meisters, Herrn
     <lb n='7'/>
     Jokew Hahn, Beglaubigter der heiligen Gemeinde
     <lb n='8'/>
     Frankfurt am Main,
     <lb n='9'/>
     ›er ging hin in seine Welt‹ am Tag
     <lb n='10'/>
     4, dritter Cheschvan
     <lb n='11'/>
     466 der kleinen Zählung.
     <lb n='12'/>
     Seine Seele sei eingebunden in das Bündel des Lebens
    </ab>
   </div>
   <div type="commentary" subtype="Zitate">
    <head>Zitate</head>
    <p>Zl 1: nach 1Sam 15,34</p>
    <p>Zl 2: 2Kön 19,23 | Zl 2: 1Sam 7,17</p>
    <p>Zl 3: 1Sam 7,16 | Zl 3: 1Sam 7,17</p>
    <p>Zl 9: Koh 12,5</p>
   </div>
   <div type='commentary' subtype='Stilmittel'>
    <head>Stilmittel</head>
    <p>
     <label>Reim</label>
      auf -haramatah in Zln 1,3 und auf -to in Zln 2,4.
    </p>
    <p>
     <label>Akrostichon</label>
      in Zeilen 1-4: ‎‏שמואל‏‎ Schmuel
    </p>
   </div>
   <div type="commentary" subtype="Endkommentar">
    <head>Endkommentar</head>
    <p>Mehrmalige Anspielung auf den gleichnamigen Propheten Samuel, insbesondere auf Rama, dem Geburtsort des Propheten, wohin er jährlich zurückkehrte und wo er auch begraben wurde.</p>
   </div>
   <div type="commentary" subtype="Prosopographie">
    <head>Prosopographie</head>
   </div>
   <div type="bibliography">
    <head>Bibliographie</head>
    <p>to be done ...</p>
   </div>
  </body>
 </text>
</TEI>
