﻿<?xml version="1.0" encoding="UTF-8"?>
<?xml-model href="http://www.stoa.org/epidoc/schema/8.18/tei-epidoc.rng" schematypens="http://relaxng.org/ns/structure/1.0"?>
<TEI xmlns:xi="http://www.w3.org/2001/XInclude" xmlns:svg="http://www.w3.org/2000/svg" xmlns:math="http://www.w3.org/1998/Math/MathML" xmlns="http://www.tei-c.org/ns/1.0">
 <teiHeader>
  <fileDesc>
   <titleStmt>
    <title xml:lang='de'>Grabmal für Meir Dan Mahler ben Elkana Schamasch, gest. 1767-07-05, Jüdischer Friedhof Hamburg-Altona, Königstraße</title>
    <respStmt xml:lang="de">
     <resp>herausgegeben vom</resp>
     <orgName ref="http://d-nb.info/gnd/212562-6">
      Salomon Ludwig Steinheim-Institut
      <address>
       <addrLine>Edmund-Körner-Platz 2</addrLine>
       <addrLine>D-45127 Essen</addrLine>
      </address>
     </orgName>
    </respStmt>
   </titleStmt>
    <editionStmt>
    <edition/>
   </editionStmt>
   <extent/>
   <publicationStmt>
    <publisher>
     <orgName ref="http://d-nb.info/gnd/212562-6">
      Salomon Ludwig Steinheim-Institut 
      <address>
       <addrLine>Edmund-Körner-Platz 2</addrLine>
       <addrLine>D-45127 Essen</addrLine>
      </address>
     </orgName>
    </publisher>
    <idno>hha-1614</idno>
    <idno type="url">http://www.steinheim-institut.de/cgi-bin/epidat?id=hha-1614</idno>
    <availability xml:lang="en" status="free">
     <licence>
      <ref target="http://creativecommons.org/licenses/by/4.0/">Distributed under a Creative Commons licence Attribution-BY 4.0</ref>
      <p>
       All reuse or distribution of this work must contain somewhere a link back to the URL 
       <ref>http://www.steinheim-institut.de/cgi-bin/epidat?id=hha-1614</ref>
      </p>
     </licence>
    </availability>
   </publicationStmt>
    <notesStmt>
    <note/>
   </notesStmt>
   <sourceDesc>
    <bibl>born digital</bibl>
     <msDesc>
     <msIdentifier/>
     <physDesc>
      <objectDesc>
       <supportDesc>
        <support>
         <p>
          <material>Stein</material>
         </p>
        </support>
        <condition>
         <p>
          <date>2006</date>
           non in situ, liegend, Oberteil fehlt Beschädigung schwer 
          <damage agent='Verwitterung'>Verwitterung mittel</damage>
         </p>
        </condition>
       </supportDesc>
        <layoutDesc>
        <layout/>
       </layoutDesc>
      </objectDesc>
      <handDesc>
       <handNote>Schrift erhaben</handNote>
      </handDesc>
      <decoDesc>
       <decoNote type='ornament'>gestalterisch</decoNote>
      </decoDesc>
     </physDesc>
     <history>
      <origin>
       <date notBefore='1767-07-05'>1767-07-05</date>
       <country type="ISO_3166" key="XA-DE-HH">
        Germany
        <region>Hamburg</region>
       </country>
       <settlement type='city' key='tgn:7012310'>
        Hamburg-Altona, Königstraße 
        <geogName>
         Jüdischer Friedhof
         <geo decls="#WGS">53.549373 9.950545</geo>
         <location>
          <geo decls='Planquadrat'>FD</geo>
         </location>
         <location>
          <geo decls='Feld Grabnummer'>N 3183</geo>
         </location>
        </geogName>
       </settlement>
      </origin>
     </history>
    </msDesc>
   </sourceDesc>
  </fileDesc>
  <encodingDesc>
   <p>Encoded according to the EpiDoc Guidelines, Schema Version 8.18</p>
   <classDecl>
    <taxonomy>
     <category xml:id='foto1'>
      <catDesc>
       <persName ref='http://d-nb.info/gnd/128472499' role='photographer'>
        Bert Sommer, 
        <orgName ref="http://d-nb.info/gnd/212562-6">Steinheim-Institut</orgName>
       </persName>
      </catDesc>
     </category>
     <category xml:id='foto6'>
      <catDesc>Fundstücke, Dan Bondy</catDesc>
     </category>
     <category xml:id='foto5'>
      <catDesc>Denkmalpflegerische Massnahme</catDesc>
     </category>
     <category xml:id='foto4'>
      <catDesc>^# Denkmalschutzamt Hamburg</catDesc>
     </category>
     <category xml:id='foto3'>
      <catDesc>Eduard Duckesz Glasplatten ^# CAHJP Jerusalem, Glasplatten: HMB/2452, Inv 2326 · Digitalisat: CDB/5-7</catDesc>
     </category>
     <category xml:id='foto2'>
      <catDesc>Historische Aufnahmen [Mikrofilme] ^# Staatsarchiv Hamburg, Bestand 741-4 Fotoarchiv, Signatur P 2333</catDesc>
     </category>
     <category xml:id='foto7'>
      <catDesc>Aufgenommen in der Synagoge Innsbruck</catDesc>
     </category>
    </taxonomy>
   </classDecl>
   <geoDecl xml:id="WGS" datum="WGS84">World Geodetic System</geoDecl>
  </encodingDesc>
  <profileDesc>
   <particDesc>
    <listPerson>
     <person xml:id="hha-1614-1" sex='1'>
      <persName>Meir Dan Mahler ben Elkana Schamasch</persName>
       <event when='1767-07-05' type="dateofdeath">
       <desc/>
      </event>
     </person>
    </listPerson>
   </particDesc>
    <langUsage>
    <!-- According to bcp47 http://tools.ietf.org/html/bcp47 (Language) and ISO15924 (writing System)-->
    <language ident='he' usage='100'>Hebrew</language>
   </langUsage>
  </profileDesc>
   <revisionDesc>
   <change/>
  </revisionDesc>
 </teiHeader>
 <facsimile>
  <graphic url='http://steinheim-institut.de/daten/picshha/xl/1614_FD_0408230113.jpg'>
    <desc>
    <ref target='#foto1'/>
    <date when='2004-08-23'/>
    recto
   </desc>
  </graphic>
  <graphic url='http://steinheim-institut.de/daten/picshha/xl/1614xFD_0408220233.jpg'>
    <desc>
    <ref target='#foto1'/>
    <date when='2004-08-22'/>
    schriftlos
   </desc>
  </graphic>
  <graphic url='http://steinheim-institut.de/daten/picshha/xl/mf/02/00000560.jpg'>
    <desc>
    <ref target='#foto2'/>
   </desc>
  </graphic>
 </facsimile>
 <text>
  <body>
   <div type='edition'>
    <head>Edition</head>
     <ab>
     <lb n='1'/>
     ‎‏מאיר עיני׳ בחכמת‏‎
‏‎     <lb n='2'/>
     ‎‏כל מלאכה‏‎
‏‎     <lb n='3'/>
     ‎‏פ״נ‏‎
‏‎     <lb n='4'/>
     ‎‏איש אשר קבע עתים‏‎
‏‎     <lb n='5'/>
     ‎‏לתורה ׃ בכל עת שפנוי‏‎
‏‎     <lb n='6'/>
     ‎‏ממלאכה ׃ כל ימיו‏‎
‏‎     <lb n='7'/>
     ‎‏מיגיע כפו נהנה ׃ בן‏‎
‏‎     <lb n='8'/>
     ‎‏ע״ב שנה היה ולא נס‏‎
‏‎     <lb n='9'/>
     ‎‏לחה ׃ והי׳ כנער בכח‏‎
‏‎     <lb n='10'/>
     ‎‏ובגבורה ׃ ה״ה כ׳ מאיר דן‏‎
‏‎     <lb n='11'/>
     ‎‏מאליר ב׳ מהור״ר אלקנה‏‎
‏‎     <lb n='12'/>
     ‎‏שמש נפטר יו׳ א׳ ח׳‏‎
‏‎     <lb n='13'/>
     ‎‏תמוז תקכ״ז לפ״ק‏‎
‏‎     <lb n='14'/>
     ‎‏תנצב״ה ‏‎
‏‎    </ab>
   </div>
   <div type='translation'>
    <head>Übersetzung</head>
     <ab>
     <lb n='1'/>
     ›Erleuchtet die Augen‹ mit der Fertigkeit
     <lb n='2'/>
     eines jeglichen Werkes
     <lb n='3'/>
     Hier ist begraben
     <lb n='4'/>
     ein Mann, ›welcher Zeiten festlegte
     <lb n='5'/>
     für die Tora, zu jeder Zeit‹, die er frei war
     <lb n='6'/>
     von Arbeit, all seine Tage
     <lb n='7'/>
     genoß er seiner Hände Mühe,
     <lb n='8'/>
     72 Jahre alt war er, ›doch seine Frische
     <lb n='9'/>
     war nicht entflohen‹, ›wie ein Jüngling blieb er in Kraft‹
     <lb n='10'/>
     und Stärke, es ist der geehrte Meir Dan
     <lb n='11'/>
     Mahler, Sohn unseres Lehrers, des Meisters, Herrn Elkana
     <lb n='12'/>
     Schamasch, verschieden Tag 1, 8.
     <lb n='13'/>
     Tammus 527 der kleinen Zählung.
     <lb n='14'/>
     Seine Seele sei eingebunden in das Bündel des Lebens
    </ab>
   </div>
   <div type="commentary" subtype="Zitate">
    <head>Zitate</head>
    <p>Zl 1: Spr 29,13</p>
    <p>Zl 4f: bShab 31a</p>
    <p>Zl 8f: Dtn 34,7 | Zl 9: Vgl. Ps 65,7</p>
   </div>
   <div type="commentary" subtype="Zeilenkommentar">
    <head>Zeilenkommentar</head>
    <p>Zl 1a: Anspielung auf den Namen Meir mit der Bedeutung "Erleuchter"/"erleuchtend".</p>
   </div>
   <div type="commentary" subtype="Endkommentar">
    <head>Endkommentar</head>
    <p>Die histor. Aufnahme zeigt das Grabmal vollständig und in situ.</p>
   </div>
   <div type="commentary" subtype="Prosopographie">
    <head>Prosopographie</head>
   </div>
   <div type="bibliography">
    <head>Bibliographie</head>
    <p>to be done ...</p>
   </div>
  </body>
 </text>
</TEI>
