﻿<?xml version="1.0" encoding="UTF-8"?>
<?xml-model href="http://www.stoa.org/epidoc/schema/8.18/tei-epidoc.rng" schematypens="http://relaxng.org/ns/structure/1.0"?>
<TEI xmlns:xi="http://www.w3.org/2001/XInclude" xmlns:svg="http://www.w3.org/2000/svg" xmlns:math="http://www.w3.org/1998/Math/MathML" xmlns="http://www.tei-c.org/ns/1.0">
 <teiHeader>
  <fileDesc>
   <titleStmt>
    <title xml:lang='de'>Grabmal für Bella bat Löb Stieber ∞ Wolf Warburg (Betty Warburg geb. Lazarus), gest. 1862-04-13, Jüdischer Friedhof Hamburg-Altona, Königstraße</title>
    <respStmt xml:lang="de">
     <resp>herausgegeben vom</resp>
     <orgName ref="http://d-nb.info/gnd/212562-6">
      Salomon Ludwig Steinheim-Institut
      <address>
       <addrLine>Edmund-Körner-Platz 2</addrLine>
       <addrLine>D-45127 Essen</addrLine>
      </address>
     </orgName>
    </respStmt>
   </titleStmt>
    <editionStmt>
    <edition/>
   </editionStmt>
   <extent/>
   <publicationStmt>
    <publisher>
     <orgName ref="http://d-nb.info/gnd/212562-6">
      Salomon Ludwig Steinheim-Institut 
      <address>
       <addrLine>Edmund-Körner-Platz 2</addrLine>
       <addrLine>D-45127 Essen</addrLine>
      </address>
     </orgName>
    </publisher>
    <idno>hha-1256</idno>
    <idno type="url">http://www.steinheim-institut.de/cgi-bin/epidat?id=hha-1256</idno>
    <availability xml:lang="en" status="free">
     <licence>
      <ref target="http://creativecommons.org/licenses/by/4.0/">Distributed under a Creative Commons licence Attribution-BY 4.0</ref>
      <p>
       All reuse or distribution of this work must contain somewhere a link back to the URL 
       <ref>http://www.steinheim-institut.de/cgi-bin/epidat?id=hha-1256</ref>
      </p>
     </licence>
    </availability>
   </publicationStmt>
    <notesStmt>
    <note/>
   </notesStmt>
   <sourceDesc>
    <bibl>born digital</bibl>
     <msDesc>
     <msIdentifier/>
     <physDesc>
      <objectDesc>
       <supportDesc>
        <support>
         <p>
          <material>Stein</material>
         </p>
        </support>
        <condition>
         <p>
          <date>2006</date>
           non in situ, liegend Beschädigung schwer
         </p>
        </condition>
       </supportDesc>
        <layoutDesc>
        <layout/>
       </layoutDesc>
      </objectDesc>
      <handDesc>
       <handNote>Schrift vertieft (VS; RS: Deutsch)</handNote>
      </handDesc>
      <decoDesc>
       <decoNote type='symbol'>Krone</decoNote>
      </decoDesc>
     </physDesc>
     <history>
      <origin>
       <date notBefore='1862-04-13'>1862-04-13</date>
       <country type="ISO_3166" key="XA-DE-HH">
        Germany
        <region>Hamburg</region>
       </country>
       <settlement type='city' key='tgn:7012310'>
        Hamburg-Altona, Königstraße 
        <geogName>
         Jüdischer Friedhof
         <geo decls="#WGS">53.549373 9.950545</geo>
         <location>
          <geo decls='Planquadrat'>EL</geo>
         </location>
         <location>
          <geo decls='Feld Grabnummer'>S 1450</geo>
         </location>
        </geogName>
       </settlement>
      </origin>
     </history>
    </msDesc>
   </sourceDesc>
  </fileDesc>
  <encodingDesc>
   <p>Encoded according to the EpiDoc Guidelines, Schema Version 8.18</p>
   <classDecl>
    <taxonomy>
     <category xml:id='foto1'>
      <catDesc>
       <persName ref='http://d-nb.info/gnd/128472499' role='photographer'>
        Bert Sommer, 
        <orgName ref="http://d-nb.info/gnd/212562-6">Steinheim-Institut</orgName>
       </persName>
      </catDesc>
     </category>
     <category xml:id='foto6'>
      <catDesc>Fundstücke, Dan Bondy</catDesc>
     </category>
     <category xml:id='foto5'>
      <catDesc>Denkmalpflegerische Massnahme</catDesc>
     </category>
     <category xml:id='foto4'>
      <catDesc>^# Denkmalschutzamt Hamburg</catDesc>
     </category>
     <category xml:id='foto3'>
      <catDesc>Eduard Duckesz Glasplatten ^# CAHJP Jerusalem, Glasplatten: HMB/2452, Inv 2326 · Digitalisat: CDB/5-7</catDesc>
     </category>
     <category xml:id='foto2'>
      <catDesc>Historische Aufnahmen [Mikrofilme] ^# Staatsarchiv Hamburg, Bestand 741-4 Fotoarchiv, Signatur P 2333</catDesc>
     </category>
     <category xml:id='foto7'>
      <catDesc>Aufgenommen in der Synagoge Innsbruck</catDesc>
     </category>
    </taxonomy>
   </classDecl>
   <geoDecl xml:id="WGS" datum="WGS84">World Geodetic System</geoDecl>
  </encodingDesc>
  <profileDesc>
   <particDesc>
    <listPerson>
     <person xml:id="hha-1256-1" sex='2'>
      <persName>Bella bat Löb Stieber ∞ Wolf Warburg (Betty Warburg geb. Lazarus)</persName>
       <event when='1862-04-13' type="dateofdeath">
       <desc/>
      </event>
     </person>
    </listPerson>
   </particDesc>
    <langUsage>
    <!-- According to bcp47 http://tools.ietf.org/html/bcp47 (Language) and ISO15924 (writing System)-->
    <language ident='he' usage='50'>Hebrew</language>
    <language ident='de' usage='50'>German</language>
   </langUsage>
  </profileDesc>
   <revisionDesc>
   <change/>
  </revisionDesc>
 </teiHeader>
 <facsimile>
  <graphic url='http://steinheim-institut.de/daten/picshha/xl/1256xEL_0110070331.jpg'>
    <desc>
    <ref target='#foto1'/>
    <date when='2001-10-07'/>
    schriftlos
   </desc>
  </graphic>
  <graphic url='http://steinheim-institut.de/daten/picshha/xl/mf/04/00000252.jpg'>
    <desc>
    <ref target='#foto2'/>
   </desc>
  </graphic>
  <graphic url='http://steinheim-institut.de/daten/picshha/xl/mf/04/00000253.jpg'>
    <desc>
    <ref target='#foto2'/>
    verso
   </desc>
  </graphic>
  <graphic url='http://steinheim-institut.de/daten/picshha/xl/1255_EL_0110080125.jpg'>
    <desc>
    <ref target='#foto1'/>
    <date when='2001-10-08'/>
    Fragment recto
   </desc>
  </graphic>
  <graphic url='http://steinheim-institut.de/daten/picshha/xl/1255_EL_0206140128.jpg'>
    <desc>
    <ref target='#foto1'/>
    <date when='2002-06-14'/>
    Fragment recto
   </desc>
  </graphic>
 </facsimile>
 <text>
  <body>
   <div type='edition'>
    <head>Edition</head>
    <div type='textpart' subtype='recto'>
      <ab>
      <lb n='1'/>
      ‎‏כתר שם טוב‏‎
‏‎      <lb n='2'/>
      ‎‏אשה יראת ה׳ היא תתהלל‏‎
‏‎      <lb n='3'/>
      ‎‏בבוקר נטעה נטעי נעמונים‏‎
‏‎      <lb n='4'/>
      ‎‏יושר דרכיה ומחמד׳ שעשועים‏‎
‏‎      <lb n='5'/>
      ‎‏לערב לא נחה מעזר אמונים‏‎
‏‎      <lb n='6'/>
      ‎‏אדרת כבודה תתענג בנוה שלמים‏‎
‏‎      <lb n='7'/>
      ‎‏זאת מצבת‏‎
‏‎      <lb n='8'/>
      ‎‏האשה היקרה מרת בילא‏‎
‏‎      <lb n='9'/>
      ‎‏אשת פו״מ כ״ה וואלף ווארבורג‏‎
‏‎      <lb n='10'/>
      ‎‏זצ״ל בת פו״מ כ״ה ליב‏‎
‏‎      <lb n='11'/>
      ‎‏שטיבר זצ״ל‏‎
‏‎      <lb n='12'/>
      ‎‏[‎‏נולדת כ״ז תשרי תקמ״ג]‏‎
‏‎      <lb n='13'/>
      ‎‏[‎‏ונפטרת י״ג ניסן תרכ״ב]‏‎
‏‎      <lb n='14'/>
      ‎‏[‎‏תנצב״ה]‏‎
‏‎     </ab>
    </div>
    <div type='textpart' subtype='verso'>
      <ab>
      <lb n='15'/>
      Frau Betty Warburg 
      <lb n='16'/>
      geb. Lazarus
      <lb n='17'/>
      geb. 27t Tischri
      <lb n='18'/>
      5543.
      <lb n='19'/>
      gest. 13 Nissan
      <lb n='20'/>
      5622.
      <lb n='21'/>
      Im Glauben, der zum Himmel weist,
      <lb n='22'/>
      Hast Du an Deinem Gott gehangen;
      <lb n='23'/>
      Dein einzig irdisches Verlangen 
      <lb n='24'/>
      war Wohlthun, wie's die Liebe heißt.
      <lb n='25'/>
      Nun sind zur letzten Ruh gegangen
      <lb n='26'/>
      Dein reiches Herz, Dein reger Geist;
      <lb n='27'/>
      Und die Du liebtest, sind verwaist.
     </ab>
    </div>
   </div>
   <div type='translation'>
    <head>Übersetzung</head>
    <div type='textpart' subtype='recto'>
      <ab>
      <lb n='1'/>
      ›Krone des guten Namens‹
      <lb n='2'/>
      ›Eine Frau, die den Ewigen ehrfürchtet, sie werde gepriesen‹.
      <lb n='3'/>
      ›Am Morgen pflanzte sie üppige Pflanzen‹,
      <lb n='4'/>
      aufrecht (waren) ihre Wege und ihre Schätze (waren) ihre Freude
      <lb n='5'/>
      des Abends ruhte sie nicht den Getreuen zu helfen,
      <lb n='6'/>
      die Pracht ihrer Herrlichkeit ergötze sich in der Aue der Vollkommenen.
      <lb n='7'/>
      ›Dies ist das Grabmal‹
      <lb n='8'/>
      der teuren Frau, Frau Bella,
      <lb n='9'/>
      Gattin des Vorstehers und Leiters, des geehrten Herrn Wolf Warburg,
      <lb n='10'/>
      das Andenken des Gerechten zum Segen, Tochter des Vorstehers und Leiters, des geehrten Herrn Löb
      <lb n='11'/>
      Stieber, das Andenken des Gerechten zum Segen,
      <lb n='12'/>
      geboren 27. Tischri 543
      <lb n='13'/>
      und verschieden 13. Nissan 622.
      <lb n='14'/>
      Ihre Seele sei eingebunden in das Bündel des Lebens
     </ab>
    </div>
   </div>
   <div type="commentary" subtype="Zitate">
    <head>Zitate</head>
    <p>Zl 1: Av 4,13</p>
    <p>Zl 2: Spr 31,30</p>
    <p>Zl 3: Nach Jes 17,10</p>
    <p>Zl 7: Gen 35,14</p>
   </div>
   <div type='commentary' subtype='Stilmittel'>
    <head>Stilmittel</head>
    <p>
     <label>Reim</label>
      auf -im in Zln 3-6.
    </p>
    <p>
     <label>Akrostichon</label>
      in Zeilen 3-6: ‎‏בילא‏‎ Bella
    </p>
   </div>
   <div type="commentary" subtype="Zeilenkommentar">
    <head>Zeilenkommentar</head>
    <p>Zl 1: Die Zeile ist in einem Band im Giebel.</p>
    <p>Zl 2: Der Vers ist bogenförmig über der Inschrift.</p>
    <p>Zl 3: Gemeint ist dem Ewigen dienen.</p>
    <p>Zl 4b: Gemeint ist, daß Gottesfurcht und Wohltätigkeit ihr Schatz, ihr Kostbarstes war.</p>
    <p>Zl 11: Schreibweise des Namens nach Grabbuch.</p>
   </div>
   <div type="commentary" subtype="Prosopographie">
    <head>Prosopographie</head>
   </div>
   <div type="bibliography">
    <head>Bibliographie</head>
    <p>to be done ...</p>
   </div>
  </body>
 </text>
</TEI>
