﻿<?xml version="1.0" encoding="UTF-8"?>
<?xml-model href="http://www.stoa.org/epidoc/schema/8.18/tei-epidoc.rng" schematypens="http://relaxng.org/ns/structure/1.0"?>
<TEI xmlns:xi="http://www.w3.org/2001/XInclude" xmlns:svg="http://www.w3.org/2000/svg" xmlns:math="http://www.w3.org/1998/Math/MathML" xmlns="http://www.tei-c.org/ns/1.0">
 <teiHeader>
  <fileDesc>
   <titleStmt>
    <title xml:lang='de'>Grabmal für Hanne bat Hirsch Halle ∞ Awraham Kleve, gest. 1825-03-24, Jüdischer Friedhof Hamburg-Altona, Königstraße</title>
    <respStmt xml:lang="de">
     <resp>herausgegeben vom</resp>
     <orgName ref="http://d-nb.info/gnd/212562-6">
      Salomon Ludwig Steinheim-Institut
      <address>
       <addrLine>Edmund-Körner-Platz 2</addrLine>
       <addrLine>D-45127 Essen</addrLine>
      </address>
     </orgName>
    </respStmt>
   </titleStmt>
    <editionStmt>
    <edition/>
   </editionStmt>
   <extent/>
   <publicationStmt>
    <publisher>
     <orgName ref="http://d-nb.info/gnd/212562-6">
      Salomon Ludwig Steinheim-Institut 
      <address>
       <addrLine>Edmund-Körner-Platz 2</addrLine>
       <addrLine>D-45127 Essen</addrLine>
      </address>
     </orgName>
    </publisher>
    <idno>hha-1391</idno>
    <idno type="url">http://www.steinheim-institut.de/cgi-bin/epidat?id=hha-1391</idno>
    <availability xml:lang="en" status="free">
     <licence>
      <ref target="http://creativecommons.org/licenses/by/4.0/">Distributed under a Creative Commons licence Attribution-BY 4.0</ref>
      <p>
       All reuse or distribution of this work must contain somewhere a link back to the URL 
       <ref>http://www.steinheim-institut.de/cgi-bin/epidat?id=hha-1391</ref>
      </p>
     </licence>
    </availability>
   </publicationStmt>
    <notesStmt>
    <note/>
   </notesStmt>
   <sourceDesc>
    <bibl>born digital</bibl>
     <msDesc>
     <msIdentifier/>
     <physDesc>
      <objectDesc>
       <supportDesc>
        <support>
         <p>
          <material>Stein</material>
         </p>
        </support>
        <condition>
         <p>
          <date>2006</date>
           non in situ Beschädigung schwer 
          <damage agent='Verwitterung'>Verwitterung stark</damage>
         </p>
        </condition>
       </supportDesc>
        <layoutDesc>
        <layout/>
       </layoutDesc>
      </objectDesc>
      <handDesc>
       <handNote>Schrift erhaben</handNote>
      </handDesc>
     </physDesc>
     <history>
      <origin>
       <date notBefore='1825-03-24'>1825-03-24</date>
       <country type="ISO_3166" key="XA-DE-HH">
        Germany
        <region>Hamburg</region>
       </country>
       <settlement type='city' key='tgn:7012310'>
        Hamburg-Altona, Königstraße 
        <geogName>
         Jüdischer Friedhof
         <geo decls="#WGS">53.549373 9.950545</geo>
         <location>
          <geo decls='Planquadrat'>EN</geo>
         </location>
         <location>
          <geo decls='Feld Grabnummer'>S 1428</geo>
         </location>
        </geogName>
       </settlement>
      </origin>
     </history>
    </msDesc>
   </sourceDesc>
  </fileDesc>
  <encodingDesc>
   <p>Encoded according to the EpiDoc Guidelines, Schema Version 8.18</p>
   <classDecl>
    <taxonomy>
     <category xml:id='foto1'>
      <catDesc>
       <persName ref='http://d-nb.info/gnd/128472499' role='photographer'>
        Bert Sommer, 
        <orgName ref="http://d-nb.info/gnd/212562-6">Steinheim-Institut</orgName>
       </persName>
      </catDesc>
     </category>
     <category xml:id='foto6'>
      <catDesc>Fundstücke, Dan Bondy</catDesc>
     </category>
     <category xml:id='foto5'>
      <catDesc>Denkmalpflegerische Massnahme</catDesc>
     </category>
     <category xml:id='foto4'>
      <catDesc>^# Denkmalschutzamt Hamburg</catDesc>
     </category>
     <category xml:id='foto3'>
      <catDesc>Eduard Duckesz Glasplatten ^# CAHJP Jerusalem, Glasplatten: HMB/2452, Inv 2326 · Digitalisat: CDB/5-7</catDesc>
     </category>
     <category xml:id='foto2'>
      <catDesc>Historische Aufnahmen [Mikrofilme] ^# Staatsarchiv Hamburg, Bestand 741-4 Fotoarchiv, Signatur P 2333</catDesc>
     </category>
     <category xml:id='foto7'>
      <catDesc>Aufgenommen in der Synagoge Innsbruck</catDesc>
     </category>
    </taxonomy>
   </classDecl>
   <geoDecl xml:id="WGS" datum="WGS84">World Geodetic System</geoDecl>
  </encodingDesc>
  <profileDesc>
   <particDesc>
    <listPerson>
     <person xml:id="hha-1391-1" sex='2'>
      <persName>Hanne bat Hirsch Halle ∞ Awraham Kleve</persName>
       <event when='1825-03-24' type="dateofdeath">
       <desc/>
      </event>
     </person>
    </listPerson>
   </particDesc>
    <langUsage>
    <!-- According to bcp47 http://tools.ietf.org/html/bcp47 (Language) and ISO15924 (writing System)-->
    <language ident='he' usage='100'>Hebrew</language>
   </langUsage>
  </profileDesc>
   <revisionDesc>
   <change/>
  </revisionDesc>
 </teiHeader>
 <facsimile>
  <graphic url='http://steinheim-institut.de/daten/picshha/xl/1391xEN_0110160117.jpg'>
    <desc>
    <ref target='#foto1'/>
    <date when='2001-10-16'/>
    schriftlos
   </desc>
  </graphic>
  <graphic url='http://steinheim-institut.de/daten/picshha/xl/mf/04/00000275.jpg'>
    <desc>
    <ref target='#foto2'/>
   </desc>
  </graphic>
  <graphic url='http://steinheim-institut.de/daten/picshha/xl/9067xEM_0309150123.jpg'>
    <desc>
    <ref target='#foto1'/>
    <date when='2003-09-15'/>
    Fragment schriftlos
   </desc>
  </graphic>
  <graphic url='http://steinheim-institut.de/daten/picshha/xl/9554_EM.png'>
    <desc>
    <ref target='#foto5'/>
    Fragment 
   </desc>
  </graphic>
  <graphic url='http://steinheim-institut.de/daten/picshha/xl/9556_EM.png'>
    <desc>
    <ref target='#foto5'/>
    Fragment 
   </desc>
  </graphic>
  <graphic url='http://steinheim-institut.de/daten/picshha/xl/9073xEM_0309150129.jpg'>
    <desc>
    <ref target='#foto1'/>
    <date when='2003-09-15'/>
    Fragment verso
   </desc>
  </graphic>
  <graphic url='http://steinheim-institut.de/daten/picshha/xl/9555_EM.png'>
    <desc>
    <ref target='#foto5'/>
    Fragment 
   </desc>
  </graphic>
  <graphic url='http://steinheim-institut.de/daten/picshha/xl/9055xEM_0309150111.jpg'>
    <desc>
    <ref target='#foto1'/>
    <date when='2003-09-15'/>
    Fragment schriftlos
   </desc>
  </graphic>
  <graphic url='http://steinheim-institut.de/daten/picshha/xl/9557_EM.png'>
    <desc>
    <ref target='#foto5'/>
    Fragment 
   </desc>
  </graphic>
  <graphic url='http://steinheim-institut.de/daten/picshha/xl/9065_EM_0309150121.jpg'>
    <desc>
    <ref target='#foto1'/>
    <date when='2003-09-15'/>
    Fragment recto
   </desc>
  </graphic>
  <graphic url='http://steinheim-institut.de/daten/picshha/xl/9064_EM_0309150120.jpg'>
    <desc>
    <ref target='#foto1'/>
    <date when='2003-09-15'/>
    Fragment recto
   </desc>
  </graphic>
  <graphic url='http://steinheim-institut.de/daten/picshha/xl/9553_EN.png'>
    <desc>
    <ref target='#foto5'/>
    Fragment 
   </desc>
  </graphic>
  <graphic url='http://steinheim-institut.de/daten/picshha/xl/9075_EM_0309150131.jpg'>
    <desc>
    <ref target='#foto1'/>
    <date when='2003-09-15'/>
    Fragment recto
   </desc>
  </graphic>
 </facsimile>
 <text>
  <body>
   <div type='edition'>
    <head>Edition</head>
     <ab>
     <lb n='1'/>
     ‎‏פ״ט‏‎
‏‎     <lb n='2'/>
     ‎‏האשה הזקנה היקרה והצנועה‏‎
‏‎     <lb n='3'/>
     ‎‏נאה במעשיה הצדקה ויעלת חן‏‎
‏‎     <lb n='4'/>
     ‎‏העקרת הבית ועטרת בעלה‏‎
‏‎     <lb n='5'/>
     ‎‏ה״ה מ׳ הנה בת פו״מ [כ״ה הירש האללע ז״ל]‏‎
‏‎     <lb n='6'/>
     ‎‏אשת [... אברהם קליף ז״ל]‏‎
‏‎     <lb n='7'/>
     ‎‏[...]‏‎
     <lb n='8'/>
     ‎‏[...]‎‏ניסן תקפ״ג לפ״ק‏‎
‏‎     <lb n='9'/>
     ‎‏[‎‏־־־]‏‎
‏‎    </ab>
   </div>
   <div type='translation'>
    <head>Übersetzung</head>
     <ab>
     <lb n='1'/>
     Hier ist geborgen
     <lb n='2'/>
     die betagte Frau, die Teure und die Züchtige,
     <lb n='3'/>
     ›lieblich in ihren Wohltaten‹, und ›anmutsvolle Gemse‹,
     <lb n='4'/>
     ›die Walterin des Hauses‹, ›und Krone ihres Gatten‹,
     <lb n='5'/>
     es ist Frau Hanne, Tochter des Vorstehers und Leiters, des geehrten Herrn Hirsch Halle, sein Andenken zum Segen,
     <lb n='6'/>
     Gattin von ... Awraham Kleve, sein Andenken zum Segen,
     <lb n='7'/>
     ...
     <lb n='8'/>
     ... Nissan. 583 der kleinen Zählung
     <lb n='9'/>
     [---]
    </ab>
   </div>
   <div type="commentary" subtype="Zitate">
    <head>Zitate</head>
    <p>Zl 3: Vgl. bKet 17a | Zl 3: Spr 5,19</p>
    <p>Zl 4: Ps 113,9 | Zl 4: Spr 12,4</p>
   </div>
   <div type='commentary' subtype='Stilmittel'>
    <head>Stilmittel</head>
    <p>
     <label>Akrostichon</label>
      in Zeilen 2-4: ‎‏ההנןהה‏‎ hhn^nhh
    </p>
   </div>
   <div type="commentary" subtype="Endkommentar">
    <head>Endkommentar</head>
    <p>Die histor. Aufnahme zeigt das Grabmal in situ und unbeschädigt, wenn auch bereits stark verwittert. Namensakrostichon sowohl am Anfang als auch am Ende der Zln 2-4.</p>
   </div>
   <div type="commentary" subtype="Prosopographie">
    <head>Prosopographie</head>
   </div>
   <div type="bibliography">
    <head>Bibliographie</head>
    <p>to be done ...</p>
   </div>
  </body>
 </text>
</TEI>
