﻿<?xml version="1.0" encoding="UTF-8"?>
<?xml-model href="http://www.stoa.org/epidoc/schema/8.18/tei-epidoc.rng" schematypens="http://relaxng.org/ns/structure/1.0"?>
<TEI xmlns:xi="http://www.w3.org/2001/XInclude" xmlns:svg="http://www.w3.org/2000/svg" xmlns:math="http://www.w3.org/1998/Math/MathML" xmlns="http://www.tei-c.org/ns/1.0">
 <teiHeader>
  <fileDesc>
   <titleStmt>
    <title xml:lang='de'>Grabmal für Vogel bat Josef Popert ∞ Mosche Oppenheim, gest. 1791-01-03, Jüdischer Friedhof Hamburg-Altona, Königstraße</title>
    <respStmt xml:lang="de">
     <resp>herausgegeben vom</resp>
     <orgName ref="http://d-nb.info/gnd/212562-6">
      Salomon Ludwig Steinheim-Institut
      <address>
       <addrLine>Edmund-Körner-Platz 2</addrLine>
       <addrLine>D-45127 Essen</addrLine>
      </address>
     </orgName>
    </respStmt>
   </titleStmt>
    <editionStmt>
    <edition/>
   </editionStmt>
   <extent/>
   <publicationStmt>
    <publisher>
     <orgName ref="http://d-nb.info/gnd/212562-6">
      Salomon Ludwig Steinheim-Institut 
      <address>
       <addrLine>Edmund-Körner-Platz 2</addrLine>
       <addrLine>D-45127 Essen</addrLine>
      </address>
     </orgName>
    </publisher>
    <idno>hha-1678</idno>
    <idno type="url">http://www.steinheim-institut.de/cgi-bin/epidat?id=hha-1678</idno>
    <availability xml:lang="en" status="free">
     <licence>
      <ref target="http://creativecommons.org/licenses/by/4.0/">Distributed under a Creative Commons licence Attribution-BY 4.0</ref>
      <p>
       All reuse or distribution of this work must contain somewhere a link back to the URL 
       <ref>http://www.steinheim-institut.de/cgi-bin/epidat?id=hha-1678</ref>
      </p>
     </licence>
    </availability>
   </publicationStmt>
    <notesStmt>
    <note/>
   </notesStmt>
   <sourceDesc>
    <bibl>born digital</bibl>
     <msDesc>
     <msIdentifier/>
     <physDesc>
      <objectDesc>
       <supportDesc>
        <support>
         <p>
          <material>Stein</material>
         </p>
        </support>
        <condition>
         <p>
          <date>2006</date>
           in situ Beschädigung leicht
         </p>
        </condition>
       </supportDesc>
        <layoutDesc>
        <layout/>
       </layoutDesc>
      </objectDesc>
      <handDesc>
       <handNote>Schrift erhaben</handNote>
      </handDesc>
      <decoDesc>
       <decoNote type='symbol'>Namenssymbol: Vogel</decoNote>
      </decoDesc>
     </physDesc>
     <history>
      <origin>
       <date notBefore='1791-01-03'>1791-01-03</date>
       <country type="ISO_3166" key="XA-DE-HH">
        Germany
        <region>Hamburg</region>
       </country>
       <settlement type='city' key='tgn:7012310'>
        Hamburg-Altona, Königstraße 
        <geogName>
         Jüdischer Friedhof
         <geo decls="#WGS">53.549373 9.950545</geo>
         <location>
          <geo decls='Planquadrat'>FE</geo>
         </location>
         <location>
          <geo decls='Feld Grabnummer'>N 2992</geo>
         </location>
        </geogName>
       </settlement>
      </origin>
     </history>
    </msDesc>
   </sourceDesc>
  </fileDesc>
  <encodingDesc>
   <p>Encoded according to the EpiDoc Guidelines, Schema Version 8.18</p>
   <classDecl>
    <taxonomy>
     <category xml:id='foto1'>
      <catDesc>
       <persName ref='http://d-nb.info/gnd/128472499' role='photographer'>
        Bert Sommer, 
        <orgName ref="http://d-nb.info/gnd/212562-6">Steinheim-Institut</orgName>
       </persName>
      </catDesc>
     </category>
     <category xml:id='foto6'>
      <catDesc>Fundstücke, Dan Bondy</catDesc>
     </category>
     <category xml:id='foto5'>
      <catDesc>Denkmalpflegerische Massnahme</catDesc>
     </category>
     <category xml:id='foto4'>
      <catDesc>^# Denkmalschutzamt Hamburg</catDesc>
     </category>
     <category xml:id='foto3'>
      <catDesc>Eduard Duckesz Glasplatten ^# CAHJP Jerusalem, Glasplatten: HMB/2452, Inv 2326 · Digitalisat: CDB/5-7</catDesc>
     </category>
     <category xml:id='foto2'>
      <catDesc>Historische Aufnahmen [Mikrofilme] ^# Staatsarchiv Hamburg, Bestand 741-4 Fotoarchiv, Signatur P 2333</catDesc>
     </category>
     <category xml:id='foto7'>
      <catDesc>Aufgenommen in der Synagoge Innsbruck</catDesc>
     </category>
    </taxonomy>
   </classDecl>
   <geoDecl xml:id="WGS" datum="WGS84">World Geodetic System</geoDecl>
  </encodingDesc>
  <profileDesc>
   <particDesc>
    <listPerson>
     <person xml:id="hha-1678-1" sex='2'>
      <persName>Vogel bat Josef Popert ∞ Mosche Oppenheim</persName>
       <event when='1791-01-03' type="dateofdeath">
       <desc/>
      </event>
     </person>
    </listPerson>
   </particDesc>
    <langUsage>
    <!-- According to bcp47 http://tools.ietf.org/html/bcp47 (Language) and ISO15924 (writing System)-->
    <language ident='he' usage='100'>Hebrew</language>
   </langUsage>
  </profileDesc>
   <revisionDesc>
   <change/>
  </revisionDesc>
 </teiHeader>
 <facsimile>
  <graphic url='http://steinheim-institut.de/daten/picshha/xl/1678_FE_0110140126.jpg'>
    <desc>
    <ref target='#foto1'/>
    <date when='2001-10-14'/>
    recto
   </desc>
  </graphic>
  <graphic url='http://steinheim-institut.de/daten/picshha/xl/mf/02/00000365.jpg'>
    <desc>
    <ref target='#foto2'/>
   </desc>
  </graphic>
 </facsimile>
 <text>
  <body>
   <div type='edition'>
    <head>Edition</head>
     <ab>
     <lb n='1'/>
     ‎‏גם חסידה בשמים‏‎
‏‎     <lb n='2'/>
     ‎‏פה שוכבת הדרת הנשים‏‎
‏‎     <lb n='3'/>
     ‎‏אף גם עדים וצבי תפארתם‏‎
‏‎     <lb n='4'/>
     ‎‏גמלה חסד עם הרשים‏‎
‏‎     <lb n='5'/>
     ‎‏לזמנה היתה כתר מכתם‏‎
‏‎     <lb n='6'/>
     ‎‏בת פו״מ כהר״ר יוסף‏‎
‏‎     <lb n='7'/>
     ‎‏פופרט אשת כ״ה משה‏‎
‏‎     <lb n='8'/>
     ‎‏אפינהיי׳ הגובה באלטונא‏‎
‏‎     <lb n='9'/>
     ‎‏נפטר׳ ונקבר׳ יום ב׳ ך״ז טבת‏‎
‏‎     <lb n='10'/>
     ‎‏שנת כצפור נודדת מקנה‏‎
‏‎     <lb n='11'/>
     ‎‏תנצב״ה ‏‎
‏‎    </ab>
   </div>
   <div type='translation'>
    <head>Übersetzung</head>
     <ab>
     <lb n='1'/>
     Auch die Fromme am Himmel
     <lb n='2'/>
     Hier ruht der Frauen Glanz,
     <lb n='3'/>
     auch deren schmückende, prachtvolle Zier,
     <lb n='4'/>
     Liebeswerk erwies sie den Elenden,
     <lb n='5'/>
     ihrem Zeitalter war sie Edelerz Krone,
     <lb n='6'/>
     (Vogel), Tochter des Vorstehers und Leiters, des geehrten Meisters, Herrn Josef
     <lb n='7'/>
     Popert, Gattin des geehrten Herrn Mosche
     <lb n='8'/>
     Oppenheim, des Kassenverwalters in Altona,
     <lb n='9'/>
     verschieden und begraben Tag 2, 27. Tewet
     <lb n='10'/>
     des Jahres "Einem Vogel Gleich, Der Aus Seinem Nest Wegzieht" (551)
     <lb n='11'/>
     Ihre Seele sei eingebunden in das Bündel des Lebens
    </ab>
   </div>
   <div type='commentary' subtype='Stilmittel'>
    <head>Stilmittel</head>
    <p>
     <label>Reim</label>
      auf -schim in Zln 2,4 und auf -tam in Zln 3,5.
    </p>
    <p>
     <label>Chronogramm</label>
      in Zl 10, die Addition der Zahlenwerte der mit einem Punkt versehenen und größer gehaltenen Buchstaben ergibt das Jahr 551.
    </p>
    <p>
     <label>Akrostichon</label>
      in Zeilen 2-5: ‎‏פאגל‏‎ Fogel
    </p>
   </div>
   <div type="commentary" subtype="Zeilenkommentar">
    <head>Zeilenkommentar</head>
    <p>Zl 1: Jer 8,7; der Storch, der "seine Zeiten kennt", wann er in warme Gegenden zieht und wann er zurückkehrt (so Raschi). Hier, wegen des Homonyms "die Fromme" und "Storch" eine gekonnte Anspielung auf die Fromme, die ebenfalls weiß, wann "ihre Zeit gekommen ist". Hier ist nur der Anfang des Verses ("Auch der Storch am Himmel") gegeben, dessen Fortsetzung ("kennt seine Zeit") aber durchaus vorausgesetzt und angenommen wird, weil das Motiv des wegziehenden Vogels in Anlehnung an den Namen dem Leser sonst verborgen bliebe.</p>
    <p>Zl 3b: Jes 28,1.</p>
    <p>Zln 2 u. 4: Langgezogenes Schluß-Mem.</p>
    <p>Zl 5: Jes 13,12; ‎‏מכתם‏‎, Kleinod, Edelerz.</p>
    <p>Zl 6: Der Vorname, hier in Klammern, erschließt sich allein aus dem Akrostichon, das in Zl 5 endet, womit die folgegerechte Fortsetzung mit dem Vatersnamen erfolgt.</p>
    <p>Zl 10: Spr 27,8; dieser Vers, hier als Chronogramm für das Todesjahr, wird gelegentlich verwendet, um den Tod einer Frau namens Zippor oder Vogel zu umschreiben. Hier ist es ein explizites Wiederaufgreifen des in Zl 1 angedeuteten wegziehenden, wandernden Vogels, womit sich der Kreis der Inschrift schließt.</p>
   </div>
   <div type="commentary" subtype="Prosopographie">
    <head>Prosopographie</head>
   </div>
   <div type="bibliography">
    <head>Bibliographie</head>
    <p>to be done ...</p>
   </div>
  </body>
 </text>
</TEI>
