﻿<?xml version="1.0" encoding="UTF-8"?>
<?xml-model href="http://www.stoa.org/epidoc/schema/8.18/tei-epidoc.rng" schematypens="http://relaxng.org/ns/structure/1.0"?>
<TEI xmlns:xi="http://www.w3.org/2001/XInclude" xmlns:svg="http://www.w3.org/2000/svg" xmlns:math="http://www.w3.org/1998/Math/MathML" xmlns="http://www.tei-c.org/ns/1.0">
 <teiHeader>
  <fileDesc>
   <titleStmt>
    <title xml:lang='de'>Grabmal für Jehuda Josef Löb ben Mosche, gest. 1711-05-26, Jüdischer Friedhof Hamburg-Altona, Königstraße</title>
    <respStmt xml:lang="de">
     <resp>herausgegeben vom</resp>
     <orgName ref="http://d-nb.info/gnd/212562-6">
      Salomon Ludwig Steinheim-Institut
      <address>
       <addrLine>Edmund-Körner-Platz 2</addrLine>
       <addrLine>D-45127 Essen</addrLine>
      </address>
     </orgName>
    </respStmt>
   </titleStmt>
    <editionStmt>
    <edition/>
   </editionStmt>
   <extent/>
   <publicationStmt>
    <publisher>
     <orgName ref="http://d-nb.info/gnd/212562-6">
      Salomon Ludwig Steinheim-Institut 
      <address>
       <addrLine>Edmund-Körner-Platz 2</addrLine>
       <addrLine>D-45127 Essen</addrLine>
      </address>
     </orgName>
    </publisher>
    <idno>hha-1452</idno>
    <idno type="url">http://www.steinheim-institut.de/cgi-bin/epidat?id=hha-1452</idno>
    <availability xml:lang="en" status="free">
     <licence>
      <ref target="http://creativecommons.org/licenses/by/4.0/">Distributed under a Creative Commons licence Attribution-BY 4.0</ref>
      <p>
       All reuse or distribution of this work must contain somewhere a link back to the URL 
       <ref>http://www.steinheim-institut.de/cgi-bin/epidat?id=hha-1452</ref>
      </p>
     </licence>
    </availability>
   </publicationStmt>
    <notesStmt>
    <note/>
   </notesStmt>
   <sourceDesc>
    <bibl>born digital</bibl>
     <msDesc>
     <msIdentifier/>
     <physDesc>
      <objectDesc>
       <supportDesc>
        <support>
         <p>
          <material>Stein</material>
         </p>
        </support>
        <condition>
         <p>
          <date>2006</date>
           in situ
         </p>
        </condition>
       </supportDesc>
        <layoutDesc>
        <layout/>
       </layoutDesc>
      </objectDesc>
      <handDesc>
       <handNote>Schrift vertieft</handNote>
      </handDesc>
     </physDesc>
     <history>
      <origin>
       <date notBefore='1711-05-26'>1711-05-26</date>
       <country type="ISO_3166" key="XA-DE-HH">
        Germany
        <region>Hamburg</region>
       </country>
       <settlement type='city' key='tgn:7012310'>
        Hamburg-Altona, Königstraße 
        <geogName>
         Jüdischer Friedhof
         <geo decls="#WGS">53.549373 9.950545</geo>
         <location>
          <geo decls='Planquadrat'>EN</geo>
         </location>
         <location>
          <geo decls='Feld Grabnummer'>S 1320</geo>
         </location>
        </geogName>
       </settlement>
      </origin>
     </history>
    </msDesc>
   </sourceDesc>
  </fileDesc>
  <encodingDesc>
   <p>Encoded according to the EpiDoc Guidelines, Schema Version 8.18</p>
   <classDecl>
    <taxonomy>
     <category xml:id='foto1'>
      <catDesc>
       <persName ref='http://d-nb.info/gnd/128472499' role='photographer'>
        Bert Sommer, 
        <orgName ref="http://d-nb.info/gnd/212562-6">Steinheim-Institut</orgName>
       </persName>
      </catDesc>
     </category>
     <category xml:id='foto6'>
      <catDesc>Fundstücke, Dan Bondy</catDesc>
     </category>
     <category xml:id='foto5'>
      <catDesc>Denkmalpflegerische Massnahme</catDesc>
     </category>
     <category xml:id='foto4'>
      <catDesc>^# Denkmalschutzamt Hamburg</catDesc>
     </category>
     <category xml:id='foto3'>
      <catDesc>Eduard Duckesz Glasplatten ^# CAHJP Jerusalem, Glasplatten: HMB/2452, Inv 2326 · Digitalisat: CDB/5-7</catDesc>
     </category>
     <category xml:id='foto2'>
      <catDesc>Historische Aufnahmen [Mikrofilme] ^# Staatsarchiv Hamburg, Bestand 741-4 Fotoarchiv, Signatur P 2333</catDesc>
     </category>
     <category xml:id='foto7'>
      <catDesc>Aufgenommen in der Synagoge Innsbruck</catDesc>
     </category>
    </taxonomy>
   </classDecl>
   <geoDecl xml:id="WGS" datum="WGS84">World Geodetic System</geoDecl>
  </encodingDesc>
  <profileDesc>
   <particDesc>
    <listPerson>
     <person xml:id="hha-1452-1" sex='1'>
      <persName>Jehuda Josef Löb ben Mosche</persName>
       <event when='1711-05-26' type="dateofdeath">
       <desc/>
      </event>
     </person>
    </listPerson>
   </particDesc>
    <langUsage>
    <!-- According to bcp47 http://tools.ietf.org/html/bcp47 (Language) and ISO15924 (writing System)-->
    <language ident='he' usage='100'>Hebrew</language>
   </langUsage>
  </profileDesc>
   <revisionDesc>
   <change/>
  </revisionDesc>
 </teiHeader>
 <facsimile>
  <graphic url='http://steinheim-institut.de/daten/picshha/xl/1452_EN_0309140121.jpg'>
    <desc>
    <ref target='#foto1'/>
    <date when='2003-09-14'/>
    recto
   </desc>
  </graphic>
  <graphic url='http://steinheim-institut.de/daten/picshha/xl/mf/04/00000159.jpg'>
    <desc>
    <ref target='#foto2'/>
   </desc>
  </graphic>
 </facsimile>
 <text>
  <body>
   <div type='edition'>
    <head>Edition</head>
     <ab>
     <lb n='1'/>
     ‎‏ארי סליק ועלה‏‎
‏‎     <lb n='2'/>
     ‎‏יהודא מאוד נעלה‏‎
‏‎     <lb n='3'/>
     ‎‏השמימה עלה במסילה‏‎
‏‎     <lb n='4'/>
     ‎‏ומשכרתו יהי שלמה‏‎
‏‎     <lb n='5'/>
     ‎‏דבאורית׳ לעי יום ולילה‏‎
‏‎     <lb n='6'/>
     ‎‏אהוב למטה ונחמ׳ למעלה‏‎
‏‎     <lb n='7'/>
     ‎‏ה״ה הישיש ספרא דווקנ׳‏‎
‏‎     <lb n='8'/>
     ‎‏ה״ר יהודא יוסף ליב במה״ו‏‎
‏‎     <lb n='9'/>
     ‎‏משה ז״ל נפטר ונקבר ‏‎
‏‎     <lb n='10'/>
     ‎‏יום ג׳ ח׳ סיון א״ח דשבוע׳‏‎
‏‎     <lb n='11'/>
     ‎‏תע״א לפ״ק ׃ תנצב״ה‏‎
‏‎    </ab>
   </div>
   <div type='translation'>
    <head>Übersetzung</head>
     <ab>
     <lb n='1'/>
     ›Ein Löwe ging hinweg und stieg hinauf‹,
     <lb n='2'/>
     Jehuda ist sehr Erhaben,
     <lb n='3'/>
     gen Himmel stieg er auf geradewegs,
     <lb n='4'/>
     ›und sein Lohn möge vollskommen sein‹,
     <lb n='5'/>
     denn ›in der Tora war er bemüht‹ Tag und Nacht,
     <lb n='6'/>
     ›geliebt hienieden und liebenswert droben‹,
     <lb n='7'/>
     es ist der Greis, ›der genaueste Schreiber‹,
     <lb n='8'/>
     der geehrte Jehuda Josef Löb, Sohn unseres Lehrers, des Meisters, Herrn
     <lb n='9'/>
     Mosche, sein Andenken zum Segen, verschieden und begraben
     <lb n='10'/>
     Tag 3, 8. Sivan, Nachfeiertag des Wochenfestes,
     <lb n='11'/>
     471 der kleinen Zählung. Seine Seele sei eingebunden in das Bündel des Lebens
    </ab>
   </div>
   <div type="commentary" subtype="Zitate">
    <head>Zitate</head>
    <p>Zl 1: u. a. bBQ 117a</p>
    <p>Zl 4: nach Rut 2,12</p>
    <p>Zl 5: jShab 7a</p>
    <p>Zl 6: nach bKid 71a</p>
    <p>Zl 7: bAZ 10a</p>
   </div>
   <div type='commentary' subtype='Stilmittel'>
    <head>Stilmittel</head>
    <p>
     <label>Reim</label>
      auf -lah in Zln 1, 3-6.
    </p>
    <p>
     <label>Akrostichon</label>
      in Zeilen 2-6: ‎‏יהודא‏‎ Jehuda
    </p>
   </div>
   <div type="commentary" subtype="Zeilenkommentar">
    <head>Zeilenkommentar</head>
    <p>Zl 1: In bBQ 117a - ‎‏ארי עלה‏‎ -, bezogen auf Raw Kahana, der von Babylonien an die Schule Rabbi Jochanans in Erez Jisrael kam. In Jaakows Segnungen der Stämme wird Jehuda in Gen 49,9 "junger Löwe" (‎‏גור אריה‏‎) und Löwe (‎‏אריה‏‎) genannt.</p>
   </div>
   <div type="commentary" subtype="Prosopographie">
    <head>Prosopographie</head>
   </div>
   <div type="bibliography">
    <head>Bibliographie</head>
    <p>to be done ...</p>
   </div>
  </body>
 </text>
</TEI>
