﻿<?xml version="1.0" encoding="UTF-8"?>
<?xml-model href="http://www.stoa.org/epidoc/schema/8.18/tei-epidoc.rng" schematypens="http://relaxng.org/ns/structure/1.0"?>
<TEI xmlns:xi="http://www.w3.org/2001/XInclude" xmlns:svg="http://www.w3.org/2000/svg" xmlns:math="http://www.w3.org/1998/Math/MathML" xmlns="http://www.tei-c.org/ns/1.0">
 <teiHeader>
  <fileDesc>
   <titleStmt>
    <title xml:lang='de'>Grabmal für Bella bat Jokew, gest. 1721-12-02, Jüdischer Friedhof Hamburg-Altona, Königstraße</title>
    <respStmt xml:lang="de">
     <resp>herausgegeben vom</resp>
     <orgName ref="http://d-nb.info/gnd/212562-6">
      Salomon Ludwig Steinheim-Institut
      <address>
       <addrLine>Edmund-Körner-Platz 2</addrLine>
       <addrLine>D-45127 Essen</addrLine>
      </address>
     </orgName>
    </respStmt>
   </titleStmt>
    <editionStmt>
    <edition/>
   </editionStmt>
   <extent/>
   <publicationStmt>
    <publisher>
     <orgName ref="http://d-nb.info/gnd/212562-6">
      Salomon Ludwig Steinheim-Institut 
      <address>
       <addrLine>Edmund-Körner-Platz 2</addrLine>
       <addrLine>D-45127 Essen</addrLine>
      </address>
     </orgName>
    </publisher>
    <idno>hha-1184</idno>
    <idno type="url">http://www.steinheim-institut.de/cgi-bin/epidat?id=hha-1184</idno>
    <availability xml:lang="en" status="free">
     <licence>
      <ref target="http://creativecommons.org/licenses/by/4.0/">Distributed under a Creative Commons licence Attribution-BY 4.0</ref>
      <p>
       All reuse or distribution of this work must contain somewhere a link back to the URL 
       <ref>http://www.steinheim-institut.de/cgi-bin/epidat?id=hha-1184</ref>
      </p>
     </licence>
    </availability>
   </publicationStmt>
    <notesStmt>
    <note/>
   </notesStmt>
   <sourceDesc>
    <bibl>born digital</bibl>
     <msDesc>
     <msIdentifier/>
     <physDesc>
      <objectDesc>
       <supportDesc>
        <support>
         <p>
          <material>Stein</material>
         </p>
        </support>
        <condition>
         <p>
          <date>2006</date>
           in situ 
          <damage agent='Verwitterung'>Verwitterung leicht</damage>
         </p>
        </condition>
       </supportDesc>
        <layoutDesc>
        <layout/>
       </layoutDesc>
      </objectDesc>
      <handDesc>
       <handNote>Schrift erhaben</handNote>
      </handDesc>
      <decoDesc>
       <decoNote type='ornament'>floral: Kranz; gestalterisch</decoNote>
      </decoDesc>
     </physDesc>
     <history>
      <origin>
       <date notBefore='1721-12-02'>1721-12-02</date>
       <country type="ISO_3166" key="XA-DE-HH">
        Germany
        <region>Hamburg</region>
       </country>
       <settlement type='city' key='tgn:7012310'>
        Hamburg-Altona, Königstraße 
        <geogName>
         Jüdischer Friedhof
         <geo decls="#WGS">53.549373 9.950545</geo>
         <location>
          <geo decls='Planquadrat'>EK</geo>
         </location>
         <location>
          <geo decls='Feld Grabnummer'>CII 389</geo>
         </location>
        </geogName>
       </settlement>
      </origin>
     </history>
    </msDesc>
   </sourceDesc>
  </fileDesc>
  <encodingDesc>
   <p>Encoded according to the EpiDoc Guidelines, Schema Version 8.18</p>
   <classDecl>
    <taxonomy>
     <category xml:id='foto1'>
      <catDesc>
       <persName ref='http://d-nb.info/gnd/128472499' role='photographer'>
        Bert Sommer, 
        <orgName ref="http://d-nb.info/gnd/212562-6">Steinheim-Institut</orgName>
       </persName>
      </catDesc>
     </category>
     <category xml:id='foto6'>
      <catDesc>Fundstücke, Dan Bondy</catDesc>
     </category>
     <category xml:id='foto5'>
      <catDesc>Denkmalpflegerische Massnahme</catDesc>
     </category>
     <category xml:id='foto4'>
      <catDesc>^# Denkmalschutzamt Hamburg</catDesc>
     </category>
     <category xml:id='foto3'>
      <catDesc>Eduard Duckesz Glasplatten ^# CAHJP Jerusalem, Glasplatten: HMB/2452, Inv 2326 · Digitalisat: CDB/5-7</catDesc>
     </category>
     <category xml:id='foto2'>
      <catDesc>Historische Aufnahmen [Mikrofilme] ^# Staatsarchiv Hamburg, Bestand 741-4 Fotoarchiv, Signatur P 2333</catDesc>
     </category>
     <category xml:id='foto7'>
      <catDesc>Aufgenommen in der Synagoge Innsbruck</catDesc>
     </category>
    </taxonomy>
   </classDecl>
   <geoDecl xml:id="WGS" datum="WGS84">World Geodetic System</geoDecl>
  </encodingDesc>
  <profileDesc>
   <particDesc>
    <listPerson>
     <person xml:id="hha-1184-1" sex='2'>
      <persName>Bella bat Jokew</persName>
       <event when='1721-12-02' type="dateofdeath">
       <desc/>
      </event>
     </person>
    </listPerson>
   </particDesc>
    <langUsage>
    <!-- According to bcp47 http://tools.ietf.org/html/bcp47 (Language) and ISO15924 (writing System)-->
    <language ident='he' usage='100'>Hebrew</language>
   </langUsage>
  </profileDesc>
   <revisionDesc>
   <change/>
  </revisionDesc>
 </teiHeader>
 <facsimile>
  <graphic url='http://steinheim-institut.de/daten/picshha/xl/1184_EK_0110150109.jpg'>
    <desc>
    <ref target='#foto1'/>
    <date when='2001-10-15'/>
    recto
   </desc>
  </graphic>
  <graphic url='http://steinheim-institut.de/daten/picshha/xl/mf/01/00000444.jpg'>
    <desc>
    <ref target='#foto2'/>
   </desc>
  </graphic>
  <graphic url='http://steinheim-institut.de/daten/picshha/xl/mf/15/00000042.jpg'>
    <desc>
    <ref target='#foto2'/>
   </desc>
  </graphic>
 </facsimile>
 <text>
  <body>
   <div type='edition'>
    <head>Edition</head>
     <ab>
     <lb n='1'/>
     ‎‏פ״ט‏‎
‏‎     <lb n='2'/>
     ‎‏וצפונה‏‎
‏‎     <lb n='3'/>
     ‎‏בתולה יקרה מפז‏‎
‏‎     <lb n='4'/>
     ‎‏מסולא ׃‏‎
‏‎     <lb n='5'/>
     ‎‏ידי׳ שלחה בכשרון‏‎
‏‎     <lb n='6'/>
     ‎‏פעולה ׃‏‎
‏‎     <lb n='7'/>
     ‎‏לאבל נהפך מחול׳‏‎
‏‎     <lb n='8'/>
     ‎‏הי{ת}ה נאה וחסודה‏‎
‏‎     <lb n='9'/>
     ‎‏ווי להאי שופרא‏‎
‏‎     <lb n='10'/>
     ‎‏דבלע ה״ה הבתולה‏‎
‏‎     <lb n='11'/>
     ‎‏מרת בילה בת‏‎
‏‎     <lb n='12'/>
     ‎‏האלוף הר״ר יאקב‏‎
‏‎     <lb n='13'/>
     ‎‏יצ״ו נפטר׳ ונקבר׳ ביו׳‏‎
‏‎     <lb n='14'/>
     ‎‏ג׳ י״ב כסלו תפ״ב ל׳‏‎
‏‎     <lb n='15'/>
     ‎‏תנצב״ה‏‎
‏‎    </ab>
   </div>
   <div type='translation'>
    <head>Übersetzung</head>
     <ab>
     <lb n='1'/>
     Hier ist geborgen
     <lb n='2'/>
     und verwahrt
     <lb n='3'/>
     eine Jungfrau, ›kostbarer als mit Feingold‹
     <lb n='4'/>
     Aufgewogenes,
     <lb n='5'/>
     ›ihre Hände streckte sie aus‹ mit allem Geschick
     <lb n='6'/>
     im Tun,
     <lb n='7'/>
     ›zur Trauer kehrte sich um ihr Reigen‹,
     <lb n='8'/>
     ›lieblich war sie und anmutsvoll‹,
     <lb n='9'/>
     ›wehe dieser Schönheit,
     <lb n='10'/>
     die verschlungen ist‹, es ist die Jungfrau,
     <lb n='11'/>
     Frau Bella, Tochter des
     <lb n='12'/>
     Vornehmen, des Meisters, Herrn Jokew,
     <lb n='13'/>
     sein Fels und Erlöser behüte ihn, verschieden und begraben am Tag
     <lb n='14'/>
     3, 12. Kislev 482 der Zählung.
     <lb n='15'/>
     Ihre Seele sei eingebunden in das Bündel des Lebens 
    </ab>
   </div>
   <div type="commentary" subtype="Zitate">
    <head>Zitate</head>
    <p>Zl 3: nach Klgl 4,2</p>
    <p>Zl 5: Spr 31,19</p>
    <p>Zl 7: Klgl 5,15</p>
    <p>Zl 8: bKet 17a</p>
    <p>Zl 9f: Zusammengesetzt aus bBer 5a und Jes 25,8</p>
   </div>
   <div type='commentary' subtype='Stilmittel'>
    <head>Stilmittel</head>
    <p>
     <label>Reim</label>
      auf -lah in Zln 4,6,7,10 (den Namen einschließend).
    </p>
    <p>
     <label>Akrostichon</label>
      in Zeilen 3, 5, 7-8: ‎‏בילה‏‎ Bella
    </p>
   </div>
   <div type="commentary" subtype="Zeilenkommentar">
    <head>Zeilenkommentar</head>
    <p>Zl 8: Dort von der Braut gesagt, eine mögliche Anspielung; ‎‏היה‏‎ statt ‎‏היתה‏‎, (männliche statt weibliche Form).</p>
    <p>Zl 13a: Noch lebenden Personen nachgestellt.</p>
   </div>
   <div type="commentary" subtype="Endkommentar">
    <head>Endkommentar</head>
    <p>Trauer um Jungverstorbene wie hier, häufig mit Versen aus den Klageliedern ausgedrückt wird; auch das aramäische Zitat (Zln 9/10) wurde gerne verwendet, insbesondere bei Frauen namens Bella, wegen der klanglichen Nähe zu bala, bila, bula "vergangen", "verschlungen".</p>
   </div>
   <div type="commentary" subtype="Prosopographie">
    <head>Prosopographie</head>
   </div>
   <div type="bibliography">
    <head>Bibliographie</head>
    <p>to be done ...</p>
   </div>
  </body>
 </text>
</TEI>
