﻿<?xml version="1.0" encoding="UTF-8"?>
<?xml-model href="http://www.stoa.org/epidoc/schema/8.18/tei-epidoc.rng" schematypens="http://relaxng.org/ns/structure/1.0"?>
<TEI xmlns:xi="http://www.w3.org/2001/XInclude" xmlns:svg="http://www.w3.org/2000/svg" xmlns:math="http://www.w3.org/1998/Math/MathML" xmlns="http://www.tei-c.org/ns/1.0">
 <teiHeader>
  <fileDesc>
   <titleStmt>
    <title xml:lang='de'>Grabmal für Awraham Arie Löb ben Jehoschua Heschel SeGaL, gest. 1736-02-22, Jüdischer Friedhof Hamburg-Altona, Königstraße</title>
    <respStmt xml:lang="de">
     <resp>herausgegeben vom</resp>
     <orgName ref="http://d-nb.info/gnd/212562-6">
      Salomon Ludwig Steinheim-Institut
      <address>
       <addrLine>Edmund-Körner-Platz 2</addrLine>
       <addrLine>D-45127 Essen</addrLine>
      </address>
     </orgName>
    </respStmt>
   </titleStmt>
    <editionStmt>
    <edition/>
   </editionStmt>
   <extent/>
   <publicationStmt>
    <publisher>
     <orgName ref="http://d-nb.info/gnd/212562-6">
      Salomon Ludwig Steinheim-Institut 
      <address>
       <addrLine>Edmund-Körner-Platz 2</addrLine>
       <addrLine>D-45127 Essen</addrLine>
      </address>
     </orgName>
    </publisher>
    <idno>hha-1214</idno>
    <idno type="url">http://www.steinheim-institut.de/cgi-bin/epidat?id=hha-1214</idno>
    <availability xml:lang="en" status="free">
     <licence>
      <ref target="http://creativecommons.org/licenses/by/4.0/">Distributed under a Creative Commons licence Attribution-BY 4.0</ref>
      <p>
       All reuse or distribution of this work must contain somewhere a link back to the URL 
       <ref>http://www.steinheim-institut.de/cgi-bin/epidat?id=hha-1214</ref>
      </p>
     </licence>
    </availability>
   </publicationStmt>
    <notesStmt>
    <note/>
   </notesStmt>
   <sourceDesc>
    <bibl>born digital</bibl>
     <msDesc>
     <msIdentifier/>
     <physDesc>
      <objectDesc>
       <supportDesc>
        <support>
         <p>
          <material>Stein</material>
         </p>
        </support>
        <condition>
         <p>
          <date>2006</date>
           in situ Beschädigung mittel (linke obere Ecke fehlt) 
          <damage agent='Verwitterung'>Verwitterung mittel</damage>
         </p>
        </condition>
       </supportDesc>
        <layoutDesc>
        <layout/>
       </layoutDesc>
      </objectDesc>
      <handDesc>
       <handNote>Schrift erhaben</handNote>
      </handDesc>
      <decoDesc>
       <decoNote type='symbol'>Levitenkanne</decoNote>
       <decoNote type='symbol'>Namenssymbol: Löwen</decoNote>
       <decoNote type='symbol'>Hand aus Wolke</decoNote>
      </decoDesc>
     </physDesc>
     <history>
      <origin>
       <date notBefore='1736-02-22'>1736-02-22</date>
       <country type="ISO_3166" key="XA-DE-HH">
        Germany
        <region>Hamburg</region>
       </country>
       <settlement type='city' key='tgn:7012310'>
        Hamburg-Altona, Königstraße 
        <geogName>
         Jüdischer Friedhof
         <geo decls="#WGS">53.549373 9.950545</geo>
         <location>
          <geo decls='Planquadrat'>EK</geo>
         </location>
         <location>
          <geo decls='Feld Grabnummer'>CII 379</geo>
         </location>
        </geogName>
       </settlement>
      </origin>
     </history>
    </msDesc>
   </sourceDesc>
  </fileDesc>
  <encodingDesc>
   <p>Encoded according to the EpiDoc Guidelines, Schema Version 8.18</p>
   <classDecl>
    <taxonomy>
     <category xml:id='foto1'>
      <catDesc>
       <persName ref='http://d-nb.info/gnd/128472499' role='photographer'>
        Bert Sommer, 
        <orgName ref="http://d-nb.info/gnd/212562-6">Steinheim-Institut</orgName>
       </persName>
      </catDesc>
     </category>
     <category xml:id='foto6'>
      <catDesc>Fundstücke, Dan Bondy</catDesc>
     </category>
     <category xml:id='foto5'>
      <catDesc>Denkmalpflegerische Massnahme</catDesc>
     </category>
     <category xml:id='foto4'>
      <catDesc>^# Denkmalschutzamt Hamburg</catDesc>
     </category>
     <category xml:id='foto3'>
      <catDesc>Eduard Duckesz Glasplatten ^# CAHJP Jerusalem, Glasplatten: HMB/2452, Inv 2326 · Digitalisat: CDB/5-7</catDesc>
     </category>
     <category xml:id='foto2'>
      <catDesc>Historische Aufnahmen [Mikrofilme] ^# Staatsarchiv Hamburg, Bestand 741-4 Fotoarchiv, Signatur P 2333</catDesc>
     </category>
     <category xml:id='foto7'>
      <catDesc>Aufgenommen in der Synagoge Innsbruck</catDesc>
     </category>
    </taxonomy>
   </classDecl>
   <geoDecl xml:id="WGS" datum="WGS84">World Geodetic System</geoDecl>
  </encodingDesc>
  <profileDesc>
   <particDesc>
    <listPerson>
     <person xml:id="hha-1214-1" sex='1'>
      <persName>Awraham Arie Löb ben Jehoschua Heschel SeGaL</persName>
       <event when='1736-02-22' type="dateofdeath">
       <desc/>
      </event>
     </person>
    </listPerson>
   </particDesc>
    <langUsage>
    <!-- According to bcp47 http://tools.ietf.org/html/bcp47 (Language) and ISO15924 (writing System)-->
    <language ident='he' usage='100'>Hebrew</language>
   </langUsage>
  </profileDesc>
   <revisionDesc>
   <change/>
  </revisionDesc>
 </teiHeader>
 <facsimile>
  <graphic url='http://steinheim-institut.de/daten/picshha/xl/1214_EK_0110150120.jpg'>
    <desc>
    <ref target='#foto1'/>
    <date when='2001-10-15'/>
    recto
   </desc>
  </graphic>
  <graphic url='http://steinheim-institut.de/daten/picshha/xl/mf/01/00000434.jpg'>
    <desc>
    <ref target='#foto2'/>
   </desc>
  </graphic>
  <graphic url='http://steinheim-institut.de/daten/picshha/xl/mf/15/00000033.jpg'>
    <desc>
    <ref target='#foto2'/>
   </desc>
  </graphic>
 </facsimile>
 <text>
  <body>
   <div type='edition'>
    <head>Edition</head>
     <ab>
     <lb n='1'/>
     ‎‏נצב עלי מצב קבורתי‏‎
‏‎     <lb n='2'/>
     ‎‏שוב נא רא[...]‏‎
‏‎     <lb n='3'/>
     ‎‏לאדמתי ׃ במב[חר שנותי]‏‎
‏‎     <lb n='4'/>
     ‎‏הית׳ עת פקוד[תי ...]‏‎
‏‎     <lb n='5'/>
     ‎‏יוצרי עלז [...]‏‎
‏‎     <lb n='6'/>
     ‎‏ובכבוד תדעו? [...]‏‎
‏‎     <lb n='7'/>
     ‎‏עד עת קץ ישוב ל[...]‏‎
‏‎     <lb n='8'/>
     ‎‏לחכם לב יקרא נבון ה״ה‏‎
‏‎     <lb n='9'/>
     ‎‏כהר״ר אברהם אריה‏‎
‏‎     <lb n='10'/>
     ‎‏ליב ב׳ הרב הגדול מוה״ר‏‎
‏‎     <lb n='11'/>
     ‎‏יהושע העשיל סג״ל‏‎
‏‎     <lb n='12'/>
     ‎‏זצ״ל נפטר ביו׳ ד׳ יו״ד‏‎
‏‎     <lb n='13'/>
     ‎‏אדר שנת הן אמת‏‎
‏‎     <lb n='14'/>
     ‎‏חפצתי לפ״ק‏‎
‏‎     <lb n='15'/>
     ‎‏תנצב״ה‏‎
‏‎    </ab>
   </div>
   <div type='translation'>
    <head>Übersetzung</head>
     <ab>
     <lb n='1'/>
     Errichtet über mich . .. meines Grabes,
     <lb n='2'/>
     kehre zurück ...
     <lb n='3'/>
     zu meiner Erde, in meinen besten Jahren,
     <lb n='4'/>
     war die Zeit ...
     <lb n='5'/>
     mein Schöpfer ...
     <lb n='6'/>
     und mit Ehre ...
     <lb n='7'/>
     bis zur Endzeit kehrt ...
     <lb n='8'/>
     der Herzensweise wird verständig genannt, es ist
     <lb n='9'/>
     der geehrte Meister, Herr Awraham Arie
     <lb n='10'/>
     Löb, Sohn des großen Rabbiners, unseres Lehrers und Meisters, Herrn
     <lb n='11'/>
     Jehoschua Heschel SeGaL,
     <lb n='12'/>
     das Andenken des Gerechten zum Segen, verschieden am Tag 4, zehnter
     <lb n='13'/>
     Adar des Jahres ... Wahrheit
     <lb n='14'/>
     Begehrte Ich der kleinen Zählung.
     <lb n='15'/>
     Seine Seele sei eingebunden in das Bündel des Lebens 
    </ab>
   </div>
   <div type='commentary' subtype='Stilmittel'>
    <head>Stilmittel</head>
    <p>
     <label>Reim</label>
      auf -ti in Zln 1-?
    </p>
    <p>
     <label>Chronogramm</label>
      in Zl 13, die Addition der Zahlenwerte der mittels einen Punkt markierten Buchstaben ergibt das Todesjahr 496.
    </p>
   </div>
   <div type="commentary" subtype="Prosopographie">
    <head>Prosopographie</head>
   </div>
   <div type="bibliography">
    <head>Bibliographie</head>
    <p>to be done ...</p>
   </div>
  </body>
 </text>
</TEI>
