﻿<?xml version="1.0" encoding="UTF-8"?>
<?xml-model href="http://www.stoa.org/epidoc/schema/8.18/tei-epidoc.rng" schematypens="http://relaxng.org/ns/structure/1.0"?>
<TEI xmlns:xi="http://www.w3.org/2001/XInclude" xmlns:svg="http://www.w3.org/2000/svg" xmlns:math="http://www.w3.org/1998/Math/MathML" xmlns="http://www.tei-c.org/ns/1.0">
 <teiHeader>
  <fileDesc>
   <titleStmt>
    <title xml:lang='de'>Grabmal für Alexander Süskind ben Menachem Jecheskel, gest. 1747-07-08, Jüdischer Friedhof Hamburg-Altona, Königstraße</title>
    <respStmt xml:lang="de">
     <resp>herausgegeben vom</resp>
     <orgName ref="http://d-nb.info/gnd/212562-6">
      Salomon Ludwig Steinheim-Institut
      <address>
       <addrLine>Edmund-Körner-Platz 2</addrLine>
       <addrLine>D-45127 Essen</addrLine>
      </address>
     </orgName>
    </respStmt>
   </titleStmt>
    <editionStmt>
    <edition/>
   </editionStmt>
   <extent/>
   <publicationStmt>
    <publisher>
     <orgName ref="http://d-nb.info/gnd/212562-6">
      Salomon Ludwig Steinheim-Institut 
      <address>
       <addrLine>Edmund-Körner-Platz 2</addrLine>
       <addrLine>D-45127 Essen</addrLine>
      </address>
     </orgName>
    </publisher>
    <idno>hha-1727</idno>
    <idno type="url">http://www.steinheim-institut.de/cgi-bin/epidat?id=hha-1727</idno>
    <availability xml:lang="en" status="free">
     <licence>
      <ref target="http://creativecommons.org/licenses/by/4.0/">Distributed under a Creative Commons licence Attribution-BY 4.0</ref>
      <p>
       All reuse or distribution of this work must contain somewhere a link back to the URL 
       <ref>http://www.steinheim-institut.de/cgi-bin/epidat?id=hha-1727</ref>
      </p>
     </licence>
    </availability>
   </publicationStmt>
    <notesStmt>
    <note/>
   </notesStmt>
   <sourceDesc>
    <bibl>born digital</bibl>
     <msDesc>
     <msIdentifier/>
     <physDesc>
      <objectDesc>
       <supportDesc>
        <support>
         <p>
          <material>Stein</material>
         </p>
        </support>
        <condition>
         <p>
          <date>2006</date>
           non in situ Beschädigung leicht
         </p>
        </condition>
       </supportDesc>
        <layoutDesc>
        <layout/>
       </layoutDesc>
      </objectDesc>
      <handDesc>
       <handNote>Schrift erhaben</handNote>
      </handDesc>
      <decoDesc>
       <decoNote type='ornament'>floral</decoNote>
      </decoDesc>
     </physDesc>
     <history>
      <origin>
       <date notBefore='1747-07-08'>1747-07-08</date>
       <country type="ISO_3166" key="XA-DE-HH">
        Germany
        <region>Hamburg</region>
       </country>
       <settlement type='city' key='tgn:7012310'>
        Hamburg-Altona, Königstraße 
        <geogName>
         Jüdischer Friedhof
         <geo decls="#WGS">53.549373 9.950545</geo>
         <location>
          <geo decls='Planquadrat'>FE</geo>
         </location>
         <location>
          <geo decls='Feld Grabnummer'>N 3068</geo>
         </location>
        </geogName>
       </settlement>
      </origin>
     </history>
    </msDesc>
   </sourceDesc>
  </fileDesc>
  <encodingDesc>
   <p>Encoded according to the EpiDoc Guidelines, Schema Version 8.18</p>
   <classDecl>
    <taxonomy>
     <category xml:id='foto1'>
      <catDesc>
       <persName ref='http://d-nb.info/gnd/128472499' role='photographer'>
        Bert Sommer, 
        <orgName ref="http://d-nb.info/gnd/212562-6">Steinheim-Institut</orgName>
       </persName>
      </catDesc>
     </category>
     <category xml:id='foto6'>
      <catDesc>Fundstücke, Dan Bondy</catDesc>
     </category>
     <category xml:id='foto5'>
      <catDesc>Denkmalpflegerische Massnahme</catDesc>
     </category>
     <category xml:id='foto4'>
      <catDesc>^# Denkmalschutzamt Hamburg</catDesc>
     </category>
     <category xml:id='foto3'>
      <catDesc>Eduard Duckesz Glasplatten ^# CAHJP Jerusalem, Glasplatten: HMB/2452, Inv 2326 · Digitalisat: CDB/5-7</catDesc>
     </category>
     <category xml:id='foto2'>
      <catDesc>Historische Aufnahmen [Mikrofilme] ^# Staatsarchiv Hamburg, Bestand 741-4 Fotoarchiv, Signatur P 2333</catDesc>
     </category>
     <category xml:id='foto7'>
      <catDesc>Aufgenommen in der Synagoge Innsbruck</catDesc>
     </category>
    </taxonomy>
   </classDecl>
   <geoDecl xml:id="WGS" datum="WGS84">World Geodetic System</geoDecl>
  </encodingDesc>
  <profileDesc>
   <particDesc>
    <listPerson>
     <person xml:id="hha-1727-1" sex='1'>
      <persName>Alexander Süskind ben Menachem Jecheskel</persName>
       <event when='1747-07-08' type="dateofdeath">
       <desc/>
      </event>
     </person>
    </listPerson>
   </particDesc>
    <langUsage>
    <!-- According to bcp47 http://tools.ietf.org/html/bcp47 (Language) and ISO15924 (writing System)-->
    <language ident='he' usage='100'>Hebrew</language>
   </langUsage>
  </profileDesc>
   <revisionDesc>
   <change/>
  </revisionDesc>
 </teiHeader>
 <facsimile>
  <graphic url='http://steinheim-institut.de/daten/picshha/xl/1727xFE_0110140232.jpg'>
    <desc>
    <ref target='#foto1'/>
    <date when='2001-10-14'/>
    schriftlos
   </desc>
  </graphic>
  <graphic url='http://steinheim-institut.de/daten/picshha/xl/fd/545--05.jpg'>
    <desc>
    <ref target='#foto3'/>
   </desc>
  </graphic>
  <graphic url='http://steinheim-institut.de/daten/picshha/xl/mf/02/00000433.jpg'>
    <desc>
    <ref target='#foto2'/>
   </desc>
  </graphic>
  <graphic url='http://steinheim-institut.de/daten/picshha/xl/1715_FE_0110190126.jpg'>
    <desc>
    <ref target='#foto1'/>
    <date when='2001-10-19'/>
    Fragment recto
   </desc>
  </graphic>
 </facsimile>
 <text>
  <body>
   <div type='edition'>
    <head>Edition</head>
     <ab>
     <lb n='1'/>
     ‎‏פ״נ‏‎
‏‎     <lb n='2'/>
     ‎‏איש ישר‏‎
‏‎     <lb n='3'/>
     ‎‏התורני האלוף כהר״ר‏‎
‏‎     <lb n='4'/>
     ‎‏אלכסנדר זיסקינד בן‏‎
‏‎     <lb n='5'/>
     ‎‏הר״ר מנחם יחזקאל‏‎
‏‎     <lb n='6'/>
     ‎‏מליידזדורף‏‎
‏‎     <lb n='7'/>
     ‎‏זצ״ל נפטר ביו׳ ש״ק‏‎
‏‎     <lb n='8'/>
     ‎‏ר״ח אב ונקבר יום א׳‏‎
‏‎     <lb n='9'/>
     ‎‏ב׳ בו תק״ז לפ״ק‏‎
‏‎     <lb n='10'/>
     ‎‏תנצב״ה‏‎
‏‎    </ab>
   </div>
   <div type='translation'>
    <head>Übersetzung</head>
     <ab>
     <lb n='1'/>
     Hier ist begraben
     <lb n='2'/>
     ein aufrechter Mann,
     <lb n='3'/>
     der Toragelehrte, der Vornehme, der geehrte Meister, Herr
     <lb n='4'/>
     Alexander Süskind, Sohn
     <lb n='5'/>
     des Meisters Herrn Menachem Jecheskel
     <lb n='6'/>
     aus Leudesdorf
     <lb n='7'/>
     das Andenken des Gerechten zum Segen, verschieden am Tage des heiligen Schabbat,
     <lb n='8'/>
     Neumond Aw und begraben Tag 1,
     <lb n='9'/>
     dem 2. desselben, 507 der kleinen Zählung.
     <lb n='10'/>
     Seine Seele sei eingebunden in das Bündel des Lebens
    </ab>
   </div>
   <div type="commentary" subtype="Zeilenkommentar">
    <head>Zeilenkommentar</head>
    <p>zwischen Zl 5 und 6 der Ortsname Leudesdorf eingefügt</p>
   </div>
   <div type="commentary" subtype="Prosopographie">
    <head>Prosopographie</head>
   </div>
   <div type="bibliography">
    <head>Bibliographie</head>
    <p>to be done ...</p>
   </div>
  </body>
 </text>
</TEI>
