﻿<?xml version="1.0" encoding="UTF-8"?>
<?xml-model href="http://www.stoa.org/epidoc/schema/8.18/tei-epidoc.rng" schematypens="http://relaxng.org/ns/structure/1.0"?>
<TEI xmlns:xi="http://www.w3.org/2001/XInclude" xmlns:svg="http://www.w3.org/2000/svg" xmlns:math="http://www.w3.org/1998/Math/MathML" xmlns="http://www.tei-c.org/ns/1.0">
 <teiHeader>
  <fileDesc>
   <titleStmt>
    <title xml:lang='de'>Grabmal für Eisek ben Löb Reds, gest. 1778-12-03, Jüdischer Friedhof Hamburg-Altona, Königstraße</title>
    <respStmt xml:lang="de">
     <resp>herausgegeben vom</resp>
     <orgName ref="http://d-nb.info/gnd/212562-6">
      Salomon Ludwig Steinheim-Institut
      <address>
       <addrLine>Edmund-Körner-Platz 2</addrLine>
       <addrLine>D-45127 Essen</addrLine>
      </address>
     </orgName>
    </respStmt>
   </titleStmt>
    <editionStmt>
    <edition/>
   </editionStmt>
   <extent/>
   <publicationStmt>
    <publisher>
     <orgName ref="http://d-nb.info/gnd/212562-6">
      Salomon Ludwig Steinheim-Institut 
      <address>
       <addrLine>Edmund-Körner-Platz 2</addrLine>
       <addrLine>D-45127 Essen</addrLine>
      </address>
     </orgName>
    </publisher>
    <idno>hha-1163</idno>
    <idno type="url">http://www.steinheim-institut.de/cgi-bin/epidat?id=hha-1163</idno>
    <availability xml:lang="en" status="free">
     <licence>
      <ref target="http://creativecommons.org/licenses/by/4.0/">Distributed under a Creative Commons licence Attribution-BY 4.0</ref>
      <p>
       All reuse or distribution of this work must contain somewhere a link back to the URL 
       <ref>http://www.steinheim-institut.de/cgi-bin/epidat?id=hha-1163</ref>
      </p>
     </licence>
    </availability>
   </publicationStmt>
    <notesStmt>
    <note/>
   </notesStmt>
   <sourceDesc>
    <bibl>born digital</bibl>
     <msDesc>
     <msIdentifier/>
     <physDesc>
      <objectDesc>
       <supportDesc>
        <support>
         <p>
          <material>Stein</material>
         </p>
        </support>
        <condition>
         <p>
          <date>2006</date>
           non in situ Beschädigung leicht
         </p>
        </condition>
       </supportDesc>
        <layoutDesc>
        <layout/>
       </layoutDesc>
      </objectDesc>
      <handDesc>
       <handNote>Schrift erhaben</handNote>
      </handDesc>
     </physDesc>
     <history>
      <origin>
       <date notBefore='1778-12-03'>1778-12-03</date>
       <country type="ISO_3166" key="XA-DE-HH">
        Germany
        <region>Hamburg</region>
       </country>
       <settlement type='city' key='tgn:7012310'>
        Hamburg-Altona, Königstraße 
        <geogName>
         Jüdischer Friedhof
         <geo decls="#WGS">53.549373 9.950545</geo>
         <location>
          <geo decls='Planquadrat'>EK</geo>
         </location>
         <location>
          <geo decls='Feld Grabnummer'>O 1904</geo>
         </location>
        </geogName>
       </settlement>
      </origin>
     </history>
    </msDesc>
   </sourceDesc>
  </fileDesc>
  <encodingDesc>
   <p>Encoded according to the EpiDoc Guidelines, Schema Version 8.18</p>
   <classDecl>
    <taxonomy>
     <category xml:id='foto1'>
      <catDesc>
       <persName ref='http://d-nb.info/gnd/128472499' role='photographer'>
        Bert Sommer, 
        <orgName ref="http://d-nb.info/gnd/212562-6">Steinheim-Institut</orgName>
       </persName>
      </catDesc>
     </category>
     <category xml:id='foto6'>
      <catDesc>Fundstücke, Dan Bondy</catDesc>
     </category>
     <category xml:id='foto5'>
      <catDesc>Denkmalpflegerische Massnahme</catDesc>
     </category>
     <category xml:id='foto4'>
      <catDesc>^# Denkmalschutzamt Hamburg</catDesc>
     </category>
     <category xml:id='foto3'>
      <catDesc>Eduard Duckesz Glasplatten ^# CAHJP Jerusalem, Glasplatten: HMB/2452, Inv 2326 · Digitalisat: CDB/5-7</catDesc>
     </category>
     <category xml:id='foto2'>
      <catDesc>Historische Aufnahmen [Mikrofilme] ^# Staatsarchiv Hamburg, Bestand 741-4 Fotoarchiv, Signatur P 2333</catDesc>
     </category>
     <category xml:id='foto7'>
      <catDesc>Aufgenommen in der Synagoge Innsbruck</catDesc>
     </category>
    </taxonomy>
   </classDecl>
   <geoDecl xml:id="WGS" datum="WGS84">World Geodetic System</geoDecl>
  </encodingDesc>
  <profileDesc>
   <particDesc>
    <listPerson>
     <person xml:id="hha-1163-1" sex='1'>
      <persName>Eisek ben Löb Reds</persName>
       <event when='1778-12-03' type="dateofdeath">
       <desc/>
      </event>
     </person>
    </listPerson>
   </particDesc>
    <langUsage>
    <!-- According to bcp47 http://tools.ietf.org/html/bcp47 (Language) and ISO15924 (writing System)-->
    <language ident='he' usage='100'>Hebrew</language>
   </langUsage>
  </profileDesc>
   <revisionDesc>
   <change/>
  </revisionDesc>
 </teiHeader>
 <facsimile>
  <graphic url='http://steinheim-institut.de/daten/picshha/xl/1163_EK_0110070123.jpg'>
    <desc>
    <ref target='#foto1'/>
    <date when='2001-10-07'/>
    recto
   </desc>
  </graphic>
  <graphic url='http://steinheim-institut.de/daten/picshha/xl/mf/05/00000416.jpg'>
    <desc>
    <ref target='#foto2'/>
   </desc>
  </graphic>
  <graphic url='http://steinheim-institut.de/daten/picshha/xl/mf/05/00000614.jpg'>
    <desc>
    <ref target='#foto2'/>
   </desc>
  </graphic>
 </facsimile>
 <text>
  <body>
   <div type='edition'>
    <head>Edition</head>
     <ab>
     <lb n='1'/>
     ‎‏ויזרע יצחק בארץ ההיא‏‎
‏‎     <lb n='2'/>
     ‎‏אור זרוע צדיק תמים‏‎
‏‎     <lb n='3'/>
     ‎‏יצא יצחק לשוח בשי׳ עולמ׳‏‎
‏‎     <lb n='4'/>
     ‎‏צדק צדק רדף כל הימים‏‎
‏‎     <lb n='5'/>
     ‎‏חמשי׳ שנה בב״ה לילו׳ וימי׳‏‎
‏‎     <lb n='6'/>
     ‎‏קרי ותני ודרש בבי כנשת׳‏‎
‏‎     <lb n='7'/>
     ‎‏ה״ה הדיין מה״ו אייזק ב׳ הרב׳‏‎
‏‎     <lb n='8'/>
     ‎‏מה״ו ליב רעדש זצ״׳ שהלך‏‎
‏‎     <lb n='9'/>
     ‎‏לעולמו ושבק לנו החיים‏‎
‏‎     <lb n='10'/>
     ‎‏ויגוע יצחק ויאסף אל‏‎
‏‎     <lb n='11'/>
     ‎‏עמיו זקן ושבע ונקבר‏‎
‏‎     <lb n='12'/>
     ‎‏בש״ט ד״י כסליו תקל״ט לפ״ק‏‎
‏‎     <lb n='13'/>
     ‎‏תנצב״ה‏‎
‏‎    </ab>
   </div>
   <div type='translation'>
    <head>Übersetzung</head>
     <ab>
     <lb n='1'/>
     Und Jizchak säte in jenem Lande,
     <lb n='2'/>
     aus gesätes Licht ist der makellos Gerechte,
     <lb n='3'/>
     Jizchak ging hinaus zu sinnen, in ewigem Sinnen,
     <lb n='4'/>
     Gerechtigkeit, Gerechtigkeit er, ihr jagte er nach alle Tage,
     <lb n='5'/>
     fünfzig Jahre (weilte er) in der Synagoge ob Nacht ob Tag, 
     <lb n='6'/>
     er las und lernte und predigte im Haus der Versammlung,
     <lb n='7'/>
     es ist der Rabbinatsassessor, unser Lehrer, der Meister, Herr Eisek, Sohn des Hauptes der Gerichtsbarkeit,
     <lb n='8'/>
     unseres Lehrers, des Meisters, Herrn Löb Reds, das Andenken des Gerechten zum Segen, er ›hinging
     <lb n='9'/>
     in seine Welt‹ und uns ›das Leben ließ‹,
     <lb n='10'/>
     und Jizchak schied hin und ward versammelt zu
     <lb n='11'/>
     seinem Volke, betagt und (lebens)satt, und wurde begraben
     <lb n='12'/>
     ›mit gutem Namen‹ 14. Kislev 539 der kleinen Zählung.
     <lb n='13'/>
     Seine Seele sei eingebunden in das Bündel des Lebens
    </ab>
   </div>
   <div type="commentary" subtype="Zitate">
    <head>Zitate</head>
    <p>Zl 8f: Koh 12,5 | Zl 9: nach bBer 61b</p>
    <p>Zl 12: bBer 17a</p>
   </div>
   <div type='commentary' subtype='Stilmittel'>
    <head>Stilmittel</head>
    <p>
     <label>Reim</label>
      auf -mim in Zln 2-5.
    </p>
    <p>
     <label>Chronogramm</label>
      in Zl 11 mit der Altersangabe 78.
    </p>
    <p>
     <label>Akrostichon</label>
      E(i)SEK JiZCHaK in Zln 2-6; dabei ist der erste Name, Eisek, als Akrostichon teilweise mißglückt, weil Hebräisch etwa Asek zu lesen ist.
    </p>
   </div>
   <div type="commentary" subtype="Zeilenkommentar">
    <head>Zeilenkommentar</head>
    <p>Zl 1: Gen 26,12; dort ist es der Erzvater.</p>
    <p>Zl 2: Zusammengesetztes Zitat aus Ps 97,11 und Gen 6,9</p>
    <p>Zl 3: Gen 24,63; hier erweitert um "ewiges Sinnen", eine sehr seltene Umschreibung des Sterbens; wiederum ist es der Erzvater, "der hinausging aufs Feld um zu sinnen", weshalb ihm die Überlieferung die Einführung des Minchagebets zuschreibt.</p>
    <p>Zl 4: Dtn 16,20;</p>
    <p>Zl 6: bBer 47b; Gemeint ist, dass er viel Tora gelesen (studiert) hat und lernte (Mischna durch Wiederholen). Er war auch ein ausgezeichneter Prediger (s.u.). "Haus der Versammlung" ist die wörtliche, hier die aramäische, Bezeichnung für die Synagoge.</p>
    <p>Zl 7: ‎‏הרב׳‏‎ als Abkürzung für ‎‏רב״ד‏‎, "Haupt der Gerichtsbarkeit" ist nicht ganz sicher.</p>
    <p>Zl 8a: ‎‏רעדש‏‎ mit Reds wiedergegeben, nach Duckesz</p>
    <p>Zln 10/11: Gen 35,29; dort ist es der Erzvater.</p>
   </div>
   <div type="commentary" subtype="Endkommentar">
    <head>Endkommentar</head>
    <p>Jizchak Eisek, Sohn von Löb (Duckesz : Eisik Leb Reds, Grunwald: Redisch) 1694 geboren, kam als junger Mann nach Hamburg. Zuerst fungierte er an der Behrend Kohen Klause und wurde später Rabbinatsassessor und machte sich auch als Prediger (Darschan, ‎‏מגיד מישרים‏‎) einen Namen. Die Inschrift stellt mehrmals mittels Bibelversen den Bezug zum Erzvater her und ehrt damit mehrfach den Verstorbenen, dessen Tod mit fünf, teilweise euphemistischen Ausdrücken umschrieben ist.</p>
   </div>
   <div type="commentary" subtype="Prosopographie">
    <head>Prosopographie</head>
   </div>
   <div type="bibliography">
    <head>Bibliographie</head>
    <p>to be done ...</p>
   </div>
  </body>
 </text>
</TEI>
