﻿<?xml version="1.0" encoding="UTF-8"?>
<?xml-model href="http://www.stoa.org/epidoc/schema/8.18/tei-epidoc.rng" schematypens="http://relaxng.org/ns/structure/1.0"?>
<TEI xmlns:xi="http://www.w3.org/2001/XInclude" xmlns:svg="http://www.w3.org/2000/svg" xmlns:math="http://www.w3.org/1998/Math/MathML" xmlns="http://www.tei-c.org/ns/1.0">
 <teiHeader>
  <fileDesc>
   <titleStmt>
    <title xml:lang='de'>Grabmal für Fögle bat Eli Oppenheim ∞ Izek KaZ, gest. 1793-12-04, Jüdischer Friedhof Hamburg-Altona, Königstraße</title>
    <respStmt xml:lang="de">
     <resp>herausgegeben vom</resp>
     <orgName ref="http://d-nb.info/gnd/212562-6">
      Salomon Ludwig Steinheim-Institut
      <address>
       <addrLine>Edmund-Körner-Platz 2</addrLine>
       <addrLine>D-45127 Essen</addrLine>
      </address>
     </orgName>
    </respStmt>
   </titleStmt>
    <editionStmt>
    <edition/>
   </editionStmt>
   <extent/>
   <publicationStmt>
    <publisher>
     <orgName ref="http://d-nb.info/gnd/212562-6">
      Salomon Ludwig Steinheim-Institut 
      <address>
       <addrLine>Edmund-Körner-Platz 2</addrLine>
       <addrLine>D-45127 Essen</addrLine>
      </address>
     </orgName>
    </publisher>
    <idno>hha-1677</idno>
    <idno type="url">http://www.steinheim-institut.de/cgi-bin/epidat?id=hha-1677</idno>
    <availability xml:lang="en" status="free">
     <licence>
      <ref target="http://creativecommons.org/licenses/by/4.0/">Distributed under a Creative Commons licence Attribution-BY 4.0</ref>
      <p>
       All reuse or distribution of this work must contain somewhere a link back to the URL 
       <ref>http://www.steinheim-institut.de/cgi-bin/epidat?id=hha-1677</ref>
      </p>
     </licence>
    </availability>
   </publicationStmt>
    <notesStmt>
    <note/>
   </notesStmt>
   <sourceDesc>
    <bibl>born digital</bibl>
     <msDesc>
     <msIdentifier/>
     <physDesc>
      <objectDesc>
       <supportDesc>
        <support>
         <p>
          <material>Stein</material>
         </p>
        </support>
        <condition>
         <p>
          <date>2006</date>
           in situ Beschädigung leicht
         </p>
        </condition>
       </supportDesc>
        <layoutDesc>
        <layout/>
       </layoutDesc>
      </objectDesc>
     </physDesc>
     <history>
      <origin>
       <date notBefore='1793-12-04'>1793-12-04</date>
       <country type="ISO_3166" key="XA-DE-HH">
        Germany
        <region>Hamburg</region>
       </country>
       <settlement type='city' key='tgn:7012310'>
        Hamburg-Altona, Königstraße 
        <geogName>
         Jüdischer Friedhof
         <geo decls="#WGS">53.549373 9.950545</geo>
         <location>
          <geo decls='Planquadrat'>FE</geo>
         </location>
         <location>
          <geo decls='Feld Grabnummer'>N 2993</geo>
         </location>
        </geogName>
       </settlement>
      </origin>
     </history>
    </msDesc>
   </sourceDesc>
  </fileDesc>
  <encodingDesc>
   <p>Encoded according to the EpiDoc Guidelines, Schema Version 8.18</p>
   <classDecl>
    <taxonomy>
     <category xml:id='foto1'>
      <catDesc>
       <persName ref='http://d-nb.info/gnd/128472499' role='photographer'>
        Bert Sommer, 
        <orgName ref="http://d-nb.info/gnd/212562-6">Steinheim-Institut</orgName>
       </persName>
      </catDesc>
     </category>
     <category xml:id='foto6'>
      <catDesc>Fundstücke, Dan Bondy</catDesc>
     </category>
     <category xml:id='foto5'>
      <catDesc>Denkmalpflegerische Massnahme</catDesc>
     </category>
     <category xml:id='foto4'>
      <catDesc>^# Denkmalschutzamt Hamburg</catDesc>
     </category>
     <category xml:id='foto3'>
      <catDesc>Eduard Duckesz Glasplatten ^# CAHJP Jerusalem, Glasplatten: HMB/2452, Inv 2326 · Digitalisat: CDB/5-7</catDesc>
     </category>
     <category xml:id='foto2'>
      <catDesc>Historische Aufnahmen [Mikrofilme] ^# Staatsarchiv Hamburg, Bestand 741-4 Fotoarchiv, Signatur P 2333</catDesc>
     </category>
     <category xml:id='foto7'>
      <catDesc>Aufgenommen in der Synagoge Innsbruck</catDesc>
     </category>
    </taxonomy>
   </classDecl>
   <geoDecl xml:id="WGS" datum="WGS84">World Geodetic System</geoDecl>
  </encodingDesc>
  <profileDesc>
   <particDesc>
    <listPerson>
     <person xml:id="hha-1677-1" sex='2'>
      <persName>Fögle bat Eli Oppenheim ∞ Izek KaZ</persName>
       <event when='1793-12-04' type="dateofdeath">
       <desc/>
      </event>
     </person>
    </listPerson>
   </particDesc>
    <langUsage>
    <!-- According to bcp47 http://tools.ietf.org/html/bcp47 (Language) and ISO15924 (writing System)-->
    <language ident='he' usage='100'>Hebrew</language>
   </langUsage>
  </profileDesc>
   <revisionDesc>
   <change/>
  </revisionDesc>
 </teiHeader>
 <facsimile>
  <graphic url='http://steinheim-institut.de/daten/picshha/xl/1677_FE_0110140125.jpg'>
    <desc>
    <ref target='#foto1'/>
    <date when='2001-10-14'/>
    recto
   </desc>
  </graphic>
  <graphic url='http://steinheim-institut.de/daten/picshha/xl/mf/02/00000366.jpg'>
    <desc>
    <ref target='#foto2'/>
   </desc>
  </graphic>
 </facsimile>
 <text>
  <body>
   <div type='edition'>
    <head>Edition</head>
     <ab>
     <lb n='1'/>
     ‎‏פיה פתחה בחכמ׳ ולשונ׳ תצמיד חסד‏‎
‏‎     <lb n='2'/>
     ‎‏עדינה היושבת לבטח עוף כל כנף‏‎
‏‎     <lb n='3'/>
     ‎‏גם צפור מצאוה (!) בית ודרור קן לה‏‎
‏‎     <lb n='4'/>
     ‎‏לאורח דלתה פתחה ושביה בצדקה‏‎
‏‎     <lb n='5'/>
     ‎‏הכרת פניה ענתה בה הודה והדרה‏‎
‏‎     <lb n='6'/>
     ‎‏ה״ה האשה הצנועה מרת פעגלה‏‎
‏‎     <lb n='7'/>
     ‎‏בת המנוח פו״מ מו״ה אלי׳ אופנהיים‏‎
‏‎     <lb n='8'/>
     ‎‏אשת המנוח ה״ה ה״ר איצק כ״ץ זצ״ל‏‎
‏‎     <lb n='9'/>
     ‎‏נפטרה בשם טוב ביום ד׳ ונקברה‏‎
‏‎     <lb n='10'/>
     ‎‏ביום ה׳ ב׳ טבת בשנת ה׳ ממית ומחי׳‏‎
‏‎     <lb n='11'/>
     ‎‏תנצב״ה ‏‎
‏‎    </ab>
   </div>
   <div type='translation'>
    <head>Übersetzung</head>
     <ab>
     <lb n='1'/>
     Ihren Mund tut sie auf mit Weisheit, ihre Zunge haftet am Milden,
     <lb n='2'/>
     eine Feine, die sicher ruht, .. 
     <lb n='3'/>
     auch der Vogel findet ein Haus, und eine Schwalbe ein Nest,
     <lb n='4'/>
     dem Gast öffnete sie ihre Tür, dem Wiederkehrer in Gerechtigkeit?
     <lb n='5'/>
     die Züge ihres Angesichts zeugten bei ihr von Glanz und Pracht,
     <lb n='6'/>
     es ist die Züchtige Frau, Frau Fögle,
     <lb n='7'/>
     Tochter des Seligen, des Vorstehers und Leiters, unseres Lehrers und Meisters, Herrn Eli Oppenheim,
     <lb n='8'/>
     Gattin des Seligen, des geehrten Herrn Izek KaZ, das Andenken des Gerechten zum Segen,
     <lb n='9'/>
     verschieden mit gutem Namen am Tag 4 und begraben
     <lb n='10'/>
     am Tag 5, 2. Tewet des Jahres Der Eige Tötet und Belebt.
     <lb n='11'/>
     Ihre Seele sei eingebunden in das Bündel des Lebens
    </ab>
   </div>
   <div type='commentary' subtype='Stilmittel'>
    <head>Stilmittel</head>
    <p>
     <label>Chronogramm</label>
      die Addition der Zahlenwerte der markierten Buchstaben ergibt das Todesjahr 554 oder 5554. Der erste Buchstabe, h ist mit einer Raute markiert, alle anderen mit einem Punkt. Es ist als ein "anderes" Abkürzungszeichen zu verstehen. Ob nur um "den Ewigen" anzudeuten oder ihn gar in das Chronogramm miteinzubeziehen und damit als "Tausender" zu lesen bleibt offen. Vielleichthin sprechen die die weggelassene "der kleinen Zählung" für letzteres.
    </p>
    <p>
     <label>Akrostichon</label>
      in Zeilen 1-5: ‎‏פעגלה‏‎ Fegle
    </p>
   </div>
   <div type="commentary" subtype="Zeilenkommentar">
    <head>Zeilenkommentar</head>
    <p>Zl 1a: Spr 31,26.</p>
    <p>Zl 1b: nach Ps 50,19, dort: Trug, Betrug, hier Milde, Wohltat.</p>
    <p>Zl 2a: Jes 47,8.</p>
    <p>Zl 2b: Gen 7,14? (aber wie paßt das zusammen, außer der Anspielung von Schwinge und Vogel).</p>
    <p>Zl 3: Ps 84,4; Anspielung auf den Namen.</p>
    <p>Zl 4a: Ijob 31,32.</p>
    <p>Zl 4b: Jes 1,27.</p>
    <p>Zl 5a: Jes 3,9; hier jedoch "positiv" gemeint.</p>
    <p>Zl 9: bBer 17a.</p>
   </div>
   <div type="commentary" subtype="Prosopographie">
    <head>Prosopographie</head>
   </div>
   <div type="bibliography">
    <head>Bibliographie</head>
    <p>to be done ...</p>
   </div>
  </body>
 </text>
</TEI>
