﻿<?xml version="1.0" encoding="UTF-8"?>
<?xml-model href="http://www.stoa.org/epidoc/schema/8.18/tei-epidoc.rng" schematypens="http://relaxng.org/ns/structure/1.0"?>
<TEI xmlns:xi="http://www.w3.org/2001/XInclude" xmlns:svg="http://www.w3.org/2000/svg" xmlns:math="http://www.w3.org/1998/Math/MathML" xmlns="http://www.tei-c.org/ns/1.0">
 <teiHeader>
  <fileDesc>
   <titleStmt>
    <title xml:lang='de'>Grabmal für Rana bat Feiwelman Butnem ∞ Gottlieb, gest. 1710-01-05, Jüdischer Friedhof Hamburg-Altona, Königstraße</title>
    <respStmt xml:lang="de">
     <resp>herausgegeben vom</resp>
     <orgName ref="http://d-nb.info/gnd/212562-6">
      Salomon Ludwig Steinheim-Institut
      <address>
       <addrLine>Edmund-Körner-Platz 2</addrLine>
       <addrLine>D-45127 Essen</addrLine>
      </address>
     </orgName>
    </respStmt>
   </titleStmt>
    <editionStmt>
    <edition/>
   </editionStmt>
   <extent/>
   <publicationStmt>
    <publisher>
     <orgName ref="http://d-nb.info/gnd/212562-6">
      Salomon Ludwig Steinheim-Institut 
      <address>
       <addrLine>Edmund-Körner-Platz 2</addrLine>
       <addrLine>D-45127 Essen</addrLine>
      </address>
     </orgName>
    </publisher>
    <idno>hha-1444</idno>
    <idno type="url">http://www.steinheim-institut.de/cgi-bin/epidat?id=hha-1444</idno>
    <availability xml:lang="en" status="free">
     <licence>
      <ref target="http://creativecommons.org/licenses/by/4.0/">Distributed under a Creative Commons licence Attribution-BY 4.0</ref>
      <p>
       All reuse or distribution of this work must contain somewhere a link back to the URL 
       <ref>http://www.steinheim-institut.de/cgi-bin/epidat?id=hha-1444</ref>
      </p>
     </licence>
    </availability>
   </publicationStmt>
    <notesStmt>
    <note/>
   </notesStmt>
   <sourceDesc>
    <bibl>born digital</bibl>
     <msDesc>
     <msIdentifier/>
     <physDesc>
      <objectDesc>
       <supportDesc>
        <support>
         <p>
          <material>Stein</material>
         </p>
        </support>
        <condition>
         <p>
          <date>2006</date>
           in situ
         </p>
        </condition>
       </supportDesc>
        <layoutDesc>
        <layout/>
       </layoutDesc>
      </objectDesc>
      <handDesc>
       <handNote>Schrift erhaben</handNote>
      </handDesc>
     </physDesc>
     <history>
      <origin>
       <date notBefore='1710-01-05'>1710-01-05</date>
       <country type="ISO_3166" key="XA-DE-HH">
        Germany
        <region>Hamburg</region>
       </country>
       <settlement type='city' key='tgn:7012310'>
        Hamburg-Altona, Königstraße 
        <geogName>
         Jüdischer Friedhof
         <geo decls="#WGS">53.549373 9.950545</geo>
         <location>
          <geo decls='Planquadrat'>EN</geo>
         </location>
         <location>
          <geo decls='Feld Grabnummer'>S 1325</geo>
         </location>
        </geogName>
       </settlement>
      </origin>
     </history>
    </msDesc>
   </sourceDesc>
  </fileDesc>
  <encodingDesc>
   <p>Encoded according to the EpiDoc Guidelines, Schema Version 8.18</p>
   <classDecl>
    <taxonomy>
     <category xml:id='foto1'>
      <catDesc>
       <persName ref='http://d-nb.info/gnd/128472499' role='photographer'>
        Bert Sommer, 
        <orgName ref="http://d-nb.info/gnd/212562-6">Steinheim-Institut</orgName>
       </persName>
      </catDesc>
     </category>
     <category xml:id='foto6'>
      <catDesc>Fundstücke, Dan Bondy</catDesc>
     </category>
     <category xml:id='foto5'>
      <catDesc>Denkmalpflegerische Massnahme</catDesc>
     </category>
     <category xml:id='foto4'>
      <catDesc>^# Denkmalschutzamt Hamburg</catDesc>
     </category>
     <category xml:id='foto3'>
      <catDesc>Eduard Duckesz Glasplatten ^# CAHJP Jerusalem, Glasplatten: HMB/2452, Inv 2326 · Digitalisat: CDB/5-7</catDesc>
     </category>
     <category xml:id='foto2'>
      <catDesc>Historische Aufnahmen [Mikrofilme] ^# Staatsarchiv Hamburg, Bestand 741-4 Fotoarchiv, Signatur P 2333</catDesc>
     </category>
     <category xml:id='foto7'>
      <catDesc>Aufgenommen in der Synagoge Innsbruck</catDesc>
     </category>
    </taxonomy>
   </classDecl>
   <geoDecl xml:id="WGS" datum="WGS84">World Geodetic System</geoDecl>
  </encodingDesc>
  <profileDesc>
   <particDesc>
    <listPerson>
     <person xml:id="hha-1444-1" sex='2'>
      <persName>Rana bat Feiwelman Butnem ∞ Gottlieb</persName>
       <event when='1710-01-05' type="dateofdeath">
       <desc/>
      </event>
     </person>
    </listPerson>
   </particDesc>
    <langUsage>
    <!-- According to bcp47 http://tools.ietf.org/html/bcp47 (Language) and ISO15924 (writing System)-->
    <language ident='he' usage='100'>Hebrew</language>
   </langUsage>
  </profileDesc>
   <revisionDesc>
   <change/>
  </revisionDesc>
 </teiHeader>
 <facsimile>
  <graphic url='http://steinheim-institut.de/daten/picshha/xl/1444_EN_0110120219.jpg'>
    <desc>
    <ref target='#foto1'/>
    <date when='2001-10-12'/>
    recto
   </desc>
  </graphic>
  <graphic url='http://steinheim-institut.de/daten/picshha/xl/mf/04/00000154.jpg'>
    <desc>
    <ref target='#foto2'/>
   </desc>
  </graphic>
 </facsimile>
 <text>
  <body>
   <div type='edition'>
    <head>Edition</head>
     <ab>
     <lb n='1'/>
     ‎‏פה‏‎
‏‎     <lb n='2'/>
     ‎‏רבצה נחה שקטה עדינה‏‎
‏‎     <lb n='3'/>
     ‎‏אשה יקרה כחנה ופנינה‏‎
‏‎     <lb n='4'/>
     ‎‏נפשה בסתר כנפי השכינה‏‎
‏‎     <lb n='5'/>
     ‎‏המהוללה בנשים בבינה‏‎
‏‎     <lb n='6'/>
     ‎‏ה״ה האשה היקר׳ מרת ראנה‏‎
‏‎     <lb n='7'/>
     ‎‏בת כמ׳ פייבלמן בוטנם ז״ל‏‎
‏‎     <lb n='8'/>
     ‎‏אשת כמ׳ גאט ליב שלי״ט‏‎
‏‎     <lb n='9'/>
     ‎‏נפטרת ביום א׳ ונקברת‏‎
‏‎     <lb n='10'/>
     ‎‏ביום ב׳ ה׳ שבט ת״ע לפ׳‏‎
‏‎     <lb n='11'/>
     ‎‏תנצב״ה ‏‎
‏‎    </ab>
   </div>
   <div type='translation'>
    <head>Übersetzung</head>
     <ab>
     <lb n='1'/>
     Hier
     <lb n='2'/>
     lagerte ruhend, eine Stille und Feine,,
     <lb n='3'/>
     eine Frau, so teuer wie Channa und Pnina,
     <lb n='4'/>
     ihre Seele verborgen ›unter Fittichen der Einwohnung‹ ,
     <lb n='5'/>
     gepriesen unter den Frauen in Weisheit,
     <lb n='6'/>
     es ist die teure Frau, Frau Rana,
     <lb n='7'/>
     Tochter des geehrten Herrn Feiwelman Butnem, sein Andenken zum Segen,
     <lb n='8'/>
     Gattin des geehrten Herrn Gottlieb, er möge vikele gute Tage leben,
     <lb n='9'/>
     verschieden am Tag 1 und begraben
     <lb n='10'/>
     am Tag 2, 5. Schwat 470 der kleinen Zählung.
     <lb n='11'/>
     Ihre Seele sei eingebunden in das Bündel des Lebens
    </ab>
   </div>
   <div type="commentary" subtype="Zitate">
    <head>Zitate</head>
    <p>Zl 4: liturg.: Totengebet, vgl. u. a. bSan 96b</p>
   </div>
   <div type='commentary' subtype='Stilmittel'>
    <head>Stilmittel</head>
    <p>
     <label>Reim</label>
      auf -na in Zln 2-6 (den Namen einschließend).
    </p>
    <p>
     <label>Akrostichon</label>
      RANA in Zln 2-5.
    </p>
   </div>
   <div type="commentary" subtype="Prosopographie">
    <head>Prosopographie</head>
   </div>
   <div type="bibliography">
    <head>Bibliographie</head>
    <p>to be done ...</p>
   </div>
  </body>
 </text>
</TEI>
