﻿<?xml version="1.0" encoding="UTF-8"?>
<?xml-model href="http://www.stoa.org/epidoc/schema/8.18/tei-epidoc.rng" schematypens="http://relaxng.org/ns/structure/1.0"?>
<TEI xmlns:xi="http://www.w3.org/2001/XInclude" xmlns:svg="http://www.w3.org/2000/svg" xmlns:math="http://www.w3.org/1998/Math/MathML" xmlns="http://www.tei-c.org/ns/1.0">
 <teiHeader>
  <fileDesc>
   <titleStmt>
    <title xml:lang='de'>Grabmal für Zirel bat Jechiel Ansbach ∞ David, gest. 1803-06-12, Jüdischer Friedhof Hamburg-Altona, Königstraße</title>
    <respStmt xml:lang="de">
     <resp>herausgegeben vom</resp>
     <orgName ref="http://d-nb.info/gnd/212562-6">
      Salomon Ludwig Steinheim-Institut
      <address>
       <addrLine>Edmund-Körner-Platz 2</addrLine>
       <addrLine>D-45127 Essen</addrLine>
      </address>
     </orgName>
    </respStmt>
   </titleStmt>
    <editionStmt>
    <edition/>
   </editionStmt>
   <extent/>
   <publicationStmt>
    <publisher>
     <orgName ref="http://d-nb.info/gnd/212562-6">
      Salomon Ludwig Steinheim-Institut 
      <address>
       <addrLine>Edmund-Körner-Platz 2</addrLine>
       <addrLine>D-45127 Essen</addrLine>
      </address>
     </orgName>
    </publisher>
    <idno>hha-1591</idno>
    <idno type="url">http://www.steinheim-institut.de/cgi-bin/epidat?id=hha-1591</idno>
    <availability xml:lang="en" status="free">
     <licence>
      <ref target="http://creativecommons.org/licenses/by/4.0/">Distributed under a Creative Commons licence Attribution-BY 4.0</ref>
      <p>
       All reuse or distribution of this work must contain somewhere a link back to the URL 
       <ref>http://www.steinheim-institut.de/cgi-bin/epidat?id=hha-1591</ref>
      </p>
     </licence>
    </availability>
   </publicationStmt>
    <notesStmt>
    <note/>
   </notesStmt>
   <sourceDesc>
    <bibl>born digital</bibl>
     <msDesc>
     <msIdentifier/>
     <physDesc>
      <objectDesc>
       <supportDesc>
        <support>
         <p>
          <material>Sandstein</material>
          <dimensions>
           <dim>0,450 x 0,490 x 0,160 m</dim>
          </dimensions>
         </p>
        </support>
        <condition>
         <p>
          <date>2006</date>
           in situ Beschädigung schwer
         </p>
        </condition>
       </supportDesc>
        <layoutDesc>
        <layout/>
       </layoutDesc>
      </objectDesc>
      <handDesc>
       <handNote>Schrift erhaben</handNote>
      </handDesc>
     </physDesc>
     <history>
      <origin>
       <date notBefore='1803-06-12'>1803-06-12</date>
       <country type="ISO_3166" key="XA-DE-HH">
        Germany
        <region>Hamburg</region>
       </country>
       <settlement type='city' key='tgn:7012310'>
        Hamburg-Altona, Königstraße 
        <geogName>
         Jüdischer Friedhof
         <geo decls="#WGS">53.549373 9.950545</geo>
         <location>
          <geo decls='Planquadrat'>FD</geo>
         </location>
         <location>
          <geo decls='Feld Grabnummer'>N 3080</geo>
         </location>
        </geogName>
       </settlement>
      </origin>
     </history>
    </msDesc>
   </sourceDesc>
  </fileDesc>
  <encodingDesc>
   <p>Encoded according to the EpiDoc Guidelines, Schema Version 8.18</p>
   <classDecl>
    <taxonomy>
     <category xml:id='foto1'>
      <catDesc>
       <persName ref='http://d-nb.info/gnd/128472499' role='photographer'>
        Bert Sommer, 
        <orgName ref="http://d-nb.info/gnd/212562-6">Steinheim-Institut</orgName>
       </persName>
      </catDesc>
     </category>
     <category xml:id='foto6'>
      <catDesc>Fundstücke, Dan Bondy</catDesc>
     </category>
     <category xml:id='foto5'>
      <catDesc>Denkmalpflegerische Massnahme</catDesc>
     </category>
     <category xml:id='foto4'>
      <catDesc>^# Denkmalschutzamt Hamburg</catDesc>
     </category>
     <category xml:id='foto3'>
      <catDesc>Eduard Duckesz Glasplatten ^# CAHJP Jerusalem, Glasplatten: HMB/2452, Inv 2326 · Digitalisat: CDB/5-7</catDesc>
     </category>
     <category xml:id='foto2'>
      <catDesc>Historische Aufnahmen [Mikrofilme] ^# Staatsarchiv Hamburg, Bestand 741-4 Fotoarchiv, Signatur P 2333</catDesc>
     </category>
     <category xml:id='foto7'>
      <catDesc>Aufgenommen in der Synagoge Innsbruck</catDesc>
     </category>
    </taxonomy>
   </classDecl>
   <geoDecl xml:id="WGS" datum="WGS84">World Geodetic System</geoDecl>
  </encodingDesc>
  <profileDesc>
   <particDesc>
    <listPerson>
     <person xml:id="hha-1591-1" sex='2'>
      <persName>Zirel bat Jechiel Ansbach ∞ David</persName>
       <event when='1803-06-12' type="dateofdeath">
       <desc/>
      </event>
     </person>
    </listPerson>
   </particDesc>
    <langUsage>
    <!-- According to bcp47 http://tools.ietf.org/html/bcp47 (Language) and ISO15924 (writing System)-->
    <language ident='he' usage='100'>Hebrew</language>
   </langUsage>
  </profileDesc>
   <revisionDesc>
   <change/>
  </revisionDesc>
 </teiHeader>
 <facsimile>
  <graphic url='http://steinheim-institut.de/daten/picshha/xl/1591_FD_0110160129.jpg'>
    <desc>
    <ref target='#foto1'/>
    <date when='2001-10-16'/>
    recto
   </desc>
  </graphic>
  <graphic url='http://steinheim-institut.de/daten/picshha/xl/mf/02/00000458.jpg'>
    <desc>
    <ref target='#foto2'/>
   </desc>
  </graphic>
 </facsimile>
 <text>
  <body>
   <div type='edition'>
    <head>Edition</head>
     <ab>
     <lb n='1'/>
     ‎‏[‎‏צדקות ישרה רבו למנות]‏‎
‏‎     <lb n='2'/>
     ‎‏[‎‏פ״ט]‏‎
‏‎     <lb n='3'/>
     ‎‏[‎‏האשה הגדולה במעשי׳ מהוללה]‏‎
‏‎     <lb n='4'/>
     ‎‏[‎‏הרבנית מרת צירל אשת הגאון]‏‎
‏‎     <lb n='5'/>
     ‎‏[‎‏אב״ד דג׳ ק״ק אה״ו מה״ו דוד זצ״ל]‏‎
‏‎     <lb n='6'/>
     ‎‏[‎‏בת פו״מ מה״ו יחיאל אנשבאך] זצ״ל‏‎
‏‎     <lb n='7'/>
     ‎‏[‎‏נפטרת ונקברת יום א׳] ך״ב סיון‏‎
‏‎     <lb n='8'/>
     ‎‏[‎‏תק]ס״ג לפ״ק‏‎
‏‎     <lb n='9'/>
     ‎‏[‎‏צעדי] יטבתה רחש לבה‏‎
‏‎     <lb n='10'/>
     ‎‏[‎‏יד]מע כל עין על ארץ רבה‏‎
‏‎     <lb n='11'/>
     ‎‏רצתה לתמוך כושלות במדוד וחבה‏‎
‏‎     <lb n='12'/>
     ‎‏לחולים בקרה בערב ובבקר היא שבה‏‎
‏‎     <lb n='13'/>
     ‎‏תנצב״ה ‏‎
‏‎    </ab>
   </div>
   <div type='translation'>
    <head>Übersetzung</head>
     <ab>
     <lb n='1'/>
     die Wohltaten eine Aufrechten, zu viele sind's um zu zählen
     <lb n='2'/>
     Hier ist geborgen
     <lb n='3'/>
     die große Frau, ob ihre Taten gepriesen,
     <lb n='4'/>
     die Rabbinersgattin Frau Zirel, Gattin des überragenden Gelehrten,
     <lb n='5'/>
     des Vorsitzenden der Gerichtsbarkeit der drei heiligen Gemeinden Altona, Hamburg, Wandsbek, unseres Lehrers, des Meisters, Herrn David, das Andenken des Gerechten zum Segen,
     <lb n='6'/>
     Tochter des Vorstehers und Leiters, unser Lehrers, des Meisters, Herrn Jechiel Ansbach, das Andenken des Gerechten zum Segen,
     <lb n='7'/>
     verschieden und begraben Tag 1, 22. Sivan
     <lb n='8'/>
     563 der kleinen Zählung,
     <lb n='9'/>
     die Schritte ihrer ..., wallt ihr Herz,
     <lb n='10'/>
     es tränt jedes Auge auf weitem Lande,
     <lb n='11'/>
     sie wollte, sie lief um Strauchelnde stützen mit Maß und Liebe,
     <lb n='12'/>
     Kranke besuchte sie abends und kehrte erst morgens zurück.
     <lb n='13'/>
     Ihre Seele sei eingebunden in das Bündel des Lebens 
    </ab>
   </div>
   <div type='commentary' subtype='Stilmittel'>
    <head>Stilmittel</head>
    <p>
     <label>Akrostichon</label>
      in Zeilen 9-12: ‎‏צירלירל‏‎ Zirelirl
    </p>
   </div>
   <div type="commentary" subtype="Zeilenkommentar">
    <head>Zeilenkommentar</head>
    <p>Zl 10b: Ps 110,6.</p>
   </div>
   <div type="commentary" subtype="Prosopographie">
    <head>Prosopographie</head>
   </div>
   <div type="bibliography">
    <head>Bibliographie</head>
    <p>to be done ...</p>
   </div>
  </body>
 </text>
</TEI>
