﻿<?xml version="1.0" encoding="UTF-8"?>
<?xml-model href="http://www.stoa.org/epidoc/schema/8.18/tei-epidoc.rng" schematypens="http://relaxng.org/ns/structure/1.0"?>
<TEI xmlns:xi="http://www.w3.org/2001/XInclude" xmlns:svg="http://www.w3.org/2000/svg" xmlns:math="http://www.w3.org/1998/Math/MathML" xmlns="http://www.tei-c.org/ns/1.0">
 <teiHeader>
  <fileDesc>
   <titleStmt>
    <title xml:lang='de'>Grabmal für Jizchak ben Jehuda, gest. 1711-08-25, Jüdischer Friedhof Hamburg-Altona, Königstraße</title>
    <respStmt xml:lang="de">
     <resp>herausgegeben vom</resp>
     <orgName ref="http://d-nb.info/gnd/212562-6">
      Salomon Ludwig Steinheim-Institut
      <address>
       <addrLine>Edmund-Körner-Platz 2</addrLine>
       <addrLine>D-45127 Essen</addrLine>
      </address>
     </orgName>
    </respStmt>
   </titleStmt>
    <editionStmt>
    <edition/>
   </editionStmt>
   <extent/>
   <publicationStmt>
    <publisher>
     <orgName ref="http://d-nb.info/gnd/212562-6">
      Salomon Ludwig Steinheim-Institut 
      <address>
       <addrLine>Edmund-Körner-Platz 2</addrLine>
       <addrLine>D-45127 Essen</addrLine>
      </address>
     </orgName>
    </publisher>
    <idno>hha-1332</idno>
    <idno type="url">http://www.steinheim-institut.de/cgi-bin/epidat?id=hha-1332</idno>
    <availability xml:lang="en" status="free">
     <licence>
      <ref target="http://creativecommons.org/licenses/by/4.0/">Distributed under a Creative Commons licence Attribution-BY 4.0</ref>
      <p>
       All reuse or distribution of this work must contain somewhere a link back to the URL 
       <ref>http://www.steinheim-institut.de/cgi-bin/epidat?id=hha-1332</ref>
      </p>
     </licence>
    </availability>
   </publicationStmt>
    <notesStmt>
    <note/>
   </notesStmt>
   <sourceDesc>
    <bibl>born digital</bibl>
     <msDesc>
     <msIdentifier/>
     <physDesc>
      <objectDesc>
       <supportDesc>
        <support>
         <p>
          <material>Stein</material>
         </p>
        </support>
        <condition>
         <p>
          <date>2006</date>
           in situ Beschädigung leicht 
          <damage agent='Verwitterung'>Verwitterung leicht</damage>
         </p>
        </condition>
       </supportDesc>
        <layoutDesc>
        <layout/>
       </layoutDesc>
      </objectDesc>
      <handDesc>
       <handNote>Schrift erhaben</handNote>
      </handDesc>
      <decoDesc>
       <decoNote type='symbol'>Krone</decoNote>
       <decoNote type='symbol'>geknickte Blume</decoNote>
       <decoNote type='ornament'>floral; gestalterisch: aufgespannter Mantel</decoNote>
      </decoDesc>
     </physDesc>
     <history>
      <origin>
       <date notBefore='1711-08-25'>1711-08-25</date>
       <country type="ISO_3166" key="XA-DE-HH">
        Germany
        <region>Hamburg</region>
       </country>
       <settlement type='city' key='tgn:7012310'>
        Hamburg-Altona, Königstraße 
        <geogName>
         Jüdischer Friedhof
         <geo decls="#WGS">53.549373 9.950545</geo>
         <location>
          <geo decls='Planquadrat'>EM</geo>
         </location>
         <location>
          <geo decls='Feld Grabnummer'>S 1386</geo>
         </location>
        </geogName>
       </settlement>
      </origin>
     </history>
    </msDesc>
   </sourceDesc>
  </fileDesc>
  <encodingDesc>
   <p>Encoded according to the EpiDoc Guidelines, Schema Version 8.18</p>
   <classDecl>
    <taxonomy>
     <category xml:id='foto1'>
      <catDesc>
       <persName ref='http://d-nb.info/gnd/128472499' role='photographer'>
        Bert Sommer, 
        <orgName ref="http://d-nb.info/gnd/212562-6">Steinheim-Institut</orgName>
       </persName>
      </catDesc>
     </category>
     <category xml:id='foto6'>
      <catDesc>Fundstücke, Dan Bondy</catDesc>
     </category>
     <category xml:id='foto5'>
      <catDesc>Denkmalpflegerische Massnahme</catDesc>
     </category>
     <category xml:id='foto4'>
      <catDesc>^# Denkmalschutzamt Hamburg</catDesc>
     </category>
     <category xml:id='foto3'>
      <catDesc>Eduard Duckesz Glasplatten ^# CAHJP Jerusalem, Glasplatten: HMB/2452, Inv 2326 · Digitalisat: CDB/5-7</catDesc>
     </category>
     <category xml:id='foto2'>
      <catDesc>Historische Aufnahmen [Mikrofilme] ^# Staatsarchiv Hamburg, Bestand 741-4 Fotoarchiv, Signatur P 2333</catDesc>
     </category>
     <category xml:id='foto7'>
      <catDesc>Aufgenommen in der Synagoge Innsbruck</catDesc>
     </category>
    </taxonomy>
   </classDecl>
   <geoDecl xml:id="WGS" datum="WGS84">World Geodetic System</geoDecl>
  </encodingDesc>
  <profileDesc>
   <particDesc>
    <listPerson>
     <person xml:id="hha-1332-1" sex='1'>
      <persName>Jizchak ben Jehuda</persName>
       <event when='1711-08-25' type="dateofdeath">
       <desc/>
      </event>
     </person>
    </listPerson>
   </particDesc>
    <langUsage>
    <!-- According to bcp47 http://tools.ietf.org/html/bcp47 (Language) and ISO15924 (writing System)-->
    <language ident='he' usage='100'>Hebrew</language>
   </langUsage>
  </profileDesc>
   <revisionDesc>
   <change/>
  </revisionDesc>
 </teiHeader>
 <facsimile>
  <graphic url='http://steinheim-institut.de/daten/picshha/xl/1332_EM_0110150228.jpg'>
    <desc>
    <ref target='#foto1'/>
    <date when='2001-10-15'/>
    recto
   </desc>
  </graphic>
  <graphic url='http://steinheim-institut.de/daten/picshha/xl/mf/04/00000240.jpg'>
    <desc>
    <ref target='#foto2'/>
   </desc>
  </graphic>
  <graphic url='http://steinheim-institut.de/daten/picshha/xl/mf/15/00000095.jpg'>
    <desc>
    <ref target='#foto2'/>
   </desc>
  </graphic>
 </facsimile>
 <text>
  <body>
   <div type='edition'>
    <head>Edition</head>
     <ab>
     <lb n='1'/>
     ‎‏שלשה כתרי׳ הם וכתר ש״ט עלה על גבי׳‏‎
‏‎     <lb n='2'/>
     ‎‏יפה נוף עלה למעלה‏‎
‏‎     <lb n='3'/>
     ‎‏צדיק וישר עשה פעולה‏‎
‏‎     <lb n='4'/>
     ‎‏חביב לבריו׳ במטה ומעלה‏‎
‏‎     <lb n='5'/>
     ‎‏קדם מלכא בריש עיילא‏‎
‏‎     <lb n='6'/>
     ‎‏ה״ה היקר האלוף ראש וקצי׳‏‎
‏‎     <lb n='7'/>
     ‎‏ונדיב לב שתדלן המדינה‏‎
‏‎     <lb n='8'/>
     ‎‏כ״ש כהר״ר יצחק בן הרא׳‏‎
‏‎     <lb n='9'/>
     ‎‏וקצין מהור״ר יהודא ז״ל‏‎
‏‎     <lb n='10'/>
     ‎‏מברלין ׃ נפטר בשם‏‎
‏‎     <lb n='11'/>
     ‎‏טוב ׃ ונקבר בו ביום‏‎
‏‎     <lb n='12'/>
     ‎‏׃ ג׳ י׳ אלול תע״א לפ״ק‏‎
‏‎     <lb n='13'/>
     ‎‏תנצב״ה ‏‎
‏‎    </ab>
   </div>
   <div type='translation'>
    <head>Übersetzung</head>
     <ab>
     <lb n='1'/>
     ›Drei Kronen gibt es, und die Krone des guten Namens erhebt sich über sie‹,
     <lb n='2'/>
     ›Der Wohlgestaltete‹, er stieg empor,
     <lb n='3'/>
     gerecht und aufrecht vollbrachte er seine Taten,
     <lb n='4'/>
     beliebt bei den Menschen hinieden und droben,
     <lb n='5'/>
     vor dem Könige, dem erhabensten Haupte,
     <lb n='6'/>
     es ist der Teure, der Vornehme, das Haupt und der Einflußreiche,
     <lb n='7'/>
     der Freigebige, Fürsprecher der Landjudenschaft,
     <lb n='8'/>
     sein ehrenvoller Name (lautet) der geehrte Meister, Herr Jizchak, Sohn des Hauptes
     <lb n='9'/>
     und des Einflußreichen, unseres Lehrers, des Meisters, Herrn Jehuda, sein Andenken zum Segen,
     <lb n='10'/>
     aus Berlin, verschieden mit gutem
     <lb n='11'/>
     Namen und begraben an eben jenem Tag
     <lb n='12'/>
     3, 10. Elul 471 der kleinen Zählung.
     <lb n='13'/>
     Seine Seele sei eingebunden in das Bündel des Lebens
    </ab>
   </div>
   <div type="commentary" subtype="Zitate">
    <head>Zitate</head>
    <p>Zl 1: Av 4,13(17)</p>
    <p>Zl 2: Ps 48,3</p>
   </div>
   <div type='commentary' subtype='Stilmittel'>
    <head>Stilmittel</head>
    <p>
     <label>Reim</label>
      auf -la in Zln 2-5.
    </p>
    <p>
     <label>Akrostichon</label>
      in Zeilen 2-5: ‎‏יצחק‏‎ Jizchak
    </p>
   </div>
   <div type="commentary" subtype="Endkommentar">
    <head>Endkommentar</head>
    <p>Die vielen Titel von Jizchak ben Jehuda aus Berlin deuten auf einen hohen sozialen Status, eine ehrenvolle Abstammung und eine einflußreiche innerhalb der Gemeinde: Jizchak, Sohn des Jehuda aus Berlin, ist kein anderer als Isaac Liebmann, Sohn des berühmten Berliner Hofjuweliers und Münzmeisters Jost Liebmann (Juda Berlin), welcher 1702 in Berlin gestorben war. Er stammte aus der ersten Ehe seines Vaters mit der Rabbinerstochter Malka, Tochter von Samuel Hameln(-Goldschmidt) in Hildesheim, und war verheiratet mit Merle, Tochter des Vorstehers David Tewle Schiff Hakohen. Gemeinsam mit seiner Frau war er - wie sein Vater - als Hofjuwelier und Hoffaktor König Friedrich I. erfolgreich und stand auch mit auswärtigen Gesandtschaften und Höfen wie Sachsen-Gotha und Sachsen-Eisenach in Kontakt. 1698 wurde er zum Vorgänger der jüdischen Gemeinde von Königsberg ernannt, machte in dieser Funktion Vorschläge zur Reformierung der Schutzgelderhebung und konnte 1703 die Einrichtung eines eigenen Begräbnisplatzes für die Königsberger Juden durchsetzen. Später ging er wieder nach Berlin, wo er 1709 zum Oberältesten der Gemeinde gewählt wurde. Kurz darauf muß er Berlin verlassen haben und nach Hamburg übergesiedelt sein. Dazu bemerkt Simonsen: "Vielleicht haben die bekannten Synagogenstreitigkeiten in Berlin den Sohn Jost Liebmanns nach der Stadt getrieben, wo einst die hervorragenden Fähigkeiten seines Vaters sich entfaltet hatten" (Simonsen, S. 48). Offensichtlich hatte er hier schnell Fuß gefaßt, wenn die Nachricht von Duckesz zutrifft, daß Isaac Liebmann Vorsteher der Dreigemeinden Altona-Hamburg-Wandsbek gewesen war (Duckesz, Iwoh lemoschaw, S. 59).</p>
    <p>
     Daß Isaac Liebmann auf dem Altonaer Friedhof begraben liegt, ist auch dem Testament seines Enkels zu entnehmen, R. David Berlin, Rabbiner der Dreigemeinden Altona-Hamburg-Wandsbek(Nr. 
     <ref target="http://steinheim-institut.de/cgi-bin/epidat?id=hha-1589-t">hha-1589</ref>
     ), welcher sich in der Nähe seines Großvaters mütterlicherseits beerdigen lassen wollte (Dukesz' Nachträge zu Grunwalds: Hamburgs deutsche Juden, S. 334).
    </p>
    <p>Isaac Liebmanns Witwe führte nach seinem Tod im Jahr 1711 die Geschäfte am preussischen Hofe weiter und heiratete dann den berühmten kaiserlichen Hoffaktoren und Oberrabbiner Samson Wertheimer in Wien. Seine Töchter heirateten in reiche und gelehrte Familien ein, sein Sohn Wolf Berlin wurde kaiserlich-russischer Hoffaktor in London und Petersburg.</p>
   </div>
   <div type="commentary" subtype="Prosopographie">
    <head>Prosopographie</head>
   </div>
   <div type="bibliography">
    <head>Bibliographie</head>
    <p>to be done ...</p>
   </div>
  </body>
 </text>
</TEI>
