﻿<?xml version="1.0" encoding="UTF-8"?>
<?xml-model href="http://www.stoa.org/epidoc/schema/8.18/tei-epidoc.rng" schematypens="http://relaxng.org/ns/structure/1.0"?>
<TEI xmlns:xi="http://www.w3.org/2001/XInclude" xmlns:svg="http://www.w3.org/2000/svg" xmlns:math="http://www.w3.org/1998/Math/MathML" xmlns="http://www.tei-c.org/ns/1.0">
 <teiHeader>
  <fileDesc>
   <titleStmt>
    <title xml:lang='de'>Grabmal für Natan ben Menachem Jecheskel Leudesdorf, gest. 1709-05-17, Jüdischer Friedhof Hamburg-Altona, Königstraße</title>
    <respStmt xml:lang="de">
     <resp>herausgegeben vom</resp>
     <orgName ref="http://d-nb.info/gnd/212562-6">
      Salomon Ludwig Steinheim-Institut
      <address>
       <addrLine>Edmund-Körner-Platz 2</addrLine>
       <addrLine>D-45127 Essen</addrLine>
      </address>
     </orgName>
    </respStmt>
   </titleStmt>
    <editionStmt>
    <edition/>
   </editionStmt>
   <extent/>
   <publicationStmt>
    <publisher>
     <orgName ref="http://d-nb.info/gnd/212562-6">
      Salomon Ludwig Steinheim-Institut 
      <address>
       <addrLine>Edmund-Körner-Platz 2</addrLine>
       <addrLine>D-45127 Essen</addrLine>
      </address>
     </orgName>
    </publisher>
    <idno>hha-1354</idno>
    <idno type="url">http://www.steinheim-institut.de/cgi-bin/epidat?id=hha-1354</idno>
    <availability xml:lang="en" status="free">
     <licence>
      <ref target="http://creativecommons.org/licenses/by/4.0/">Distributed under a Creative Commons licence Attribution-BY 4.0</ref>
      <p>
       All reuse or distribution of this work must contain somewhere a link back to the URL 
       <ref>http://www.steinheim-institut.de/cgi-bin/epidat?id=hha-1354</ref>
      </p>
     </licence>
    </availability>
   </publicationStmt>
    <notesStmt>
    <note/>
   </notesStmt>
   <sourceDesc>
    <bibl>born digital</bibl>
     <msDesc>
     <msIdentifier/>
     <physDesc>
      <objectDesc>
       <supportDesc>
        <support>
         <p>
          <material>Stein</material>
         </p>
        </support>
        <condition>
         <p>
          <date>2006</date>
           unterer Teil in situ, oberer liegend Beschädigung leicht
         </p>
        </condition>
       </supportDesc>
        <layoutDesc>
        <layout/>
       </layoutDesc>
      </objectDesc>
      <handDesc>
       <handNote>Schrift erhaben, vertieft (VS)</handNote>
      </handDesc>
     </physDesc>
     <history>
      <origin>
       <date notBefore='1709-05-17'>1709-05-17</date>
       <country type="ISO_3166" key="XA-DE-HH">
        Germany
        <region>Hamburg</region>
       </country>
       <settlement type='city' key='tgn:7012310'>
        Hamburg-Altona, Königstraße 
        <geogName>
         Jüdischer Friedhof
         <geo decls="#WGS">53.549373 9.950545</geo>
         <location>
          <geo decls='Planquadrat'>EM</geo>
         </location>
        </geogName>
       </settlement>
      </origin>
     </history>
    </msDesc>
   </sourceDesc>
  </fileDesc>
  <encodingDesc>
   <p>Encoded according to the EpiDoc Guidelines, Schema Version 8.18</p>
   <classDecl>
    <taxonomy>
     <category xml:id='foto1'>
      <catDesc>
       <persName ref='http://d-nb.info/gnd/128472499' role='photographer'>
        Bert Sommer, 
        <orgName ref="http://d-nb.info/gnd/212562-6">Steinheim-Institut</orgName>
       </persName>
      </catDesc>
     </category>
     <category xml:id='foto6'>
      <catDesc>Fundstücke, Dan Bondy</catDesc>
     </category>
     <category xml:id='foto5'>
      <catDesc>Denkmalpflegerische Massnahme</catDesc>
     </category>
     <category xml:id='foto4'>
      <catDesc>^# Denkmalschutzamt Hamburg</catDesc>
     </category>
     <category xml:id='foto3'>
      <catDesc>Eduard Duckesz Glasplatten ^# CAHJP Jerusalem, Glasplatten: HMB/2452, Inv 2326 · Digitalisat: CDB/5-7</catDesc>
     </category>
     <category xml:id='foto2'>
      <catDesc>Historische Aufnahmen [Mikrofilme] ^# Staatsarchiv Hamburg, Bestand 741-4 Fotoarchiv, Signatur P 2333</catDesc>
     </category>
     <category xml:id='foto7'>
      <catDesc>Aufgenommen in der Synagoge Innsbruck</catDesc>
     </category>
    </taxonomy>
   </classDecl>
   <geoDecl xml:id="WGS" datum="WGS84">World Geodetic System</geoDecl>
  </encodingDesc>
  <profileDesc>
   <particDesc>
    <listPerson>
     <person xml:id="hha-1354-1" sex='1'>
      <persName>Natan ben Menachem Jecheskel Leudesdorf</persName>
       <event when='1709-05-17' type="dateofdeath">
       <desc/>
      </event>
     </person>
    </listPerson>
   </particDesc>
    <langUsage>
    <!-- According to bcp47 http://tools.ietf.org/html/bcp47 (Language) and ISO15924 (writing System)-->
    <language ident='he' usage='100'>Hebrew</language>
   </langUsage>
  </profileDesc>
   <revisionDesc>
   <change/>
  </revisionDesc>
 </teiHeader>
 <facsimile>
  <graphic url='http://steinheim-institut.de/daten/picshha/xl/1354_EM_0110080131.jpg'>
    <desc>
    <ref target='#foto1'/>
    <date when='2001-10-08'/>
    recto
   </desc>
  </graphic>
  <graphic url='http://steinheim-institut.de/daten/picshha/xl/fd/520--14.jpg'>
    <desc>
    <ref target='#foto3'/>
   </desc>
  </graphic>
  <graphic url='http://steinheim-institut.de/daten/picshha/xl/mf/04/00000211.jpg'>
    <desc>
    <ref target='#foto2'/>
   </desc>
  </graphic>
 </facsimile>
 <text>
  <body>
   <div type='edition'>
    <head>Edition</head>
     <ab>
     <lb n='1'/>
     ‎‏הוי שופרא בלע ארעא ׃ קננו אתתא וזרעא ׃‏‎
‏‎     <lb n='2'/>
     ‎‏פ״נ‏‎
‏‎     <lb n='3'/>
     ‎‏איש אשר‏‎
‏‎     <lb n='4'/>
     ‎‏נח נפשיה יניק וחכים ׃‏‎
‏‎     <lb n='5'/>
     ‎‏תגרא רמי? נדיבו יקים ׃‏‎
‏‎     <lb n='6'/>
     ‎‏נהג תומת ישרים תנחם ׃‏‎
‏‎     <lb n='7'/>
     ‎‏פיו לשנו דבש מתוקים ׃‏‎
‏‎     <lb n='8'/>
     ‎‏פתע פתאום עלה שחקים ׃‏‎
‏‎     <lb n='9'/>
     ‎‏כהר״ר נתן בן הר״ר מנחם ׃‏‎
‏‎     <lb n='10'/>
     ‎‏יחזקאל ליידשדורף ז״ל‏‎
‏‎     <lb n='11'/>
     ‎‏נפטר ונקבר יום ו׳ עש״ק‏‎
‏‎     <lb n='12'/>
     ‎‏ח׳ סיון שנת תס״ט לפ״ק‏‎
‏‎     <lb n='13'/>
     ‎‏תנצב״ה‏‎
‏‎    </ab>
   </div>
   <div type='translation'>
    <head>Übersetzung</head>
     <ab>
     <lb n='1'/>
     ›Wehe, diese Schönheit, ist verschlungen von der Erde‹, wehklagten die Gattin und die Nachkommen
     <lb n='2'/>
     Hier ist begraben
     <lb n='3'/>
     ein Mann, welcher
     <lb n='4'/>
     ..., ›jung doch Weise‹,
     <lb n='5'/>
     ... seinen Wohltäter ...
     <lb n='6'/>
     er verhielt sich in der Lauterkeit der Aufrechten ...
     <lb n='7'/>
     sein Mund, seine Sprache, süßer Honig,
     <lb n='8'/>
     plötzlich, urplötzlich stieg er gen Himmel,
     <lb n='9'/>
     der geehrte Meister, Herr Natan, Sohn des Meisters, Herrn Menachem
     <lb n='10'/>
     Jecheskel Leudesdorf, sein Andenken zum Segen,
     <lb n='11'/>
     verschieden und begraben Tag 6, Rüsttag des heiligen Schabbat,
     <lb n='12'/>
     8. Sivan des Jahres 469 der kleinen Zählung.
     <lb n='13'/>
     Seine Seele sei eingebunden in das Bündel des Lebens
    </ab>
   </div>
   <div type="commentary" subtype="Zitate">
    <head>Zitate</head>
    <p>Zl 1: Zusammengesetzt aus bBer 5a und Jes 25,8</p>
    <p>Zl 4: bKid 32b</p>
   </div>
   <div type='commentary' subtype='Stilmittel'>
    <head>Stilmittel</head>
    <p>
     <label>Reim</label>
      auf -akim in Zln 4,5,7,8 und auf -achem in Zln 6,9 (den Namen des Vaters einschließend).
    </p>
    <p>
     <label>Akrostichon</label>
      in Zeilen 4-6: ‎‏נתן‏‎ Natan
    </p>
   </div>
   <div type="commentary" subtype="Prosopographie">
    <head>Prosopographie</head>
   </div>
   <div type="bibliography">
    <head>Bibliographie</head>
    <p>to be done ...</p>
   </div>
  </body>
 </text>
</TEI>
