﻿<?xml version="1.0" encoding="UTF-8"?>
<?xml-model href="http://www.stoa.org/epidoc/schema/8.18/tei-epidoc.rng" schematypens="http://relaxng.org/ns/structure/1.0"?>
<TEI xmlns:xi="http://www.w3.org/2001/XInclude" xmlns:svg="http://www.w3.org/2000/svg" xmlns:math="http://www.w3.org/1998/Math/MathML" xmlns="http://www.tei-c.org/ns/1.0">
 <teiHeader>
  <fileDesc>
   <titleStmt>
    <title xml:lang='de'>Grabmal für Menachem Mendel ben Schimon Polack, gest. 1756-09-15, Jüdischer Friedhof Hamburg-Altona, Königstraße</title>
    <respStmt xml:lang="de">
     <resp>herausgegeben vom</resp>
     <orgName ref="http://d-nb.info/gnd/212562-6">
      Salomon Ludwig Steinheim-Institut
      <address>
       <addrLine>Edmund-Körner-Platz 2</addrLine>
       <addrLine>D-45127 Essen</addrLine>
      </address>
     </orgName>
    </respStmt>
   </titleStmt>
    <editionStmt>
    <edition/>
   </editionStmt>
   <extent/>
   <publicationStmt>
    <publisher>
     <orgName ref="http://d-nb.info/gnd/212562-6">
      Salomon Ludwig Steinheim-Institut 
      <address>
       <addrLine>Edmund-Körner-Platz 2</addrLine>
       <addrLine>D-45127 Essen</addrLine>
      </address>
     </orgName>
    </publisher>
    <idno>hha-1657</idno>
    <idno type="url">http://www.steinheim-institut.de/cgi-bin/epidat?id=hha-1657</idno>
    <availability xml:lang="en" status="free">
     <licence>
      <ref target="http://creativecommons.org/licenses/by/4.0/">Distributed under a Creative Commons licence Attribution-BY 4.0</ref>
      <p>
       All reuse or distribution of this work must contain somewhere a link back to the URL 
       <ref>http://www.steinheim-institut.de/cgi-bin/epidat?id=hha-1657</ref>
      </p>
     </licence>
    </availability>
   </publicationStmt>
    <notesStmt>
    <note/>
   </notesStmt>
   <sourceDesc>
    <bibl>born digital</bibl>
     <msDesc>
     <msIdentifier/>
     <physDesc>
      <objectDesc>
       <supportDesc>
        <support>
         <p>
          <material>Stein</material>
         </p>
        </support>
        <condition>
         <p>
          <date>2006</date>
           non in situ Beschädigung schwer 
          <damage agent='Verwitterung'>Verwitterung leicht</damage>
         </p>
        </condition>
       </supportDesc>
        <layoutDesc>
        <layout/>
       </layoutDesc>
      </objectDesc>
      <handDesc>
       <handNote>Schrift erhaben</handNote>
      </handDesc>
     </physDesc>
     <history>
      <origin>
       <date notBefore='1756-09-15'>1756-09-15</date>
       <country type="ISO_3166" key="XA-DE-HH">
        Germany
        <region>Hamburg</region>
       </country>
       <settlement type='city' key='tgn:7012310'>
        Hamburg-Altona, Königstraße 
        <geogName>
         Jüdischer Friedhof
         <geo decls="#WGS">53.549373 9.950545</geo>
         <location>
          <geo decls='Planquadrat'>FD</geo>
         </location>
         <location>
          <geo decls='Feld Grabnummer'>N 3325</geo>
         </location>
        </geogName>
       </settlement>
      </origin>
     </history>
    </msDesc>
   </sourceDesc>
  </fileDesc>
  <encodingDesc>
   <p>Encoded according to the EpiDoc Guidelines, Schema Version 8.18</p>
   <classDecl>
    <taxonomy>
     <category xml:id='foto1'>
      <catDesc>
       <persName ref='http://d-nb.info/gnd/128472499' role='photographer'>
        Bert Sommer, 
        <orgName ref="http://d-nb.info/gnd/212562-6">Steinheim-Institut</orgName>
       </persName>
      </catDesc>
     </category>
     <category xml:id='foto6'>
      <catDesc>Fundstücke, Dan Bondy</catDesc>
     </category>
     <category xml:id='foto5'>
      <catDesc>Denkmalpflegerische Massnahme</catDesc>
     </category>
     <category xml:id='foto4'>
      <catDesc>^# Denkmalschutzamt Hamburg</catDesc>
     </category>
     <category xml:id='foto3'>
      <catDesc>Eduard Duckesz Glasplatten ^# CAHJP Jerusalem, Glasplatten: HMB/2452, Inv 2326 · Digitalisat: CDB/5-7</catDesc>
     </category>
     <category xml:id='foto2'>
      <catDesc>Historische Aufnahmen [Mikrofilme] ^# Staatsarchiv Hamburg, Bestand 741-4 Fotoarchiv, Signatur P 2333</catDesc>
     </category>
     <category xml:id='foto7'>
      <catDesc>Aufgenommen in der Synagoge Innsbruck</catDesc>
     </category>
    </taxonomy>
   </classDecl>
   <geoDecl xml:id="WGS" datum="WGS84">World Geodetic System</geoDecl>
  </encodingDesc>
  <profileDesc>
   <particDesc>
    <listPerson>
     <person xml:id="hha-1657-1" sex='1'>
      <persName>Menachem Mendel ben Schimon Polack</persName>
       <event when='1756-09-15' type="dateofdeath">
       <desc/>
      </event>
     </person>
    </listPerson>
   </particDesc>
    <langUsage>
    <!-- According to bcp47 http://tools.ietf.org/html/bcp47 (Language) and ISO15924 (writing System)-->
    <language ident='he' usage='100'>Hebrew</language>
   </langUsage>
  </profileDesc>
   <revisionDesc>
   <change/>
  </revisionDesc>
 </teiHeader>
 <facsimile>
  <graphic url='http://steinheim-institut.de/daten/picshha/xl/1657_FD_0309190126.jpg'>
    <desc>
    <ref target='#foto1'/>
    <date when='2003-09-19'/>
    recto
   </desc>
  </graphic>
  <graphic url='http://steinheim-institut.de/daten/picshha/xl/mf/03/00000041.jpg'>
    <desc>
    <ref target='#foto2'/>
   </desc>
  </graphic>
 </facsimile>
 <text>
  <body>
   <div type='edition'>
    <head>Edition</head>
     <ab>
     <lb n='1'/>
     ‎‏פ״נ איש‏‎
‏‎     <lb n='2'/>
     ‎‏מעדן נהר דלה מים‏‎
‏‎     <lb n='3'/>
     ‎‏ערב קולו לבו לשמי׳‏‎
‏‎     <lb n='4'/>
     ‎‏נהג ביושר ונקי כפי׳‏‎
‏‎     <lb n='5'/>
     ‎‏דל חונן ואביון מנחם‏‎
‏‎     <lb n='6'/>
     ‎‏כהר״ר מנחם מענדל‏‎
‏‎     <lb n='7'/>
     ‎‏בהר״ר שמעו[ן] פאלק ז״ל‏‎
‏‎     <lb n='8'/>
     ‎‏נפטר ונקבריום ד׳ ך׳‏‎
‏‎     <lb n='9'/>
     ‎‏אלול תקט[ז?] לפ״ק‏‎
‏‎     <lb n='10'/>
     ‎‏תנצב״[ה]‏‎
‏‎    </ab>
   </div>
   <div type='translation'>
    <head>Übersetzung</head>
     <ab>
     <lb n='1'/>
     Hier ist begraben ein Mann,
     <lb n='2'/>
     ›aus Eden (fliesst) ein Strom‹, (aus dem) er Wasser schöpfte,
     <lb n='3'/>
     ›angenehm war seine Stimme‹, ›sein Herz war zum Himmel (gerichtet)‹,
     <lb n='4'/>
     er verhielt sich in Geradheit ›und hatte reine Hände‹,
     <lb n='5'/>
     ›(dem) Elenden sich erbarmend‹ und den Armen tröstend,
     <lb n='6'/>
     der geehrte Meister, Herr Menachem Mendel,
     <lb n='7'/>
     Sohn des Meisters, Herrn Schimon Polack, sein Andenken zum Segen,
     <lb n='8'/>
     verschieden und begraben Tag 4, 20.
     <lb n='9'/>
     Elul, 51[6?] der kleinen Zählung.
     <lb n='10'/>
     Seine Seele sei eingebunden in das Bündel [des Lebens]
    </ab>
   </div>
   <div type="commentary" subtype="Zitate">
    <head>Zitate</head>
    <p>Zl 2: Nach Gen 2,10</p>
    <p>Zl 3: Nach Hld 2,14 | Zl 3: Vgl. bBer 5b u. ö.</p>
    <p>Zl 4: Nach Ps 24,4</p>
    <p>Zl 5: Nach Spr 19,17</p>
   </div>
   <div type='commentary' subtype='Stilmittel'>
    <head>Stilmittel</head>
    <p>
     <label>Reim</label>
      auf -ajim in Zln 2-4.
    </p>
    <p>
     <label>Akrostichon</label>
      MENDEL in Zl 2 (horizontal) und in Zln 2-5.
    </p>
   </div>
   <div type="commentary" subtype="Zeilenkommentar">
    <head>Zeilenkommentar</head>
    <p>Zl 2: Zu ‎‏דלה מים‏‎ vergleiche z.B. Maimonides Jad Hachasaka 12,6; dort schöpft der Verfasser Erkenntnis aus tiefen Brunnen, aber die Wasser dieser Brunnen bezeichnet er als trübe. Der Strom aus Eden scheint hingegen nur reines Wasser zu spenden.</p>
    <p>Zl 3: In bBer 5b eine Forderung Rabbi Jochanans, sein Herz, seine Gedanken auf den Himmel zu richten.</p>
    <p>Zl 5: ‎‏דל חונן‏‎ wegen des Akrostichons ist hier die Wortfolge aus Spr 19,17 umgekehrt; zur Kombination mit ‎‏אביון מנחם‏‎ vgl. die inhaltlich ähnliche Aussage - dort allerdings auf den Ewigen bezogen - in Ps 72,13.</p>
   </div>
   <div type="commentary" subtype="Prosopographie">
    <head>Prosopographie</head>
   </div>
   <div type="bibliography">
    <head>Bibliographie</head>
    <p>to be done ...</p>
   </div>
  </body>
 </text>
</TEI>
