﻿<?xml version="1.0" encoding="UTF-8"?>
<?xml-model href="http://www.stoa.org/epidoc/schema/8.18/tei-epidoc.rng" schematypens="http://relaxng.org/ns/structure/1.0"?>
<TEI xmlns:xi="http://www.w3.org/2001/XInclude" xmlns:svg="http://www.w3.org/2000/svg" xmlns:math="http://www.w3.org/1998/Math/MathML" xmlns="http://www.tei-c.org/ns/1.0">
 <teiHeader>
  <fileDesc>
   <titleStmt>
    <title xml:lang='de'>Grabmal für Arje Jehuda Löb ben Mosche Natan Goslar, gest. 1708-08-11, Jüdischer Friedhof Hamburg-Altona, Königstraße</title>
    <respStmt xml:lang="de">
     <resp>herausgegeben vom</resp>
     <orgName ref="http://d-nb.info/gnd/212562-6">
      Salomon Ludwig Steinheim-Institut
      <address>
       <addrLine>Edmund-Körner-Platz 2</addrLine>
       <addrLine>D-45127 Essen</addrLine>
      </address>
     </orgName>
    </respStmt>
   </titleStmt>
    <editionStmt>
    <edition/>
   </editionStmt>
   <extent/>
   <publicationStmt>
    <publisher>
     <orgName ref="http://d-nb.info/gnd/212562-6">
      Salomon Ludwig Steinheim-Institut 
      <address>
       <addrLine>Edmund-Körner-Platz 2</addrLine>
       <addrLine>D-45127 Essen</addrLine>
      </address>
     </orgName>
    </publisher>
    <idno>hha-1312</idno>
    <idno type="url">http://www.steinheim-institut.de/cgi-bin/epidat?id=hha-1312</idno>
    <availability xml:lang="en" status="free">
     <licence>
      <ref target="http://creativecommons.org/licenses/by/4.0/">Distributed under a Creative Commons licence Attribution-BY 4.0</ref>
      <p>
       All reuse or distribution of this work must contain somewhere a link back to the URL 
       <ref>http://www.steinheim-institut.de/cgi-bin/epidat?id=hha-1312</ref>
      </p>
     </licence>
    </availability>
   </publicationStmt>
    <notesStmt>
    <note/>
   </notesStmt>
   <sourceDesc>
    <bibl>born digital</bibl>
     <msDesc>
     <msIdentifier/>
     <physDesc>
      <objectDesc>
       <supportDesc>
        <support>
         <p>
          <material>Stein</material>
         </p>
        </support>
        <condition>
         <p>
          <date>2006</date>
           non in situ Beschädigung schwer 
          <damage agent='Verwitterung'>Verwitterung leicht</damage>
         </p>
        </condition>
       </supportDesc>
        <layoutDesc>
        <layout/>
       </layoutDesc>
      </objectDesc>
      <handDesc>
       <handNote>Schrift vertieft</handNote>
      </handDesc>
     </physDesc>
     <history>
      <origin>
       <date notBefore='1708-08-11'>1708-08-11</date>
       <country type="ISO_3166" key="XA-DE-HH">
        Germany
        <region>Hamburg</region>
       </country>
       <settlement type='city' key='tgn:7012310'>
        Hamburg-Altona, Königstraße 
        <geogName>
         Jüdischer Friedhof
         <geo decls="#WGS">53.549373 9.950545</geo>
         <location>
          <geo decls='Planquadrat'>EM</geo>
         </location>
         <location>
          <geo decls='Feld Grabnummer'>S 1283</geo>
         </location>
        </geogName>
       </settlement>
      </origin>
     </history>
    </msDesc>
   </sourceDesc>
  </fileDesc>
  <encodingDesc>
   <p>Encoded according to the EpiDoc Guidelines, Schema Version 8.18</p>
   <classDecl>
    <taxonomy>
     <category xml:id='foto1'>
      <catDesc>
       <persName ref='http://d-nb.info/gnd/128472499' role='photographer'>
        Bert Sommer, 
        <orgName ref="http://d-nb.info/gnd/212562-6">Steinheim-Institut</orgName>
       </persName>
      </catDesc>
     </category>
     <category xml:id='foto6'>
      <catDesc>Fundstücke, Dan Bondy</catDesc>
     </category>
     <category xml:id='foto5'>
      <catDesc>Denkmalpflegerische Massnahme</catDesc>
     </category>
     <category xml:id='foto4'>
      <catDesc>^# Denkmalschutzamt Hamburg</catDesc>
     </category>
     <category xml:id='foto3'>
      <catDesc>Eduard Duckesz Glasplatten ^# CAHJP Jerusalem, Glasplatten: HMB/2452, Inv 2326 · Digitalisat: CDB/5-7</catDesc>
     </category>
     <category xml:id='foto2'>
      <catDesc>Historische Aufnahmen [Mikrofilme] ^# Staatsarchiv Hamburg, Bestand 741-4 Fotoarchiv, Signatur P 2333</catDesc>
     </category>
     <category xml:id='foto7'>
      <catDesc>Aufgenommen in der Synagoge Innsbruck</catDesc>
     </category>
    </taxonomy>
   </classDecl>
   <geoDecl xml:id="WGS" datum="WGS84">World Geodetic System</geoDecl>
  </encodingDesc>
  <profileDesc>
   <particDesc>
    <listPerson>
     <person xml:id="hha-1312-1" sex='1'>
      <persName>Arje Jehuda Löb ben Mosche Natan Goslar</persName>
       <event when='1708-08-11' type="dateofdeath">
       <desc/>
      </event>
     </person>
    </listPerson>
   </particDesc>
    <langUsage>
    <!-- According to bcp47 http://tools.ietf.org/html/bcp47 (Language) and ISO15924 (writing System)-->
    <language ident='he' usage='100'>Hebrew</language>
   </langUsage>
  </profileDesc>
   <revisionDesc>
   <change/>
  </revisionDesc>
 </teiHeader>
 <facsimile>
  <graphic url='http://steinheim-institut.de/daten/picshha/xl/1312_EM_0110050124.jpg'>
    <desc>
    <ref target='#foto1'/>
    <date when='2001-10-05'/>
    recto
   </desc>
  </graphic>
  <graphic url='http://steinheim-institut.de/daten/picshha/xl/mf/04/00000132.jpg'>
    <desc>
    <ref target='#foto2'/>
   </desc>
  </graphic>
  <graphic url='http://steinheim-institut.de/daten/picshha/xl/1340_EM_0110050133.jpg'>
    <desc>
    <ref target='#foto1'/>
    <date when='2001-10-05'/>
    Fragment recto
   </desc>
  </graphic>
 </facsimile>
 <text>
  <body>
   <div type='edition'>
    <head>Edition</head>
     <ab>
     <lb n='1'/>
     ‎‏פ״נ‏‎
‏‎     <lb n='2'/>
     ‎‏בבית גניזת הארון‏‎
‏‎     <lb n='3'/>
     ‎‏אשר שם שם איש יהוד׳‏‎
‏‎     <lb n='4'/>
     ‎‏בארצו היתה ׃‏‎
‏‎     <lb n='5'/>
     ‎‏רב אמונים הלך תמים‏‎
‏‎     <lb n='6'/>
     ‎‏נשא ונתן באמונה ׃‏‎
‏‎     <lb n='7'/>
     ‎‏יחיד אמונה אל עמו‏‎
‏‎     <lb n='8'/>
     ‎‏תביאנו ׃ בתוך בני בינה‏‎
‏‎     <lb n='9'/>
     ‎‏םוא (!) היה נאה לשמו ה׳‏‎
‏‎     <lb n='10'/>
     ‎‏האלוף כמר ארי׳ יהודא‏‎
‏‎     <lb n='11'/>
     ‎‏[‎‏ליב ב׳ הר״ר משה נתן ז״ל]‏‎
‏‎     <lb n='12'/>
     ‎‏[‎‏גאשלר הלך לעולמו]‏‎
‏‎     <lb n='13'/>
     ‎‏[‎‏יוח (!) ד׳ ו׳ אלול בשנת]‏‎
‏‎     <lb n='14'/>
     ‎‏והארי עלה [במסילה]‏‎
‏‎     <lb n='15'/>
     ‎‏בירח הבתו[לה לפ״ק]‏‎
‏‎     <lb n='16'/>
     ‎‏תנצ[ב״ה]‏‎
‏‎    </ab>
   </div>
   <div type='translation'>
    <head>Übersetzung</head>
     <ab>
     <lb n='1'/>
     Hier ist begraben
     <lb n='2'/>
     im Haus ... der Lade
     <lb n='3'/>
     welcher dort ... ein Mann aus Juda,
     <lb n='4'/>
     in seinem Lande war,
     <lb n='5'/>
     reich an Vertrauen, ging er lauter,
     <lb n='6'/>
     ›handelte und wandelte in Treue‹,
     <lb n='7'/>
     ... Glauben zu seinem Volke
     <lb n='8'/>
     ..., inmitten der Verständigen
     <lb n='9'/>
     war er ... sein Name ...
     <lb n='10'/>
     der Vornehme, der geehrte Herr Arje Jehuda
     <lb n='11'/>
     Löb, Sohn des Meisters, Herrn Mosche Natan, sein Andenken zum Segen,
     <lb n='12'/>
     Goslar, ›er ging hin in seine Welt‹
     <lb n='13'/>
     Tag 4, 6. Elul des Jahres
     <lb n='14'/>
     und der Leu stieg hinauf geradewegs
     <lb n='15'/>
     des Monats die Jungfrau der kleinen Zählung.
     <lb n='16'/>
     Seine Seele sei eingebunden in das Bündel des Lebens 
    </ab>
   </div>
   <div type="commentary" subtype="Zitate">
    <head>Zitate</head>
    <p>Zl 6: bSchab 31a</p>
    <p>Zl 12: Koh 12,5</p>
   </div>
   <div type='commentary' subtype='Stilmittel'>
    <head>Stilmittel</head>
    <p>
     <label>Akrostichon</label>
      in Zeilen 3, 5, 7, 9, 11-12: ‎‏אריםלג‏‎ Arje^mlg
    </p>
   </div>
   <div type="commentary" subtype="Prosopographie">
    <head>Prosopographie</head>
   </div>
   <div type="bibliography">
    <head>Bibliographie</head>
    <p>to be done ...</p>
   </div>
  </body>
 </text>
</TEI>
