﻿<?xml version="1.0" encoding="UTF-8"?>
<?xml-model href="http://www.stoa.org/epidoc/schema/8.18/tei-epidoc.rng" schematypens="http://relaxng.org/ns/structure/1.0"?>
<TEI xmlns:xi="http://www.w3.org/2001/XInclude" xmlns:svg="http://www.w3.org/2000/svg" xmlns:math="http://www.w3.org/1998/Math/MathML" xmlns="http://www.tei-c.org/ns/1.0">
 <teiHeader>
  <fileDesc>
   <titleStmt>
    <title xml:lang='de'>Grabmal für Jirmijahu ben Mosche Fürst, gest. 1699-07-16, Jüdischer Friedhof Hamburg-Altona, Königstraße</title>
    <respStmt xml:lang="de">
     <resp>herausgegeben vom</resp>
     <orgName ref="http://d-nb.info/gnd/212562-6">
      Salomon Ludwig Steinheim-Institut
      <address>
       <addrLine>Edmund-Körner-Platz 2</addrLine>
       <addrLine>D-45127 Essen</addrLine>
      </address>
     </orgName>
    </respStmt>
   </titleStmt>
    <editionStmt>
    <edition/>
   </editionStmt>
   <extent/>
   <publicationStmt>
    <publisher>
     <orgName ref="http://d-nb.info/gnd/212562-6">
      Salomon Ludwig Steinheim-Institut 
      <address>
       <addrLine>Edmund-Körner-Platz 2</addrLine>
       <addrLine>D-45127 Essen</addrLine>
      </address>
     </orgName>
    </publisher>
    <idno>hha-1562</idno>
    <idno type="url">http://www.steinheim-institut.de/cgi-bin/epidat?id=hha-1562</idno>
    <availability xml:lang="en" status="free">
     <licence>
      <ref target="http://creativecommons.org/licenses/by/4.0/">Distributed under a Creative Commons licence Attribution-BY 4.0</ref>
      <p>
       All reuse or distribution of this work must contain somewhere a link back to the URL 
       <ref>http://www.steinheim-institut.de/cgi-bin/epidat?id=hha-1562</ref>
      </p>
     </licence>
    </availability>
   </publicationStmt>
    <notesStmt>
    <note/>
   </notesStmt>
   <sourceDesc>
    <bibl>born digital</bibl>
     <msDesc>
     <msIdentifier/>
     <physDesc>
      <objectDesc>
       <supportDesc>
        <support>
         <p>
          <material>Stein</material>
         </p>
        </support>
        <condition>
         <p>
          <date>2006</date>
           unterer Teil in situ, oberer non in situ, aber in der Erde stehend Beschädigung schwer
         </p>
        </condition>
       </supportDesc>
        <layoutDesc>
        <layout/>
       </layoutDesc>
      </objectDesc>
      <handDesc>
       <handNote>Schrift vertieft</handNote>
      </handDesc>
     </physDesc>
     <history>
      <origin>
       <date notBefore='1699-07-16'>1699-07-16</date>
       <country type="ISO_3166" key="XA-DE-HH">
        Germany
        <region>Hamburg</region>
       </country>
       <settlement type='city' key='tgn:7012310'>
        Hamburg-Altona, Königstraße 
        <geogName>
         Jüdischer Friedhof
         <geo decls="#WGS">53.549373 9.950545</geo>
         <location>
          <geo decls='Planquadrat'>EP</geo>
         </location>
         <location>
          <geo decls='Feld Grabnummer'>S 1193</geo>
         </location>
        </geogName>
       </settlement>
      </origin>
     </history>
    </msDesc>
   </sourceDesc>
  </fileDesc>
  <encodingDesc>
   <p>Encoded according to the EpiDoc Guidelines, Schema Version 8.18</p>
   <classDecl>
    <taxonomy>
     <category xml:id='foto1'>
      <catDesc>
       <persName ref='http://d-nb.info/gnd/128472499' role='photographer'>
        Bert Sommer, 
        <orgName ref="http://d-nb.info/gnd/212562-6">Steinheim-Institut</orgName>
       </persName>
      </catDesc>
     </category>
     <category xml:id='foto6'>
      <catDesc>Fundstücke, Dan Bondy</catDesc>
     </category>
     <category xml:id='foto5'>
      <catDesc>Denkmalpflegerische Massnahme</catDesc>
     </category>
     <category xml:id='foto4'>
      <catDesc>^# Denkmalschutzamt Hamburg</catDesc>
     </category>
     <category xml:id='foto3'>
      <catDesc>Eduard Duckesz Glasplatten ^# CAHJP Jerusalem, Glasplatten: HMB/2452, Inv 2326 · Digitalisat: CDB/5-7</catDesc>
     </category>
     <category xml:id='foto2'>
      <catDesc>Historische Aufnahmen [Mikrofilme] ^# Staatsarchiv Hamburg, Bestand 741-4 Fotoarchiv, Signatur P 2333</catDesc>
     </category>
     <category xml:id='foto7'>
      <catDesc>Aufgenommen in der Synagoge Innsbruck</catDesc>
     </category>
    </taxonomy>
   </classDecl>
   <geoDecl xml:id="WGS" datum="WGS84">World Geodetic System</geoDecl>
  </encodingDesc>
  <profileDesc>
   <particDesc>
    <listPerson>
     <person xml:id="hha-1562-1" sex='1'>
      <persName>Jirmijahu ben Mosche Fürst</persName>
       <event when='1699-07-16' type="dateofdeath">
       <desc/>
      </event>
     </person>
    </listPerson>
   </particDesc>
    <langUsage>
    <!-- According to bcp47 http://tools.ietf.org/html/bcp47 (Language) and ISO15924 (writing System)-->
    <language ident='he' usage='100'>Hebrew</language>
   </langUsage>
  </profileDesc>
   <revisionDesc>
   <change/>
  </revisionDesc>
 </teiHeader>
 <facsimile>
  <graphic url='http://steinheim-institut.de/daten/picshha/xl/1562_EP_0110120427.jpg'>
    <desc>
    <ref target='#foto1'/>
    <date when='2001-10-12'/>
    recto
   </desc>
  </graphic>
  <graphic url='http://steinheim-institut.de/daten/picshha/xl/mf/04/00000016.jpg'>
    <desc>
    <ref target='#foto2'/>
   </desc>
  </graphic>
  <graphic url='http://steinheim-institut.de/daten/picshha/xl/1560_EP_0110120425.jpg'>
    <desc>
    <ref target='#foto1'/>
    <date when='2001-10-12'/>
    Fragment recto
   </desc>
  </graphic>
 </facsimile>
 <text>
  <body>
   <div type='edition'>
    <head>Edition</head>
     <ab>
     <lb n='1'/>
     ‎‏פ״נ‏‎
‏‎     <lb n='2'/>
     ‎‏איש‏‎
‏‎     <lb n='3'/>
     ‎‏ידיו רב לו בכל טרחו ׃‏‎
‏‎     <lb n='4'/>
     ‎‏רץ כצבי נאמן לשלחו ׃‏‎
‏‎     <lb n='5'/>
     ‎‏מחיה בניו וגם האשה ׃‏‎
‏‎     <lb n='6'/>
     ‎‏יענה רך מושל ברוחו ׃‏‎
‏‎     <lb n='7'/>
     ‎‏הלך תמים שם ה׳ מבטחו ׃‏‎
‏‎     <lb n='8'/>
     ‎‏הישיש כ׳ ירמי׳ בר משה ׃‏‎
‏‎     <lb n='9'/>
     ‎‏פערשט ז״ל נפטר ונקבר ׃‏‎
‏‎     <lb n='10'/>
     ‎‏יום ה׳ י״ט תמוז שנת‏‎
‏‎     <lb n='11'/>
     ‎‏תנ״ט לפ״ק‏‎
‏‎     <lb n='12'/>
     ‎‏תנצב״ה ‏‎
‏‎    </ab>
   </div>
   <div type='translation'>
    <head>Übersetzung</head>
     <ab>
     <lb n='1'/>
     Hier ist begraben
     <lb n='2'/>
     ein Mann,
     <lb n='3'/>
     ›dessen Hände waren stark‹ in all seinen Mühen,
     <lb n='4'/>
     ›er war flink wie ein Hirsch,‹ ›treu denen, die ihn sandten,‹
     <lb n='5'/>
     erquickt seine Kinder wie auch seine Gattin,
     <lb n='6'/>
     ›er antwortet sanft,‹ ›beherrscht sein Gemüt,‹
     <lb n='7'/>
     ›er wandelte lauter,‹ ›auf den Ewigen war sein Verlaß,‹
     <lb n='8'/>
     der Greise, der geehrte Jirmijahu, Sohn des Mosche
     <lb n='9'/>
     Fürst, sein Andenken zum Segen, verschieden und begraben
     <lb n='10'/>
     Tag 5, 19. Tammus des Jahres
     <lb n='11'/>
     459 der kleinen Zählung.
     <lb n='12'/>
     Seine Seele sei eingebunden in das Bündel des Lebens
    </ab>
   </div>
   <div type="commentary" subtype="Zitate">
    <head>Zitate</head>
    <p>Zl 3: Dtn 33,7</p>
    <p>Zl 4: Vgl. Av 5,20 u. bPes 112a | Zl 4: Nach Spr 25,13</p>
    <p>Zl 6: Nach Spr 15,1 | Zl 6: Vgl. Spr 16,32 u. Av 4,1</p>
    <p>Zl 7: Nach Ps 15,2 | Zl 7: Ps 40,5</p>
   </div>
   <div type='commentary' subtype='Stilmittel'>
    <head>Stilmittel</head>
    <p>
     <label>Reim</label>
      auf -cho in Zl(n) 3,4, 6,7, (optischer) Reim auf -scha/sche in Zl(n) 5,8 (Reimfolge aabaab, unter Einbeziehung des Namens Mosche).
    </p>
    <p>
     <label>Akrostichon</label>
      in Zeilen 3-7: ‎‏ירמיה‏‎ Jirmijahu
    </p>
   </div>
   <div type="commentary" subtype="Endkommentar">
    <head>Endkommentar</head>
    <p>Die histor. Aufnahme zeigt das Grabmal vollständig und in situ.</p>
   </div>
   <div type="commentary" subtype="Prosopographie">
    <head>Prosopographie</head>
   </div>
   <div type="bibliography">
    <head>Bibliographie</head>
    <p>to be done ...</p>
   </div>
  </body>
 </text>
</TEI>
