﻿<?xml version="1.0" encoding="UTF-8"?>
<?xml-model href="http://www.stoa.org/epidoc/schema/8.18/tei-epidoc.rng" schematypens="http://relaxng.org/ns/structure/1.0"?>
<TEI xmlns:xi="http://www.w3.org/2001/XInclude" xmlns:svg="http://www.w3.org/2000/svg" xmlns:math="http://www.w3.org/1998/Math/MathML" xmlns="http://www.tei-c.org/ns/1.0">
 <teiHeader>
  <fileDesc>
   <titleStmt>
    <title xml:lang='de'>Grabmal für Seew Wolf Mosche ben Awraham Halevi, gest. 1777-05-24, Jüdischer Friedhof Hamburg-Altona, Königstraße</title>
    <respStmt xml:lang="de">
     <resp>herausgegeben vom</resp>
     <orgName ref="http://d-nb.info/gnd/212562-6">
      Salomon Ludwig Steinheim-Institut
      <address>
       <addrLine>Edmund-Körner-Platz 2</addrLine>
       <addrLine>D-45127 Essen</addrLine>
      </address>
     </orgName>
    </respStmt>
   </titleStmt>
    <editionStmt>
    <edition/>
   </editionStmt>
   <extent/>
   <publicationStmt>
    <publisher>
     <orgName ref="http://d-nb.info/gnd/212562-6">
      Salomon Ludwig Steinheim-Institut 
      <address>
       <addrLine>Edmund-Körner-Platz 2</addrLine>
       <addrLine>D-45127 Essen</addrLine>
      </address>
     </orgName>
    </publisher>
    <idno>hha-129</idno>
    <idno type="url">http://www.steinheim-institut.de/cgi-bin/epidat?id=hha-129</idno>
    <availability xml:lang="en" status="free">
     <licence>
      <ref target="http://creativecommons.org/licenses/by/4.0/">Distributed under a Creative Commons licence Attribution-BY 4.0</ref>
      <p>
       All reuse or distribution of this work must contain somewhere a link back to the URL 
       <ref>http://www.steinheim-institut.de/cgi-bin/epidat?id=hha-129</ref>
      </p>
     </licence>
    </availability>
   </publicationStmt>
    <notesStmt>
    <note/>
   </notesStmt>
   <sourceDesc>
    <bibl>born digital</bibl>
     <msDesc>
     <msIdentifier/>
     <physDesc>
      <objectDesc>
       <supportDesc>
        <support>
         <p>
          <material>Stein</material>
         </p>
        </support>
        <condition>
         <p>
          <date>2006</date>
           non in situ Beschädigung mittel in zwei Teile zerbrochen
         </p>
        </condition>
       </supportDesc>
        <layoutDesc>
        <layout/>
       </layoutDesc>
      </objectDesc>
      <handDesc>
       <handNote>Schrift erhaben</handNote>
      </handDesc>
      <decoDesc>
       <decoNote type='symbol'>Levitenkanne</decoNote>
      </decoDesc>
     </physDesc>
     <history>
      <origin>
       <date notBefore='1777-05-24'>1777-05-24</date>
       <country type="ISO_3166" key="XA-DE-HH">
        Germany
        <region>Hamburg</region>
       </country>
       <settlement type='city' key='tgn:7012310'>
        Hamburg-Altona, Königstraße 
        <geogName>
         Jüdischer Friedhof
         <geo decls="#WGS">53.549373 9.950545</geo>
         <location>
          <geo decls='Planquadrat'>AH</geo>
         </location>
         <location>
          <geo decls='Feld Grabnummer'>N 3086</geo>
         </location>
        </geogName>
       </settlement>
      </origin>
     </history>
    </msDesc>
   </sourceDesc>
  </fileDesc>
  <encodingDesc>
   <p>Encoded according to the EpiDoc Guidelines, Schema Version 8.18</p>
   <classDecl>
    <taxonomy>
     <category xml:id='foto1'>
      <catDesc>
       <persName ref='http://d-nb.info/gnd/128472499' role='photographer'>
        Bert Sommer, 
        <orgName ref="http://d-nb.info/gnd/212562-6">Steinheim-Institut</orgName>
       </persName>
      </catDesc>
     </category>
     <category xml:id='foto6'>
      <catDesc>Fundstücke, Dan Bondy</catDesc>
     </category>
     <category xml:id='foto5'>
      <catDesc>Denkmalpflegerische Massnahme</catDesc>
     </category>
     <category xml:id='foto4'>
      <catDesc>^# Denkmalschutzamt Hamburg</catDesc>
     </category>
     <category xml:id='foto3'>
      <catDesc>Eduard Duckesz Glasplatten ^# CAHJP Jerusalem, Glasplatten: HMB/2452, Inv 2326 · Digitalisat: CDB/5-7</catDesc>
     </category>
     <category xml:id='foto2'>
      <catDesc>Historische Aufnahmen [Mikrofilme] ^# Staatsarchiv Hamburg, Bestand 741-4 Fotoarchiv, Signatur P 2333</catDesc>
     </category>
     <category xml:id='foto7'>
      <catDesc>Aufgenommen in der Synagoge Innsbruck</catDesc>
     </category>
    </taxonomy>
   </classDecl>
   <geoDecl xml:id="WGS" datum="WGS84">World Geodetic System</geoDecl>
  </encodingDesc>
  <profileDesc>
   <particDesc>
    <listPerson>
     <person xml:id="hha-129-1" sex='1'>
      <persName>Seew Wolf Mosche ben Awraham Halevi</persName>
       <event when='1777-05-24' type="dateofdeath">
       <desc/>
      </event>
     </person>
    </listPerson>
   </particDesc>
    <langUsage>
    <!-- According to bcp47 http://tools.ietf.org/html/bcp47 (Language) and ISO15924 (writing System)-->
    <language ident='he' usage='100'>Hebrew</language>
   </langUsage>
  </profileDesc>
   <revisionDesc>
   <change/>
  </revisionDesc>
 </teiHeader>
 <facsimile>
  <graphic url='http://steinheim-institut.de/daten/picshha/xl/0129_AH_0105030116.jpg'>
    <desc>
    <ref target='#foto1'/>
    <date when='2001-05-03'/>
    recto
   </desc>
  </graphic>
 </facsimile>
 <text>
  <body>
   <div type='edition'>
    <head>Edition</head>
     <ab>
     <lb n='1'/>
     ‎‏פ״נ‏‎
‏‎     <lb n='2'/>
     ‎‏זקן הגיע לגבורות בנן של‏‎
‏‎     <lb n='3'/>
     ‎‏קדושים דור חמישי מהרב‏‎
‏‎     <lb n='4'/>
     ‎‏הגדול החסיד המפורסם‏‎
‏‎     <lb n='5'/>
     ‎‏בהמ״ס של״ה זצלה״ה‏‎
‏‎     <lb n='6'/>
     ‎‏אחוזת אבותיו ירש בתורה‏‎
‏‎     <lb n='7'/>
     ‎‏וביראה בבית המדרש‏‎
‏‎     <lb n='8'/>
     ‎‏דקהילתינו למד כמה שנים‏‎
‏‎     <lb n='9'/>
     ‎‏בהתמדה ׃ ה״ה הרבני מה״ו‏‎
‏‎     <lb n='10'/>
     ‎‏זאב וואלף משה ב׳ הדיין‏‎
‏‎     <lb n='11'/>
     ‎‏מה״ו אברהם הלוי מפוזן‏‎
‏‎     <lb n='12'/>
     ‎‏זצ״ל הורוויץ נפטר בש״ט‏‎
‏‎     <lb n='13'/>
     ‎‏בש״ק ונקבר ביום א׳ ל״ג‏‎
‏‎     <lb n='14'/>
     ‎‏בעומר שנת שכר טוב‏‎
‏‎     <lb n='15'/>
     ‎‏תנצב״ה‏‎
‏‎    </ab>
   </div>
   <div type='translation'>
    <head>Übersetzung</head>
     <ab>
     <lb n='1'/>
     Hier ist begraben
     <lb n='2'/>
     ein Betagter, hohes Alter erreichte er, Sohn von
     <lb n='3'/>
     Heiligen, fünfte Generation nach dem großen
     <lb n='4'/>
     Rabbiner, dem weitbekannten Frommen,
     <lb n='5'/>
     Verfasser des Schloh, das Andenken des Gerechten zum Segen für das Leben in der künftigen Welt,
     <lb n='6'/>
     das Gut seiner Ahnen erbte er in Tora
     <lb n='7'/>
     und (Gottes)furcht, im Lehrhaus
     <lb n='8'/>
     unserer Gemeinde lernte er mehrere Jahre mit
     <lb n='9'/>
     Beständigkeit, es ist der Rabbinische, unser Lehrer, der Meister, Herr
     <lb n='10'/>
     Seew Wolf Mosche, Sohn des Rabbinatsassessors,
     <lb n='11'/>
     unseres Lehrers, des Meisters, Herrn Awraham Halevi aus Posen,
     <lb n='12'/>
     das Andenken des Gerechten zum Segen, Horwitz, verschieden ›mit gutem Namen‹
     <lb n='13'/>
     am heiligen Schabbat und begraben am Tag 1, LaG
     <lb n='14'/>
     baOmer des Jahres Guter Lohn.
     <lb n='15'/>
     Seine Seele sei eingebunden in das Bündel des Lebens
    </ab>
   </div>
   <div type="commentary" subtype="Zitate">
    <head>Zitate</head>
    <p>Zl 12: bBer 17a</p>
   </div>
   <div type='commentary' subtype='Stilmittel'>
    <head>Stilmittel</head>
    <p>
     <label>Chronogramm</label>
      in Zl 14 mit dem Zahlenwert 537.
    </p>
    <p>
     <label>Akrostichon</label>
      in Zeilen 2, 6-7: ‎‏זאב‏‎ Seew
    </p>
   </div>
   <div type="commentary" subtype="Zeilenkommentar">
    <head>Zeilenkommentar</head>
    <p>Zl 2a: Nach Ps 90,10 und Av 5,21 ist damit das Alter von 80 Jahren gemeint. Siehe auch die Auslegung in MQ 28a (in der Goldschmidt-Übersetzung): "... wer aber ein hohes Alter erreicht, für den ist dies ein Tod mit einem Kusse".</p>
    <p>Zln 2b/3a: bPes 104a; hier sind besonders Gelehrte und darum hochverehrte Rabbiner gemeint.</p>
    <p>Zln 3b-5: Jeschajahu Horowitz (Polen oder Prag, ca. 1565 - Tiberias, 1630), Talmudgelehrter und Kabbalist, nach seinem Hauptwerk (‎‏שני לוחות הברית‏‎) ‎‏של״ה‏‎ (die zwei Tafeln), Schelah bzw. jiddisch Schloh genannt. Erstmals in Amsterdam 1660/61 gedruckt, erlangte das Werk große Popularität und erfuhr zahllose Nachdrucke. Selten ist die genaue Anzahl der Generationenfolge angegeben, häufiger ist sie mit der Angabe (‎‏נין ונכד‏‎) "Enkel und Urenkel" allgemeiner gehalten.</p>
    <p>Zl 6a: Lev 25,41.</p>
    <p>Zln 8/9: Das Substantiv "mit Beständigkeit" legt die Übersetzung mit "lernte" nahe, obwohl vom Kontext her genauso "lehrte" zuträfe.</p>
    <p>Zl 12: Der Name wurde nach dem Grabbuch mit Horwitz wiedergegeben, Grunwald schreibt Hurwitz, sein Ahne, der "Shlah" wird meist Horowitz geschrieben.</p>
   </div>
   <div type="commentary" subtype="Endkommentar">
    <head>Endkommentar</head>
    <p>
     Das Grabmal stand vermutlich schon Anfang der 40er Jahre, als die histor. Aufnahmen entstanden, nicht mehr an seiner ursprünglichen Stelle. Die Grabmale links (Nr. 
     <ref target="http://steinheim-institut.de/cgi-bin/epidat?id=hha-1582-t">hha-1582</ref>
     , N 3087) und rechts (N 3085) davon folgen in der Aufnahmereihe unmittelbar aufeinander.
    </p>
    <p>
     Die Inschrift nennt ihn Seew Wolf Mosche Sohn des Awraham Halevi Horwitz; sein shha-Eintrag: Wolf von der Klause und der shha-Eintrag des später neben ihm begrabenen Josef Löb Pfersee (Nr. 
     <ref target="http://steinheim-institut.de/cgi-bin/epidat?id=hha-1582-t">hha-1582</ref>
     ) schreibt den Namen Wolf Klausner.
    </p>
   </div>
   <div type="commentary" subtype="Prosopographie">
    <head>Prosopographie</head>
   </div>
   <div type="bibliography">
    <head>Bibliographie</head>
    <p>to be done ...</p>
   </div>
  </body>
 </text>
</TEI>
