﻿<?xml version="1.0" encoding="UTF-8"?>
<?xml-model href="http://www.stoa.org/epidoc/schema/8.18/tei-epidoc.rng" schematypens="http://relaxng.org/ns/structure/1.0"?>
<TEI xmlns:xi="http://www.w3.org/2001/XInclude" xmlns:svg="http://www.w3.org/2000/svg" xmlns:math="http://www.w3.org/1998/Math/MathML" xmlns="http://www.tei-c.org/ns/1.0">
 <teiHeader>
  <fileDesc>
   <titleStmt>
    <title xml:lang='de'>Grabmal für Israel ben Mosche Fürst, gest. 1710-09-02, Jüdischer Friedhof Hamburg-Altona, Königstraße</title>
    <respStmt xml:lang="de">
     <resp>herausgegeben vom</resp>
     <orgName ref="http://d-nb.info/gnd/212562-6">
      Salomon Ludwig Steinheim-Institut
      <address>
       <addrLine>Edmund-Körner-Platz 2</addrLine>
       <addrLine>D-45127 Essen</addrLine>
      </address>
     </orgName>
    </respStmt>
   </titleStmt>
    <editionStmt>
    <edition/>
   </editionStmt>
   <extent/>
   <publicationStmt>
    <publisher>
     <orgName ref="http://d-nb.info/gnd/212562-6">
      Salomon Ludwig Steinheim-Institut 
      <address>
       <addrLine>Edmund-Körner-Platz 2</addrLine>
       <addrLine>D-45127 Essen</addrLine>
      </address>
     </orgName>
    </publisher>
    <idno>hha-1278</idno>
    <idno type="url">http://www.steinheim-institut.de/cgi-bin/epidat?id=hha-1278</idno>
    <availability xml:lang="en" status="free">
     <licence>
      <ref target="http://creativecommons.org/licenses/by/4.0/">Distributed under a Creative Commons licence Attribution-BY 4.0</ref>
      <p>
       All reuse or distribution of this work must contain somewhere a link back to the URL 
       <ref>http://www.steinheim-institut.de/cgi-bin/epidat?id=hha-1278</ref>
      </p>
     </licence>
    </availability>
   </publicationStmt>
    <notesStmt>
    <note/>
   </notesStmt>
   <sourceDesc>
    <bibl>born digital</bibl>
     <msDesc>
     <msIdentifier/>
     <physDesc>
      <objectDesc>
       <supportDesc>
        <support>
         <p>
          <material>Sandstein</material>
          <dimensions>
           <dim>1,530 x 0,580 x 0,120 m</dim>
          </dimensions>
         </p>
        </support>
        <condition>
         <p>
          <date>2006</date>
           non in situ Beschädigung leicht
         </p>
        </condition>
       </supportDesc>
        <layoutDesc>
        <layout/>
       </layoutDesc>
      </objectDesc>
      <handDesc>
       <handNote>Schrift erhaben</handNote>
      </handDesc>
     </physDesc>
     <history>
      <origin>
       <date notBefore='1710-09-02'>1710-09-02</date>
       <country type="ISO_3166" key="XA-DE-HH">
        Germany
        <region>Hamburg</region>
       </country>
       <settlement type='city' key='tgn:7012310'>
        Hamburg-Altona, Königstraße 
        <geogName>
         Jüdischer Friedhof
         <geo decls="#WGS">53.549373 9.950545</geo>
         <location>
          <geo decls='Planquadrat'>EL</geo>
         </location>
         <location>
          <geo decls='Feld Grabnummer'>S 1393</geo>
         </location>
        </geogName>
       </settlement>
      </origin>
     </history>
    </msDesc>
   </sourceDesc>
  </fileDesc>
  <encodingDesc>
   <p>Encoded according to the EpiDoc Guidelines, Schema Version 8.18</p>
   <classDecl>
    <taxonomy>
     <category xml:id='foto1'>
      <catDesc>
       <persName ref='http://d-nb.info/gnd/128472499' role='photographer'>
        Bert Sommer, 
        <orgName ref="http://d-nb.info/gnd/212562-6">Steinheim-Institut</orgName>
       </persName>
      </catDesc>
     </category>
     <category xml:id='foto6'>
      <catDesc>Fundstücke, Dan Bondy</catDesc>
     </category>
     <category xml:id='foto5'>
      <catDesc>Denkmalpflegerische Massnahme</catDesc>
     </category>
     <category xml:id='foto4'>
      <catDesc>^# Denkmalschutzamt Hamburg</catDesc>
     </category>
     <category xml:id='foto3'>
      <catDesc>Eduard Duckesz Glasplatten ^# CAHJP Jerusalem, Glasplatten: HMB/2452, Inv 2326 · Digitalisat: CDB/5-7</catDesc>
     </category>
     <category xml:id='foto2'>
      <catDesc>Historische Aufnahmen [Mikrofilme] ^# Staatsarchiv Hamburg, Bestand 741-4 Fotoarchiv, Signatur P 2333</catDesc>
     </category>
     <category xml:id='foto7'>
      <catDesc>Aufgenommen in der Synagoge Innsbruck</catDesc>
     </category>
    </taxonomy>
   </classDecl>
   <geoDecl xml:id="WGS" datum="WGS84">World Geodetic System</geoDecl>
  </encodingDesc>
  <profileDesc>
   <particDesc>
    <listPerson>
     <person xml:id="hha-1278-1" sex='1'>
      <persName>Israel ben Mosche Fürst</persName>
       <event when='1710-09-02' type="dateofdeath">
       <desc/>
      </event>
     </person>
    </listPerson>
   </particDesc>
    <langUsage>
    <!-- According to bcp47 http://tools.ietf.org/html/bcp47 (Language) and ISO15924 (writing System)-->
    <language ident='he' usage='100'>Hebrew</language>
   </langUsage>
  </profileDesc>
   <revisionDesc>
   <change/>
  </revisionDesc>
 </teiHeader>
 <facsimile>
  <graphic url='http://steinheim-institut.de/daten/picshha/xl/1278_EL_0110080124.jpg'>
    <desc>
    <ref target='#foto1'/>
    <date when='2001-10-08'/>
    recto
   </desc>
  </graphic>
  <graphic url='http://steinheim-institut.de/daten/picshha/xl/mf/04/00000233.jpg'>
    <desc>
    <ref target='#foto2'/>
   </desc>
  </graphic>
 </facsimile>
 <text>
  <body>
   <div type='edition'>
    <head>Edition</head>
     <ab>
     <lb n='1'/>
     ‎‏פ״נ‏‎
‏‎     <lb n='2'/>
     ‎‏זקן ושבע‏‎
‏‎     <lb n='3'/>
     ‎‏ימים ושנים כסדרן עמו ׃‏‎
‏‎     <lb n='4'/>
     ‎‏שתדלן ודורש טוב לעמו ׃‏‎
‏‎     <lb n='5'/>
     ‎‏רבנן מוקיר גם ידו לאל ׃‏‎
‏‎     <lb n='6'/>
     ‎‏אהב תורה מחתניו טעמו ׃‏‎
‏‎     <lb n='7'/>
     ‎‏לזה ראוי תת כבוד לשמו ׃‏‎
‏‎     <lb n='8'/>
     ‎‏ה״ה האלוף פו״מ כמר ישראל ׃‏‎
‏‎     <lb n='9'/>
     ‎‏בר משה פערשט ז״ל‏‎
‏‎     <lb n='10'/>
     ‎‏נפטר ונקבר יום ג׳ ז׳ אלול‏‎
‏‎     <lb n='11'/>
     ‎‏ת״ע לפ״ק‏‎
‏‎     <lb n='12'/>
     ‎‏תנצב״ה‏‎
‏‎    </ab>
   </div>
   <div type='translation'>
    <head>Übersetzung</head>
     <ab>
     <lb n='1'/>
     Hier ist begraben
     <lb n='2'/>
     ›ein Betagter und satt
     <lb n='3'/>
     an Tagen und Jahren‹, wie der Ordner seines Volkes,
     <lb n='4'/>
     Fürsprecher und auf das Beste für sein Volk bedacht,
     <lb n='5'/>
     die Gelehrten ehrt er, ›seine Hand richtet sich zu Gott‹,
     <lb n='6'/>
     die Tora liebte er, von seinen Schwiegersöhnen war sein Sinn,
     <lb n='7'/>
     daher ist es recht, seinem Namen Ehre zu geben,
     <lb n='8'/>
     es ist der Vornehme, der Vorsteher und Leiter, der geehrte Herr Israel,
     <lb n='9'/>
     Sohn des Mosche Fürst, sein Andenken zum Segen,
     <lb n='10'/>
     verschieden und begraben Tag 3, 7. Elul
     <lb n='11'/>
     470 der kleinen Zählung.
     <lb n='12'/>
     Seine Seele sei eingebunden in das Bündel des Lebens
    </ab>
   </div>
   <div type="commentary" subtype="Zitate">
    <head>Zitate</head>
    <p>Zl 2f: Vgl. Gen 35,29</p>
    <p>Zl 5: nach Gen 31,29</p>
   </div>
   <div type='commentary' subtype='Stilmittel'>
    <head>Stilmittel</head>
    <p>Verseulogie: sechszeiliges Namensgedicht mit Reim aabaab und Akrostichon; vierhebige Verse</p>
    <p>
     <label>Reim</label>
      auf -amo und -el in Zln 3-8 (den Namen einschließend).
    </p>
    <p>
     <label>Akrostichon</label>
      in Zeilen 3-7: ‎‏ישראל‏‎ Israel
    </p>
   </div>
   <div type="commentary" subtype="Endkommentar">
    <head>Endkommentar</head>
    <p>Der Fürsprecher: Mit Bezug auf den langjährigen Gemeindevorsteher Israel Fürst, den seinerzeit mächtigsten Mann in der Dreigemeinde, entwirft der Dichter sein Ideal des jüdischen Politikers, der nach innen Streitigkeiten schlichtet, nach außen die jüdische Gemeinde vorteilhaft darstellt, Talmudgelehrte unterstützt und einige davon sogar zu seinen Schwiegersöhnen erwählt.</p>
   </div>
   <div type="commentary" subtype="Prosopographie">
    <head>Prosopographie</head>
   </div>
   <div type="bibliography">
    <head>Bibliographie</head>
    <p>to be done ...</p>
   </div>
  </body>
 </text>
</TEI>
