﻿<?xml version="1.0" encoding="UTF-8"?>
<?xml-model href="http://www.stoa.org/epidoc/schema/8.18/tei-epidoc.rng" schematypens="http://relaxng.org/ns/structure/1.0"?>
<TEI xmlns:xi="http://www.w3.org/2001/XInclude" xmlns:svg="http://www.w3.org/2000/svg" xmlns:math="http://www.w3.org/1998/Math/MathML" xmlns="http://www.tei-c.org/ns/1.0">
 <teiHeader>
  <fileDesc>
   <titleStmt>
    <title xml:lang='de'>Grabmal für Uri Feiwesch ben Mosche Joel, gest. 1704-06-10, Jüdischer Friedhof Hamburg-Altona, Königstraße</title>
    <respStmt xml:lang="de">
     <resp>herausgegeben vom</resp>
     <orgName ref="http://d-nb.info/gnd/212562-6">
      Salomon Ludwig Steinheim-Institut
      <address>
       <addrLine>Edmund-Körner-Platz 2</addrLine>
       <addrLine>D-45127 Essen</addrLine>
      </address>
     </orgName>
    </respStmt>
   </titleStmt>
    <editionStmt>
    <edition/>
   </editionStmt>
   <extent/>
   <publicationStmt>
    <publisher>
     <orgName ref="http://d-nb.info/gnd/212562-6">
      Salomon Ludwig Steinheim-Institut 
      <address>
       <addrLine>Edmund-Körner-Platz 2</addrLine>
       <addrLine>D-45127 Essen</addrLine>
      </address>
     </orgName>
    </publisher>
    <idno>hha-1378</idno>
    <idno type="url">http://www.steinheim-institut.de/cgi-bin/epidat?id=hha-1378</idno>
    <availability xml:lang="en" status="free">
     <licence>
      <ref target="http://creativecommons.org/licenses/by/4.0/">Distributed under a Creative Commons licence Attribution-BY 4.0</ref>
      <p>
       All reuse or distribution of this work must contain somewhere a link back to the URL 
       <ref>http://www.steinheim-institut.de/cgi-bin/epidat?id=hha-1378</ref>
      </p>
     </licence>
    </availability>
   </publicationStmt>
    <notesStmt>
    <note/>
   </notesStmt>
   <sourceDesc>
    <bibl>born digital</bibl>
     <msDesc>
     <msIdentifier/>
     <physDesc>
      <objectDesc>
       <supportDesc>
        <support>
         <p>
          <material>Stein</material>
         </p>
        </support>
        <condition>
         <p>
          <date>2006</date>
           non in situ Beschädigung schwer
         </p>
        </condition>
       </supportDesc>
        <layoutDesc>
        <layout/>
       </layoutDesc>
      </objectDesc>
      <handDesc>
       <handNote>Schrift erhaben</handNote>
      </handDesc>
     </physDesc>
     <history>
      <origin>
       <date notBefore='1704-06-10'>1704-06-10</date>
       <country type="ISO_3166" key="XA-DE-HH">
        Germany
        <region>Hamburg</region>
       </country>
       <settlement type='city' key='tgn:7012310'>
        Hamburg-Altona, Königstraße 
        <geogName>
         Jüdischer Friedhof
         <geo decls="#WGS">53.549373 9.950545</geo>
         <location>
          <geo decls='Planquadrat'>EM</geo>
         </location>
         <location>
          <geo decls='Feld Grabnummer'>S 1279</geo>
         </location>
        </geogName>
       </settlement>
      </origin>
     </history>
    </msDesc>
   </sourceDesc>
  </fileDesc>
  <encodingDesc>
   <p>Encoded according to the EpiDoc Guidelines, Schema Version 8.18</p>
   <classDecl>
    <taxonomy>
     <category xml:id='foto1'>
      <catDesc>
       <persName ref='http://d-nb.info/gnd/128472499' role='photographer'>
        Bert Sommer, 
        <orgName ref="http://d-nb.info/gnd/212562-6">Steinheim-Institut</orgName>
       </persName>
      </catDesc>
     </category>
     <category xml:id='foto6'>
      <catDesc>Fundstücke, Dan Bondy</catDesc>
     </category>
     <category xml:id='foto5'>
      <catDesc>Denkmalpflegerische Massnahme</catDesc>
     </category>
     <category xml:id='foto4'>
      <catDesc>^# Denkmalschutzamt Hamburg</catDesc>
     </category>
     <category xml:id='foto3'>
      <catDesc>Eduard Duckesz Glasplatten ^# CAHJP Jerusalem, Glasplatten: HMB/2452, Inv 2326 · Digitalisat: CDB/5-7</catDesc>
     </category>
     <category xml:id='foto2'>
      <catDesc>Historische Aufnahmen [Mikrofilme] ^# Staatsarchiv Hamburg, Bestand 741-4 Fotoarchiv, Signatur P 2333</catDesc>
     </category>
     <category xml:id='foto7'>
      <catDesc>Aufgenommen in der Synagoge Innsbruck</catDesc>
     </category>
    </taxonomy>
   </classDecl>
   <geoDecl xml:id="WGS" datum="WGS84">World Geodetic System</geoDecl>
  </encodingDesc>
  <profileDesc>
   <particDesc>
    <listPerson>
     <person xml:id="hha-1378-1" sex='1'>
      <persName>Uri Feiwesch ben Mosche Joel</persName>
       <event when='1704-06-10' type="dateofdeath">
       <desc/>
      </event>
     </person>
    </listPerson>
   </particDesc>
    <langUsage>
    <!-- According to bcp47 http://tools.ietf.org/html/bcp47 (Language) and ISO15924 (writing System)-->
    <language ident='he' usage='100'>Hebrew</language>
   </langUsage>
  </profileDesc>
   <revisionDesc>
   <change/>
  </revisionDesc>
 </teiHeader>
 <facsimile>
  <graphic url='http://steinheim-institut.de/daten/picshha/xl/1378_EM_0110150237.jpg'>
    <desc>
    <ref target='#foto1'/>
    <date when='2001-10-15'/>
    recto
   </desc>
  </graphic>
  <graphic url='http://steinheim-institut.de/daten/picshha/xl/mf/04/00000136.jpg'>
    <desc>
    <ref target='#foto2'/>
   </desc>
  </graphic>
  <graphic url='http://steinheim-institut.de/daten/picshha/xl/1376_EM_0110050227.jpg'>
    <desc>
    <ref target='#foto1'/>
    <date when='2001-10-05'/>
    Fragment recto
   </desc>
  </graphic>
 </facsimile>
 <text>
  <body>
   <div type='edition'>
    <head>Edition</head>
     <ab>
     <lb n='1'/>
     ‎‏פ״נ‏‎
‏‎     <lb n='2'/>
     ‎‏גבר בגוברין‏‎
‏‎     <lb n='3'/>
     ‎‏פועל טבא ותגרא רמא·‏‎
‏‎     <lb n='4'/>
     ‎‏ישב אהל מקנה עד ימא·‏‎
‏‎     <lb n='5'/>
     ‎‏יצא בלא זמנו בד לבש׃‏‎
‏‎     <lb n='6'/>
     ‎‏ביתו פתח לעניי עמא·‏‎
‏‎     <lb n='7'/>
     ‎‏שם לו באמירה נעימא·‏‎
‏‎     <lb n='8'/>
     ‎‏האלוף כ׳ אורי פייבש׃‏‎
‏‎     <lb n='9'/>
     ‎‏בר משה יואל ז״ל נפטר‏‎
‏‎     <lb n='10'/>
     ‎‏ונקבר יום ג׳ אסרו חג‏‎
‏‎     <lb n='11'/>
     ‎‏של שבועות ח׳ סיון שנת‏‎
‏‎     <lb n='12'/>
     ‎‏תס״ד לפ״ק‏‎
‏‎     <lb n='13'/>
     ‎‏תנצב״ה‏‎
‏‎    </ab>
   </div>
   <div type='translation'>
    <head>Übersetzung</head>
     <ab>
     <lb n='1'/>
     Hier ist begraben
     <lb n='2'/>
     ›ein Mann unter Männern‹, 
     <lb n='3'/>
     der Gutes tat, ein großer Kaufmann,
     <lb n='4'/>
     ›saß in Zelt und Herde‹ bis zum (letzten) Tag,
     <lb n='5'/>
     da er vorzeitig ausging, in Linnen bekleidet.
     <lb n='6'/>
     Sein Haus öffnete er den Armen des Volkes,
     <lb n='7'/>
     Ruhm ward ihm wegen seiner angenehmen Rede,
     <lb n='8'/>
     der Vornehme, der geehrte Uri Feiwesch,
     <lb n='9'/>
     Sohn des Mosche Joel, sein Andenken zum Segen, verschieden
     <lb n='10'/>
     und begraben Tag 3, Nachfeiertag
     <lb n='11'/>
     des Wochenfestes, 8. Sivan des Jahres
     <lb n='12'/>
     464 der kleinen Zählung.
     <lb n='13'/>
     Seine Seele sei eingebunden in das Bündel des Lebens
    </ab>
   </div>
   <div type="commentary" subtype="Zitate">
    <head>Zitate</head>
    <p>Zl 2: bBer 31b</p>
    <p>Zl 4: Gen 4,20</p>
   </div>
   <div type='commentary' subtype='Stilmittel'>
    <head>Stilmittel</head>
    <p>Verseulogie: sechszeiliges Namensgedicht mit Reim aabaab und Akrostichon; vierhebige Verse</p>
    <p>
     <label>Reim</label>
      auf -ma in Zln 2,4,6,7 und -wesch in Zln 5 und 8 (den Namen einschließend).
    </p>
    <p>
     <label>Akrostichon</label>
      in Zeilen 3-7: ‎‏פייבש‏‎ Feiwesch
    </p>
   </div>
   <div type="commentary" subtype="Endkommentar">
    <head>Endkommentar</head>
    <p>Der Großkaufmann. Das Grabgedicht für den Kaufmann Uri-Feiwesch stellt dessen Wohlstand, ökonomische Macht, Arbeits- und Führungskraft in den Mittelpunkt. Seine unablässige Tätigkeit im Kontor, dichterisch zum biblischen "Zelt" verklärt, zieht ihre Ehrbarkeit aus der damit verbundenen Wohltätigkeit und dem abgeklärten Bewusstsein der Nachwelt, dass auch der Reiche sein vornehmes Gewand früh mit dem leinenen Totenhemd vertauschen musste.</p>
   </div>
   <div type="commentary" subtype="Prosopographie">
    <head>Prosopographie</head>
   </div>
   <div type="bibliography">
    <head>Bibliographie</head>
    <p>to be done ...</p>
   </div>
  </body>
 </text>
</TEI>
