﻿<?xml version="1.0" encoding="UTF-8"?>
<?xml-model href="http://www.stoa.org/epidoc/schema/8.18/tei-epidoc.rng" schematypens="http://relaxng.org/ns/structure/1.0"?>
<TEI xmlns:xi="http://www.w3.org/2001/XInclude" xmlns:svg="http://www.w3.org/2000/svg" xmlns:math="http://www.w3.org/1998/Math/MathML" xmlns="http://www.tei-c.org/ns/1.0">
 <teiHeader>
  <fileDesc>
   <titleStmt>
    <title xml:lang='de'>Grabmal für Sara Juta Lea bat Eljahu Oppenheim ∞ Jokew ben Mosche KaZ, gest. 1776-06-14, Jüdischer Friedhof Hamburg-Altona, Königstraße</title>
    <respStmt xml:lang="de">
     <resp>herausgegeben vom</resp>
     <orgName ref="http://d-nb.info/gnd/212562-6">
      Salomon Ludwig Steinheim-Institut
      <address>
       <addrLine>Edmund-Körner-Platz 2</addrLine>
       <addrLine>D-45127 Essen</addrLine>
      </address>
     </orgName>
    </respStmt>
   </titleStmt>
    <editionStmt>
    <edition/>
   </editionStmt>
   <extent/>
   <publicationStmt>
    <publisher>
     <orgName ref="http://d-nb.info/gnd/212562-6">
      Salomon Ludwig Steinheim-Institut 
      <address>
       <addrLine>Edmund-Körner-Platz 2</addrLine>
       <addrLine>D-45127 Essen</addrLine>
      </address>
     </orgName>
    </publisher>
    <idno>hha-1588</idno>
    <idno type="url">http://www.steinheim-institut.de/cgi-bin/epidat?id=hha-1588</idno>
    <availability xml:lang="en" status="free">
     <licence>
      <ref target="http://creativecommons.org/licenses/by/4.0/">Distributed under a Creative Commons licence Attribution-BY 4.0</ref>
      <p>
       All reuse or distribution of this work must contain somewhere a link back to the URL 
       <ref>http://www.steinheim-institut.de/cgi-bin/epidat?id=hha-1588</ref>
      </p>
     </licence>
    </availability>
   </publicationStmt>
    <notesStmt>
    <note/>
   </notesStmt>
   <sourceDesc>
    <bibl>born digital</bibl>
     <msDesc>
     <msIdentifier/>
     <physDesc>
      <objectDesc>
       <supportDesc>
        <support>
         <p>
          <material>Sandstein</material>
          <dimensions>
           <dim>1,400 x 0,720 x 0,140 m</dim>
          </dimensions>
         </p>
        </support>
        <condition>
         <p>
          <date>2006</date>
           non in situ Beschädigung mittel 
          <damage agent='Verwitterung'>Verwitterung mittel</damage>
         </p>
        </condition>
       </supportDesc>
        <layoutDesc>
        <layout/>
       </layoutDesc>
      </objectDesc>
      <handDesc>
       <handNote>Schrift erhaben</handNote>
      </handDesc>
      <decoDesc>
       <decoNote type='symbol'>geknickte Blume</decoNote>
       <decoNote type='ornament'>floral; gestalterisch: aufgespannter Mantel</decoNote>
      </decoDesc>
     </physDesc>
     <history>
      <origin>
       <date notBefore='1776-06-14'>1776-06-14</date>
       <country type="ISO_3166" key="XA-DE-HH">
        Germany
        <region>Hamburg</region>
       </country>
       <settlement type='city' key='tgn:7012310'>
        Hamburg-Altona, Königstraße 
        <geogName>
         Jüdischer Friedhof
         <geo decls="#WGS">53.549373 9.950545</geo>
         <location>
          <geo decls='Planquadrat'>FD</geo>
         </location>
         <location>
          <geo decls='Feld Grabnummer'>N 3082</geo>
         </location>
        </geogName>
       </settlement>
      </origin>
     </history>
    </msDesc>
   </sourceDesc>
  </fileDesc>
  <encodingDesc>
   <p>Encoded according to the EpiDoc Guidelines, Schema Version 8.18</p>
   <classDecl>
    <taxonomy>
     <category xml:id='foto1'>
      <catDesc>
       <persName ref='http://d-nb.info/gnd/128472499' role='photographer'>
        Bert Sommer, 
        <orgName ref="http://d-nb.info/gnd/212562-6">Steinheim-Institut</orgName>
       </persName>
      </catDesc>
     </category>
     <category xml:id='foto6'>
      <catDesc>Fundstücke, Dan Bondy</catDesc>
     </category>
     <category xml:id='foto5'>
      <catDesc>Denkmalpflegerische Massnahme</catDesc>
     </category>
     <category xml:id='foto4'>
      <catDesc>^# Denkmalschutzamt Hamburg</catDesc>
     </category>
     <category xml:id='foto3'>
      <catDesc>Eduard Duckesz Glasplatten ^# CAHJP Jerusalem, Glasplatten: HMB/2452, Inv 2326 · Digitalisat: CDB/5-7</catDesc>
     </category>
     <category xml:id='foto2'>
      <catDesc>Historische Aufnahmen [Mikrofilme] ^# Staatsarchiv Hamburg, Bestand 741-4 Fotoarchiv, Signatur P 2333</catDesc>
     </category>
     <category xml:id='foto7'>
      <catDesc>Aufgenommen in der Synagoge Innsbruck</catDesc>
     </category>
    </taxonomy>
   </classDecl>
   <geoDecl xml:id="WGS" datum="WGS84">World Geodetic System</geoDecl>
  </encodingDesc>
  <profileDesc>
   <particDesc>
    <listPerson>
     <person xml:id="hha-1588-1" sex='2'>
      <persName>Sara Juta Lea bat Eljahu Oppenheim ∞ Jokew ben Mosche KaZ</persName>
       <event when='1776-06-14' type="dateofdeath">
       <desc/>
      </event>
     </person>
    </listPerson>
   </particDesc>
    <langUsage>
    <!-- According to bcp47 http://tools.ietf.org/html/bcp47 (Language) and ISO15924 (writing System)-->
    <language ident='he' usage='100'>Hebrew</language>
   </langUsage>
  </profileDesc>
   <revisionDesc>
   <change/>
  </revisionDesc>
 </teiHeader>
 <facsimile>
  <graphic url='http://steinheim-institut.de/daten/picshha/xl/1588xFD_0110160127.jpg'>
    <desc>
    <ref target='#foto1'/>
    <date when='2001-10-16'/>
    schriftlos
   </desc>
  </graphic>
  <graphic url='http://steinheim-institut.de/daten/picshha/xl/mf/02/00000409.jpg'>
    <desc>
    <ref target='#foto2'/>
   </desc>
  </graphic>
  <graphic url='http://steinheim-institut.de/daten/picshha/xl/mf/02/00000410.jpg'>
    <desc>
    <ref target='#foto2'/>
   </desc>
  </graphic>
  <graphic url='http://steinheim-institut.de/daten/picshha/xl/mf/02/00000460.jpg'>
    <desc>
    <ref target='#foto2'/>
   </desc>
  </graphic>
  <graphic url='http://steinheim-institut.de/daten/picshha/xl/mf/15/00000066.jpg'>
    <desc>
    <ref target='#foto2'/>
   </desc>
  </graphic>
  <graphic url='http://steinheim-institut.de/daten/picshha/xl/1717_FE_0110190131.jpg'>
    <desc>
    <ref target='#foto1'/>
    <date when='2001-10-19'/>
    Fragment recto
   </desc>
  </graphic>
 </facsimile>
 <text>
  <body>
   <div type='edition'>
    <head>Edition</head>
     <ab>
     <lb n='1'/>
     ‎‏רבות בנות עשו חיל ואת עלית על כולנו‏‎
‏‎     <lb n='2'/>
     ‎‏פ״ט‏‎
‏‎     <lb n='3'/>
     ‎‏הגבירה עטרת בע[לה] ׃ היתה‏‎
‏‎     <lb n='4'/>
     ‎‏משוש כל הארץ כ[(י)] כפה‏‎
‏‎     <lb n='5'/>
     ‎‏פרשה לעני וידי[׳] שלחה‏‎
‏‎     <lb n='6'/>
     ‎‏לאביון גמלת חסד לעניים‏‎
‏‎     <lb n='7'/>
     ‎‏ולעשיר[ם] בת גומל חסד ה״ה‏‎
‏‎     <lb n='8'/>
     ‎‏היקרה מ׳ [שרה י]וטה לאה בת‏‎
‏‎     <lb n='9'/>
     ‎‏פ״ו מה״ו אליה׳ אפנ[היי]ם אשת‏‎
‏‎     <lb n='10'/>
     ‎‏פ״ו כ״ה יאקב בן פ״ו כ״ה משה כ״ץ‏‎
‏‎     <lb n='11'/>
     ‎‏מפ״פ דאדר נפטרת ונקבר׳‏‎
‏‎     <lb n='12'/>
     ‎‏עש״ק ך״ז סיון תקל״ו לפ״ק‏‎
‏‎     <lb n='13'/>
     ‎‏תנצב״ה ‏‎
‏‎    </ab>
   </div>
   <div type='translation'>
    <head>Übersetzung</head>
     <ab>
     <lb n='1'/>
     ›Viele Töchter haben sich wacker erwiesen, du aber übertriffst uns alle‹.
     <lb n='2'/>
     Hier ist geborgen
     <lb n='3'/>
     die Stattliche, ›Krone ihres Ga[tten],‹ sie war
     <lb n='4'/>
     die Wonne aller Erde, denn sie öffnete
     <lb n='5'/>
     ›ihre Hand dem Armen, und reichte ihre Hände
     <lb n='6'/>
     dem Bedürftigen‹, ›Liebeswerk erwies sie den Armen
     <lb n='7'/>
     und den Reichen‹ Tochter eines Wohltäters, es ist
     <lb n='8'/>
     die Teure, Frau Sara Juta Lea, Tochter
     <lb n='9'/>
     des Vorstehers und Leiters, unseres Lehrers, des Meisters, Herrn Eljahu Oppenheim, Gattin
     <lb n='10'/>
     des Vorstehers und Leiters, des geehrten Herrn Jokew, Sohn des Vorstehers und Leiters, des geehrten Herrn Mosche KaZ
     <lb n='11'/>
     aus Frankfurt Oder, verschieden und begraben
     <lb n='12'/>
     am Rüsttag des heiligen Schabbat, 27. Sivan 536 der kleinen Zählung.
     <lb n='13'/>
     Ihre Seele sei eingebunden in das Bündel des Lebens
    </ab>
   </div>
   <div type="commentary" subtype="Zitate">
    <head>Zitate</head>
    <p>Zl 1: Spr 31,29</p>
    <p>Zl 3: Spr 12,4</p>
    <p>Zl 5f: Vgl. Spr 31,20</p>
    <p>Zl 6f: Av 1,2 u. bSuk 49b</p>
   </div>
   <div type="commentary" subtype="Zeilenkommentar">
    <head>Zeilenkommentar</head>
    <p>Zl 1: Spr 31,29.</p>
    <p>Zl 4a: Ps 48,3.</p>
    <p>Zln 8/9: Ergänzungen nach histor. Foto, shha und GB.</p>
   </div>
   <div type="commentary" subtype="Endkommentar">
    <head>Endkommentar</head>
    <p>Die histor. Aufnahme zeigt das Grabmal in situ und unbeschädigt.</p>
    <p>
     Nahezu identische Eulogie bei Inv.-Nr. 
     <ref target="http://steinheim-institut.de/cgi-bin/epidat?id=hha-1600-t">hha-1600</ref>
      aus dem Jahr 1767
    </p>
   </div>
   <div type="commentary" subtype="Prosopographie">
    <head>Prosopographie</head>
   </div>
   <div type="bibliography">
    <head>Bibliographie</head>
    <p>to be done ...</p>
   </div>
  </body>
 </text>
</TEI>
