﻿<?xml version="1.0" encoding="UTF-8"?>
<?xml-model href="http://www.stoa.org/epidoc/schema/8.18/tei-epidoc.rng" schematypens="http://relaxng.org/ns/structure/1.0"?>
<TEI xmlns:xi="http://www.w3.org/2001/XInclude" xmlns:svg="http://www.w3.org/2000/svg" xmlns:math="http://www.w3.org/1998/Math/MathML" xmlns="http://www.tei-c.org/ns/1.0">
 <teiHeader>
  <fileDesc>
   <titleStmt>
    <title xml:lang='de'>Grabmal für Schmuel ben Jehuda Löb Bonn SeGaL, gest. 1722-07-09, Jüdischer Friedhof Hamburg-Altona, Königstraße</title>
    <respStmt xml:lang="de">
     <resp>herausgegeben vom</resp>
     <orgName ref="http://d-nb.info/gnd/212562-6">
      Salomon Ludwig Steinheim-Institut
      <address>
       <addrLine>Edmund-Körner-Platz 2</addrLine>
       <addrLine>D-45127 Essen</addrLine>
      </address>
     </orgName>
    </respStmt>
   </titleStmt>
    <editionStmt>
    <edition/>
   </editionStmt>
   <extent/>
   <publicationStmt>
    <publisher>
     <orgName ref="http://d-nb.info/gnd/212562-6">
      Salomon Ludwig Steinheim-Institut 
      <address>
       <addrLine>Edmund-Körner-Platz 2</addrLine>
       <addrLine>D-45127 Essen</addrLine>
      </address>
     </orgName>
    </publisher>
    <idno>hha-1182</idno>
    <idno type="url">http://www.steinheim-institut.de/cgi-bin/epidat?id=hha-1182</idno>
    <availability xml:lang="en" status="free">
     <licence>
      <ref target="http://creativecommons.org/licenses/by/4.0/">Distributed under a Creative Commons licence Attribution-BY 4.0</ref>
      <p>
       All reuse or distribution of this work must contain somewhere a link back to the URL 
       <ref>http://www.steinheim-institut.de/cgi-bin/epidat?id=hha-1182</ref>
      </p>
     </licence>
    </availability>
   </publicationStmt>
    <notesStmt>
    <note/>
   </notesStmt>
   <sourceDesc>
    <bibl>born digital</bibl>
     <msDesc>
     <msIdentifier/>
     <physDesc>
      <objectDesc>
       <supportDesc>
        <support>
         <p>
          <material>Stein</material>
         </p>
        </support>
        <condition>
         <p>
          <date>2006</date>
           in situ 
          <damage agent='Verwitterung'>Verwitterung leicht</damage>
         </p>
        </condition>
       </supportDesc>
        <layoutDesc>
        <layout/>
       </layoutDesc>
      </objectDesc>
      <handDesc>
       <handNote>Schrift vertieft</handNote>
      </handDesc>
      <decoDesc>
       <decoNote type='symbol'>Levitenkanne</decoNote>
      </decoDesc>
     </physDesc>
     <history>
      <origin>
       <date notBefore='1722-07-09'>1722-07-09</date>
       <country type="ISO_3166" key="XA-DE-HH">
        Germany
        <region>Hamburg</region>
       </country>
       <settlement type='city' key='tgn:7012310'>
        Hamburg-Altona, Königstraße 
        <geogName>
         Jüdischer Friedhof
         <geo decls="#WGS">53.549373 9.950545</geo>
         <location>
          <geo decls='Planquadrat'>EK</geo>
         </location>
         <location>
          <geo decls='Feld Grabnummer'>CII 391</geo>
         </location>
        </geogName>
       </settlement>
      </origin>
     </history>
    </msDesc>
   </sourceDesc>
  </fileDesc>
  <encodingDesc>
   <p>Encoded according to the EpiDoc Guidelines, Schema Version 8.18</p>
   <classDecl>
    <taxonomy>
     <category xml:id='foto1'>
      <catDesc>
       <persName ref='http://d-nb.info/gnd/128472499' role='photographer'>
        Bert Sommer, 
        <orgName ref="http://d-nb.info/gnd/212562-6">Steinheim-Institut</orgName>
       </persName>
      </catDesc>
     </category>
     <category xml:id='foto6'>
      <catDesc>Fundstücke, Dan Bondy</catDesc>
     </category>
     <category xml:id='foto5'>
      <catDesc>Denkmalpflegerische Massnahme</catDesc>
     </category>
     <category xml:id='foto4'>
      <catDesc>^# Denkmalschutzamt Hamburg</catDesc>
     </category>
     <category xml:id='foto3'>
      <catDesc>Eduard Duckesz Glasplatten ^# CAHJP Jerusalem, Glasplatten: HMB/2452, Inv 2326 · Digitalisat: CDB/5-7</catDesc>
     </category>
     <category xml:id='foto2'>
      <catDesc>Historische Aufnahmen [Mikrofilme] ^# Staatsarchiv Hamburg, Bestand 741-4 Fotoarchiv, Signatur P 2333</catDesc>
     </category>
     <category xml:id='foto7'>
      <catDesc>Aufgenommen in der Synagoge Innsbruck</catDesc>
     </category>
    </taxonomy>
   </classDecl>
   <geoDecl xml:id="WGS" datum="WGS84">World Geodetic System</geoDecl>
  </encodingDesc>
  <profileDesc>
   <particDesc>
    <listPerson>
     <person xml:id="hha-1182-1" sex='1'>
      <persName>Schmuel ben Jehuda Löb Bonn SeGaL</persName>
       <event when='1722-07-09' type="dateofdeath">
       <desc/>
      </event>
     </person>
    </listPerson>
   </particDesc>
    <langUsage>
    <!-- According to bcp47 http://tools.ietf.org/html/bcp47 (Language) and ISO15924 (writing System)-->
    <language ident='he' usage='100'>Hebrew</language>
   </langUsage>
  </profileDesc>
   <revisionDesc>
   <change/>
  </revisionDesc>
 </teiHeader>
 <facsimile>
  <graphic url='http://steinheim-institut.de/daten/picshha/xl/1182_EK_0110150108.jpg'>
    <desc>
    <ref target='#foto1'/>
    <date when='2001-10-15'/>
    recto
   </desc>
  </graphic>
  <graphic url='http://steinheim-institut.de/daten/picshha/xl/mf/01/00000446.jpg'>
    <desc>
    <ref target='#foto2'/>
   </desc>
  </graphic>
 </facsimile>
 <text>
  <body>
   <div type='edition'>
    <head>Edition</head>
     <ab>
     <lb n='1'/>
     ‎‏ציון‏‎
‏‎     <lb n='2'/>
     ‎‏זה הוקם על האיש‏‎
‏‎     <lb n='3'/>
     ‎‏הישיש והזקן בחכמ׳‏‎
‏‎     <lb n='4'/>
     ‎‏ובשנים ׃ עוקר הרים‏‎
‏‎     <lb n='5'/>
     ‎‏כחכמי חרשים בקראי‏‎
‏‎     <lb n='6'/>
     ‎‏שמו הר״ר שמואל בן‏‎
‏‎     <lb n='7'/>
     ‎‏הר״ר יהודא ליב בון סג״ל‏‎
‏‎     <lb n='8'/>
     ‎‏נפט׳ ונקב׳ יו׳ ה׳ ך״ד תמוז‏‎
‏‎     <lb n='9'/>
     ‎‏תפ״ב לפ״ק תנצב״ה‏‎
‏‎    </ab>
   </div>
   <div type='translation'>
    <head>Übersetzung</head>
     <ab>
     <lb n='1'/>
     ›Dieses
     <lb n='2'/>
     Zeichen ward aufgerichtet über dem Manne‹,
     <lb n='3'/>
     dem greisen und betagten, an Weisheit
     <lb n='4'/>
     wie an Jahren, ›scharfsinnig‹
     <lb n='5'/>
     ›wie geheime Räte‹ ›so auch er unter den Rufern
     <lb n='6'/>
     Seines Namens‹, der Meister, Herr Schmuel, Sohn
     <lb n='7'/>
     des Meisters, Herrn Jehuda Löb Bonn SeGaL,
     <lb n='8'/>
     verschieden und begraben Tag 5, 24. Tammus
     <lb n='9'/>
     482 der kleinen Zählung. Seine Seele sei eingebunden in das Bündel des Lebens 
    </ab>
   </div>
   <div type="commentary" subtype="Zitate">
    <head>Zitate</head>
    <p>Zl 1f: Vgl. 2 Sam 23,1</p>
    <p>Zl 4: Vgl. u. a. bBer 64a</p>
    <p>Zl 5: Nach Jes 3,3</p>
    <p>Zl 5f: Nach Ps 99,6</p>
   </div>
   <div type="commentary" subtype="Zeilenkommentar">
    <head>Zeilenkommentar</head>
    <p>Zl 4b: Wörtlich: 'Berge versetzend'.</p>
    <p>Zln 5b/6a: Ps 99,6 bezieht sich unmittelbar auf den biblischen Samuel, und spielt damit auf den Namen an.</p>
   </div>
   <div type="commentary" subtype="Endkommentar">
    <head>Endkommentar</head>
    <p>
     Schmuel Levy war ein Sohn des 1676 in Bonn verstorbenen Löb Hameln SeGaL (
     <ref target="http://steinheim-institut.de/cgi-bin/epidat?id=bns-5336-t">bns-5336</ref>
     ), einem Bruder von Chajim Hameln (Nr. 
     <ref target="http://steinheim-institut.de/cgi-bin/epidat?id=hha-3269-t">hha-3269</ref>
     ), dem ersten Ehemann der Glückel. Schmuel Levy war mit Riwka (Nr. 
     <ref target="http://steinheim-institut.de/cgi-bin/epidat?id=hha-1190-t">hha-1190</ref>
     ), der jüngsten Schwester von Glückel verheiratet. Die Ehe wurde 1676 geschlossen, denn Glückel berichtet, das Löb Hameln nach der Hochzeit nach Bonn zurückkehrte und kaum ein halbes Jahr später verstarb.
    </p>
    <p>Gleicher Text wie Zln 4b/5a auch bei Nr. 1180 von 1723.</p>
   </div>
   <div type="commentary" subtype="Prosopographie">
    <head>Prosopographie</head>
   </div>
   <div type="bibliography">
    <head>Bibliographie</head>
    <p>to be done ...</p>
   </div>
  </body>
 </text>
</TEI>
