﻿<?xml version="1.0" encoding="UTF-8"?>
<?xml-model href="http://www.stoa.org/epidoc/schema/8.18/tei-epidoc.rng" schematypens="http://relaxng.org/ns/structure/1.0"?>
<TEI xmlns:xi="http://www.w3.org/2001/XInclude" xmlns:svg="http://www.w3.org/2000/svg" xmlns:math="http://www.w3.org/1998/Math/MathML" xmlns="http://www.tei-c.org/ns/1.0">
 <teiHeader>
  <fileDesc>
   <titleStmt>
    <title xml:lang='de'>Grabmal für Chaiche bat Löb Popert ∞ Hirz Rintel, gest. 1803-08-27, Jüdischer Friedhof Hamburg-Altona, Königstraße</title>
    <respStmt xml:lang="de">
     <resp>herausgegeben vom</resp>
     <orgName ref="http://d-nb.info/gnd/212562-6">
      Salomon Ludwig Steinheim-Institut
      <address>
       <addrLine>Edmund-Körner-Platz 2</addrLine>
       <addrLine>D-45127 Essen</addrLine>
      </address>
     </orgName>
    </respStmt>
   </titleStmt>
    <editionStmt>
    <edition/>
   </editionStmt>
   <extent/>
   <publicationStmt>
    <publisher>
     <orgName ref="http://d-nb.info/gnd/212562-6">
      Salomon Ludwig Steinheim-Institut 
      <address>
       <addrLine>Edmund-Körner-Platz 2</addrLine>
       <addrLine>D-45127 Essen</addrLine>
      </address>
     </orgName>
    </publisher>
    <idno>hha-1814</idno>
    <idno type="url">http://www.steinheim-institut.de/cgi-bin/epidat?id=hha-1814</idno>
    <availability xml:lang="en" status="free">
     <licence>
      <ref target="http://creativecommons.org/licenses/by/4.0/">Distributed under a Creative Commons licence Attribution-BY 4.0</ref>
      <p>
       All reuse or distribution of this work must contain somewhere a link back to the URL 
       <ref>http://www.steinheim-institut.de/cgi-bin/epidat?id=hha-1814</ref>
      </p>
     </licence>
    </availability>
   </publicationStmt>
    <notesStmt>
    <note/>
   </notesStmt>
   <sourceDesc>
    <bibl>born digital</bibl>
     <msDesc>
     <msIdentifier/>
     <physDesc>
      <objectDesc>
       <supportDesc>
        <support>
         <p>
          <material>Stein</material>
          Hochrechteckige Stele mit geschweiftem Rundbogen. In der Mitte des Schriftfelds leichte, zum unteren Drittel hin zunehmende Schäden. Das erste Wort ist so groß dass es fast das ganze Rundbogenfeld einnimmt. Auch der Name und das Wort ‎‏חייכה‏‎ und ‎‏לב‏‎ sind gegenüber dem übrigen Text vergrößert, ebenso die Abkürzung ‎‏תנצבה‏‎.
‏‎         </p>
        </support>
       </supportDesc>
        <layoutDesc>
        <layout/>
       </layoutDesc>
      </objectDesc>
     </physDesc>
     <history>
      <origin>
       <date notBefore='1803-08-27'>1803-08-27</date>
       <country type="ISO_3166" key="XA-DE-HH">
        Germany
        <region>Hamburg</region>
       </country>
       <settlement type='city' key='tgn:7012310'>
        Hamburg-Altona, Königstraße 
        <geogName>
         Jüdischer Friedhof
         <geo decls="#WGS">53.549373 9.950545</geo>
         <location>
          <geo decls='Planquadrat'>FF</geo>
         </location>
         <location>
          <geo decls='Feld Grabnummer'>N 2943</geo>
         </location>
        </geogName>
       </settlement>
      </origin>
     </history>
    </msDesc>
   </sourceDesc>
  </fileDesc>
  <encodingDesc>
   <p>Encoded according to the EpiDoc Guidelines, Schema Version 8.18</p>
   <classDecl>
    <taxonomy>
     <category xml:id='foto1'>
      <catDesc>
       <persName ref='http://d-nb.info/gnd/128472499' role='photographer'>
        Bert Sommer, 
        <orgName ref="http://d-nb.info/gnd/212562-6">Steinheim-Institut</orgName>
       </persName>
      </catDesc>
     </category>
     <category xml:id='foto6'>
      <catDesc>Fundstücke, Dan Bondy</catDesc>
     </category>
     <category xml:id='foto5'>
      <catDesc>Denkmalpflegerische Massnahme</catDesc>
     </category>
     <category xml:id='foto4'>
      <catDesc>^# Denkmalschutzamt Hamburg</catDesc>
     </category>
     <category xml:id='foto3'>
      <catDesc>Eduard Duckesz Glasplatten ^# CAHJP Jerusalem, Glasplatten: HMB/2452, Inv 2326 · Digitalisat: CDB/5-7</catDesc>
     </category>
     <category xml:id='foto2'>
      <catDesc>Historische Aufnahmen [Mikrofilme] ^# Staatsarchiv Hamburg, Bestand 741-4 Fotoarchiv, Signatur P 2333</catDesc>
     </category>
     <category xml:id='foto7'>
      <catDesc>Aufgenommen in der Synagoge Innsbruck</catDesc>
     </category>
    </taxonomy>
   </classDecl>
   <geoDecl xml:id="WGS" datum="WGS84">World Geodetic System</geoDecl>
  </encodingDesc>
  <profileDesc>
   <particDesc>
    <listPerson>
     <person xml:id="hha-1814-1" sex='2'>
      <persName>Chaiche bat Löb Popert ∞ Hirz Rintel</persName>
       <event when='1803-08-27' type="dateofdeath">
       <desc/>
      </event>
     </person>
    </listPerson>
   </particDesc>
    <langUsage>
    <!-- According to bcp47 http://tools.ietf.org/html/bcp47 (Language) and ISO15924 (writing System)-->
    <language ident='he' usage='100'>Hebrew</language>
   </langUsage>
  </profileDesc>
   <revisionDesc>
   <change/>
  </revisionDesc>
 </teiHeader>
 <facsimile>
  <graphic url='http://steinheim-institut.de/daten/picshha/xl/1814_FF_0110170209.jpg'>
    <desc>
    <ref target='#foto1'/>
    <date when='2001-10-17'/>
    recto
   </desc>
  </graphic>
  <graphic url='http://steinheim-institut.de/daten/picshha/xl/mf/02/00000309.jpg'>
    <desc>
    <ref target='#foto2'/>
   </desc>
  </graphic>
 </facsimile>
 <text>
  <body>
   <div type='edition'>
    <head>Edition</head>
     <ab>
     <lb n='1'/>
     ‎‏והחיה‏‎
‏‎     <lb n='2'/>
     ‎‏היתה לבעלה ולבני׳ לעטרה‏‎
‏‎     <lb n='3'/>
     ‎‏המה בוכים עליה בלב‏‎
‏‎     <lb n='4'/>
     ‎‏נשברה ׃ היא האשה‏‎
‏‎     <lb n='5'/>
     ‎‏הצנועה הגבירה ׃ מרת‏‎
‏‎     <lb n='6'/>
     ‎‏חייכה בת הג״צ ה״ר ליב‏‎
‏‎     <lb n='7'/>
     ‎‏פופרט ז״ל אשת פו״מ הר״ר‏‎
‏‎     <lb n='8'/>
     ‎‏הירץ רינטל ׃ ליל ש״ק ט׳‏‎
‏‎     <lb n='9'/>
     ‎‏אלול הלכה לעולמה‏‎
‏‎     <lb n='10'/>
     ‎‏וביום א׳ י׳ בו תקס״ג נקברה‏‎
‏‎     <lb n='11'/>
     ‎‏תנצב״ה‏‎
‏‎    </ab>
   </div>
   <div type='translation'>
    <head>Übersetzung</head>
     <ab>
     <lb n='1'/>
     Und die Lebendige
     <lb n='2'/>
     ›war ihrem Gatten und ihrer Kinder zur Krone‹,
     <lb n='3'/>
     sie weinen um sie mit
     <lb n='4'/>
     gebrochenem Herzen, es ist
     <lb n='5'/>
     die Züchtige, die Herrin, Frau
     <lb n='6'/>
     Chaiche, Tochter des Wohlfahrtsverwalters, des Herrn Löb
     <lb n='7'/>
     Popert, sein Andenken zum Segen, Gattin des Vorstehers und Leiters, des Meisters, Herrn
     <lb n='8'/>
     Hirz Rintel, (in der) Nacht des heiligen Schabbat, 9.
     <lb n='9'/>
     Elul ›ging hin sie in ihre Welt‹,
     <lb n='10'/>
     und am Tag 1, 10. desselben 563 ward sie begraben.
     <lb n='11'/>
     Ihre Seele sei eingebunden in das Bündel des Lebens
    </ab>
   </div>
   <div type="commentary" subtype="Zitate">
    <head>Zitate</head>
    <p>Zl 2: Nach Spr 12,4</p>
    <p>Zl 9: Koh 12,5</p>
   </div>
   <div type='commentary' subtype='Stilmittel'>
    <head>Stilmittel</head>
    <p>
     <label>Reim</label>
      auf -rah in Zln 2, 4, 5; Paronomasie von ‎‏לב‏‎ und ‎‏ליב‏‎ in Zln 3 und 6.
    </p>
   </div>
   <div type="commentary" subtype="Zeilenkommentar">
    <head>Zeilenkommentar</head>
    <p>Zl 1: ‎‏והחיה‏‎, Anspielung auf die Bedeutung des Namens Chava, Eva, ist groß hervorgehoben; siehe Gen 3,20: "... denn sie war die Mutter alles Lebenden".</p>
    <p>Zl 3: ‎‏לב‏‎ ist groß hervorgehoben; es bedeutet "Herz", Zahlwert 32, was auf das Alter der Verstorbenen hinweist.</p>
    <p>Zl 4: ‎‏נשברה‏‎ hat feminine Endung, vielleicht aus klanglichen Gründen, oder auch, um darauf hinzuweisen, daß sie mit 32 Jahren "gebrochen" wurde.</p>
    <p>Zl 6: ‎‏חייכה‏‎ (Chaiche), eine koseform von Chaja, Chava, ist groß hervorgehoben.</p>
    <p>vertieft</p>
   </div>
   <div type="commentary" subtype="Endkommentar">
    <head>Endkommentar</head>
    <p>Die Inschrift macht einen kompositorisch wohldurchdachten Eindruck. Mit dem Initialwort der Eulogie ist schon auf den Namen der Verstorbenen hingedeutet, und der Bedeutungsinhalt des Namens Chaja, nämlich "Lebende", auf diese Weise herausgehoben. Die Zeilen 3 und 6 enden mit fast gleich klingenden Wörtern. Einige Assoziationen in entstammen Spr 31, als Schabbatlied "Eschet Chaijil" allgemein bekannt. Darin wird die tüchtige Gattin als Krone ihres Gatten bezeichnet. In der Eulogie wird Chaja auch als Krone ihrer Kinder gepriesen, dies vielleicht in Anlehnung an Spr 31,28.</p>
   </div>
   <div type="commentary" subtype="Prosopographie">
    <head>Prosopographie</head>
   </div>
   <div type="bibliography">
    <head>Bibliographie</head>
    <p>to be done ...</p>
   </div>
  </body>
 </text>
</TEI>
