﻿<?xml version="1.0" encoding="UTF-8"?>
<?xml-model href="http://www.stoa.org/epidoc/schema/8.18/tei-epidoc.rng" schematypens="http://relaxng.org/ns/structure/1.0"?>
<TEI xmlns:xi="http://www.w3.org/2001/XInclude" xmlns:svg="http://www.w3.org/2000/svg" xmlns:math="http://www.w3.org/1998/Math/MathML" xmlns="http://www.tei-c.org/ns/1.0">
 <teiHeader>
  <fileDesc>
   <titleStmt>
    <title xml:lang='de'>Grabmal für Bella bat Meir Hekscher ∞ Wolf Hildesheim, gest. 1708-05-22, Jüdischer Friedhof Hamburg-Altona, Königstraße</title>
    <respStmt xml:lang="de">
     <resp>herausgegeben vom</resp>
     <orgName ref="http://d-nb.info/gnd/212562-6">
      Salomon Ludwig Steinheim-Institut
      <address>
       <addrLine>Edmund-Körner-Platz 2</addrLine>
       <addrLine>D-45127 Essen</addrLine>
      </address>
     </orgName>
    </respStmt>
   </titleStmt>
    <editionStmt>
    <edition/>
   </editionStmt>
   <extent/>
   <publicationStmt>
    <publisher>
     <orgName ref="http://d-nb.info/gnd/212562-6">
      Salomon Ludwig Steinheim-Institut 
      <address>
       <addrLine>Edmund-Körner-Platz 2</addrLine>
       <addrLine>D-45127 Essen</addrLine>
      </address>
     </orgName>
    </publisher>
    <idno>hha-1363</idno>
    <idno type="url">http://www.steinheim-institut.de/cgi-bin/epidat?id=hha-1363</idno>
    <availability xml:lang="en" status="free">
     <licence>
      <ref target="http://creativecommons.org/licenses/by/4.0/">Distributed under a Creative Commons licence Attribution-BY 4.0</ref>
      <p>
       All reuse or distribution of this work must contain somewhere a link back to the URL 
       <ref>http://www.steinheim-institut.de/cgi-bin/epidat?id=hha-1363</ref>
      </p>
     </licence>
    </availability>
   </publicationStmt>
    <notesStmt>
    <note/>
   </notesStmt>
   <sourceDesc>
    <bibl>born digital</bibl>
     <msDesc>
     <msIdentifier/>
     <physDesc>
      <objectDesc>
       <supportDesc>
        <support>
         <p>
          <material>Stein</material>
         </p>
        </support>
        <condition>
         <p>
          <date>2006</date>
           non in situ
         </p>
        </condition>
       </supportDesc>
        <layoutDesc>
        <layout/>
       </layoutDesc>
      </objectDesc>
      <decoDesc>
       <decoNote type='ornament'>floral</decoNote>
      </decoDesc>
     </physDesc>
     <history>
      <origin>
       <date notBefore='1708-05-22'>1708-05-22</date>
       <country type="ISO_3166" key="XA-DE-HH">
        Germany
        <region>Hamburg</region>
       </country>
       <settlement type='city' key='tgn:7012310'>
        Hamburg-Altona, Königstraße 
        <geogName>
         Jüdischer Friedhof
         <geo decls="#WGS">53.549373 9.950545</geo>
         <location>
          <geo decls='Planquadrat'>EM</geo>
         </location>
         <location>
          <geo decls='Feld Grabnummer'>S 1343</geo>
         </location>
        </geogName>
       </settlement>
      </origin>
     </history>
    </msDesc>
   </sourceDesc>
  </fileDesc>
  <encodingDesc>
   <p>Encoded according to the EpiDoc Guidelines, Schema Version 8.18</p>
   <classDecl>
    <taxonomy>
     <category xml:id='foto1'>
      <catDesc>
       <persName ref='http://d-nb.info/gnd/128472499' role='photographer'>
        Bert Sommer, 
        <orgName ref="http://d-nb.info/gnd/212562-6">Steinheim-Institut</orgName>
       </persName>
      </catDesc>
     </category>
     <category xml:id='foto6'>
      <catDesc>Fundstücke, Dan Bondy</catDesc>
     </category>
     <category xml:id='foto5'>
      <catDesc>Denkmalpflegerische Massnahme</catDesc>
     </category>
     <category xml:id='foto4'>
      <catDesc>^# Denkmalschutzamt Hamburg</catDesc>
     </category>
     <category xml:id='foto3'>
      <catDesc>Eduard Duckesz Glasplatten ^# CAHJP Jerusalem, Glasplatten: HMB/2452, Inv 2326 · Digitalisat: CDB/5-7</catDesc>
     </category>
     <category xml:id='foto2'>
      <catDesc>Historische Aufnahmen [Mikrofilme] ^# Staatsarchiv Hamburg, Bestand 741-4 Fotoarchiv, Signatur P 2333</catDesc>
     </category>
     <category xml:id='foto7'>
      <catDesc>Aufgenommen in der Synagoge Innsbruck</catDesc>
     </category>
    </taxonomy>
   </classDecl>
   <geoDecl xml:id="WGS" datum="WGS84">World Geodetic System</geoDecl>
  </encodingDesc>
  <profileDesc>
   <particDesc>
    <listPerson>
     <person xml:id="hha-1363-1" sex='2'>
      <persName>Bella bat Meir Hekscher ∞ Wolf Hildesheim</persName>
       <event when='1708-05-22' type="dateofdeath">
       <desc/>
      </event>
     </person>
    </listPerson>
   </particDesc>
    <langUsage>
    <!-- According to bcp47 http://tools.ietf.org/html/bcp47 (Language) and ISO15924 (writing System)-->
    <language ident='he' usage='100'>Hebrew</language>
   </langUsage>
  </profileDesc>
   <revisionDesc>
   <change/>
  </revisionDesc>
 </teiHeader>
 <facsimile>
  <graphic url='http://steinheim-institut.de/daten/picshha/xl/1363_EM_0110080126.jpg'>
    <desc>
    <ref target='#foto1'/>
    <date when='2001-10-08'/>
    recto
   </desc>
  </graphic>
  <graphic url='http://steinheim-institut.de/daten/picshha/xl/mf/04/00000206.jpg'>
    <desc>
    <ref target='#foto2'/>
   </desc>
  </graphic>
 </facsimile>
 <text>
  <body>
   <div type='edition'>
    <head>Edition</head>
     <ab>
     <lb n='1'/>
     ‎‏פ״נ‏‎
‏‎     <lb n='2'/>
     ‎‏אשה אשר‏‎
‏‎     <lb n='3'/>
     ‎‏בידה כל כלי זיינא‏‎
‏‎     <lb n='4'/>
     ‎‏יד כותבת כל חשבונא‏‎
‏‎     <lb n='5'/>
     ‎‏לה יקרא אשה מעולה‏‎
‏‎     <lb n='6'/>
     ‎‏החכמה כסבי אתונא ׃‏‎
‏‎     <lb n='7'/>
     ‎‏שנפטרה בהאי זמנא ׃‏‎
‏‎     <lb n='8'/>
     ‎‏היא הצנועה מ׳ בילה ׃‏‎
‏‎     <lb n='9'/>
     ‎‏בת האלוף פ״ו מוהר״ר מאיר‏‎
‏‎     <lb n='10'/>
     ‎‏הקשר ז״ל אשת הכ׳ וואלף‏‎
‏‎     <lb n='11'/>
     ‎‏הילדסום ז״ל נפט׳ ונקברה‏‎
‏‎     <lb n='12'/>
     ‎‏יום ג׳ ג׳ סיון תס״ח לפ״ק‏‎
‏‎     <lb n='13'/>
     ‎‏תנצב״ה‏‎
‏‎    </ab>
   </div>
   <div type='translation'>
    <head>Übersetzung</head>
     <ab>
     <lb n='1'/>
     Hier ist begraben
     <lb n='2'/>
     die Frau, die
     <lb n='3'/>
     ›in ihrer Hand all (ihre) Waffen trug‹,
     <lb n='4'/>
     ›die Hand, die schrieb alle Berechnungen‹,
     <lb n='5'/>
     sie nennt man eine hervorragende Frau!
     <lb n='6'/>
     Die Weise ›gleich den Alten von Athen‹,
     <lb n='7'/>
     die gestorben ist in dieser Zeit,
     <lb n='8'/>
     es ist die Züchtige, Frau Bella,
     <lb n='9'/>
     Tochter des Vornehmen, des Vorstehers und Leiters, unseres Lehrers, des Meisters, Herrn Meir
     <lb n='10'/>
     Hekscher, sein Andenken zum Segen, Gattin des geehrten Wolf
     <lb n='11'/>
     Hildesheim, sein Andenken zum Segen, verschieden und begraben
     <lb n='12'/>
     Tag 3, 3. Sivan 468 der kleinen Zählung.
     <lb n='13'/>
     Ihre Seele sei eingebunden in das Bündel des Lebens
    </ab>
   </div>
   <div type="commentary" subtype="Zitate">
    <head>Zitate</head>
    <p>Zl 3: Vgl. bAZ 25b</p>
    <p>Zl 4: Vgl. Koh 9,10</p>
    <p>Zl 6: Nach bBekh 8b</p>
   </div>
   <div type='commentary' subtype='Stilmittel'>
    <head>Stilmittel</head>
    <p>Verseulogie: sechszeiliges Namensgedicht mit Reim aabaab und Akrostichon; vierhebige Verse</p>
    <p>
     <label>Reim</label>
      auf -nah und -lah in Zln 3-8 (den Namen einschließend).
    </p>
    <p>
     <label>Akrostichon</label>
      in Zeilen 3-6: ‎‏בילה‏‎ Bella
    </p>
   </div>
   <div type="commentary" subtype="Zeilenkommentar">
    <head>Zeilenkommentar</head>
    <p>Zl 3: Zu bAZ 25b (vgl. auch bJeb 114a): trägt eine Frau ihre Waffen mit sich, ist mit ihrer Weiblichkeit bewehrt. ‎‏זיינא‏‎ wahrscheinlich wegen des Homoioteleutons mit der aramäischen Endung versehen.</p>
    <p>Zl 4: Die kaufmännische und haushalterische Tüchtigkeit wird in Spr 31,16.24 markant zum Ausdruck gebracht.</p>
    <p>Zl 6: Zu bBekh 8b: Nur Rabbi Jehoschua ben Chananja vermochte in einem Streitgespräch "die Weisen der athenischen Schule" zu übertreffen.</p>
    <p>Zl 7: ‎‏בהאי זמנא‏‎ ist eine aramäische Wendung, vgl. ‎‏בהאי שעתא‏‎ "in dieser Stunde" in bEruv 10a.</p>
   </div>
   <div type="commentary" subtype="Prosopographie">
    <head>Prosopographie</head>
   </div>
   <div type="bibliography">
    <head>Bibliographie</head>
    <p>to be done ...</p>
   </div>
  </body>
 </text>
</TEI>
