﻿<?xml version="1.0" encoding="UTF-8"?>
<?xml-model href="http://www.stoa.org/epidoc/schema/8.18/tei-epidoc.rng" schematypens="http://relaxng.org/ns/structure/1.0"?>
<TEI xmlns:xi="http://www.w3.org/2001/XInclude" xmlns:svg="http://www.w3.org/2000/svg" xmlns:math="http://www.w3.org/1998/Math/MathML" xmlns="http://www.tei-c.org/ns/1.0">
 <teiHeader>
  <fileDesc>
   <titleStmt>
    <title xml:lang='de'>Grabmal für Jechiel Melhausen ben Joez Gottlieb, gest. 1728-04-14, Jüdischer Friedhof Hamburg-Altona, Königstraße</title>
    <respStmt xml:lang="de">
     <resp>herausgegeben vom</resp>
     <orgName ref="http://d-nb.info/gnd/212562-6">
      Salomon Ludwig Steinheim-Institut
      <address>
       <addrLine>Edmund-Körner-Platz 2</addrLine>
       <addrLine>D-45127 Essen</addrLine>
      </address>
     </orgName>
    </respStmt>
   </titleStmt>
    <editionStmt>
    <edition/>
   </editionStmt>
   <extent/>
   <publicationStmt>
    <publisher>
     <orgName ref="http://d-nb.info/gnd/212562-6">
      Salomon Ludwig Steinheim-Institut 
      <address>
       <addrLine>Edmund-Körner-Platz 2</addrLine>
       <addrLine>D-45127 Essen</addrLine>
      </address>
     </orgName>
    </publisher>
    <idno>hha-1137</idno>
    <idno type="url">http://www.steinheim-institut.de/cgi-bin/epidat?id=hha-1137</idno>
    <availability xml:lang="en" status="free">
     <licence>
      <ref target="http://creativecommons.org/licenses/by/4.0/">Distributed under a Creative Commons licence Attribution-BY 4.0</ref>
      <p>
       All reuse or distribution of this work must contain somewhere a link back to the URL 
       <ref>http://www.steinheim-institut.de/cgi-bin/epidat?id=hha-1137</ref>
      </p>
     </licence>
    </availability>
   </publicationStmt>
    <notesStmt>
    <note/>
   </notesStmt>
   <sourceDesc>
    <bibl>born digital</bibl>
     <msDesc>
     <msIdentifier/>
     <physDesc>
      <objectDesc>
       <supportDesc>
        <support>
         <p>
          <material>Stein</material>
         </p>
        </support>
        <condition>
         <p>
          <date>2006</date>
           non in situ Beschädigung leicht in zwei Teile zerbrochen
         </p>
        </condition>
       </supportDesc>
        <layoutDesc>
        <layout/>
       </layoutDesc>
      </objectDesc>
      <handDesc>
       <handNote>Schrift erhaben</handNote>
      </handDesc>
     </physDesc>
     <history>
      <origin>
       <date notBefore='1728-04-14'>1728-04-14</date>
       <country type="ISO_3166" key="XA-DE-HH">
        Germany
        <region>Hamburg</region>
       </country>
       <settlement type='city' key='tgn:7012310'>
        Hamburg-Altona, Königstraße 
        <geogName>
         Jüdischer Friedhof
         <geo decls="#WGS">53.549373 9.950545</geo>
         <location>
          <geo decls='Planquadrat'>EI</geo>
         </location>
         <location>
          <geo decls='Feld Grabnummer'>CII 406</geo>
         </location>
        </geogName>
       </settlement>
      </origin>
     </history>
    </msDesc>
   </sourceDesc>
  </fileDesc>
  <encodingDesc>
   <p>Encoded according to the EpiDoc Guidelines, Schema Version 8.18</p>
   <classDecl>
    <taxonomy>
     <category xml:id='foto1'>
      <catDesc>
       <persName ref='http://d-nb.info/gnd/128472499' role='photographer'>
        Bert Sommer, 
        <orgName ref="http://d-nb.info/gnd/212562-6">Steinheim-Institut</orgName>
       </persName>
      </catDesc>
     </category>
     <category xml:id='foto6'>
      <catDesc>Fundstücke, Dan Bondy</catDesc>
     </category>
     <category xml:id='foto5'>
      <catDesc>Denkmalpflegerische Massnahme</catDesc>
     </category>
     <category xml:id='foto4'>
      <catDesc>^# Denkmalschutzamt Hamburg</catDesc>
     </category>
     <category xml:id='foto3'>
      <catDesc>Eduard Duckesz Glasplatten ^# CAHJP Jerusalem, Glasplatten: HMB/2452, Inv 2326 · Digitalisat: CDB/5-7</catDesc>
     </category>
     <category xml:id='foto2'>
      <catDesc>Historische Aufnahmen [Mikrofilme] ^# Staatsarchiv Hamburg, Bestand 741-4 Fotoarchiv, Signatur P 2333</catDesc>
     </category>
     <category xml:id='foto7'>
      <catDesc>Aufgenommen in der Synagoge Innsbruck</catDesc>
     </category>
    </taxonomy>
   </classDecl>
   <geoDecl xml:id="WGS" datum="WGS84">World Geodetic System</geoDecl>
  </encodingDesc>
  <profileDesc>
   <particDesc>
    <listPerson>
     <person xml:id="hha-1137-1" sex='1'>
      <persName>Jechiel Melhausen ben Joez Gottlieb</persName>
       <event when='1728-04-14' type="dateofdeath">
       <desc/>
      </event>
     </person>
    </listPerson>
   </particDesc>
    <langUsage>
    <!-- According to bcp47 http://tools.ietf.org/html/bcp47 (Language) and ISO15924 (writing System)-->
    <language ident='he' usage='100'>Hebrew</language>
   </langUsage>
  </profileDesc>
   <revisionDesc>
   <change/>
  </revisionDesc>
 </teiHeader>
 <facsimile>
  <graphic url='http://steinheim-institut.de/daten/picshha/xl/1137_EI_0110070210.jpg'>
    <desc>
    <ref target='#foto1'/>
    <date when='2001-10-07'/>
    recto
   </desc>
  </graphic>
  <graphic url='http://steinheim-institut.de/daten/picshha/xl/mf/01/00000461.jpg'>
    <desc>
    <ref target='#foto2'/>
   </desc>
  </graphic>
 </facsimile>
 <text>
  <body>
   <div type='edition'>
    <head>Edition</head>
     <ab>
     <lb n='1'/>
     ‎‏פה אוצר בלום שמורה‏‎
‏‎     <lb n='2'/>
     ‎‏מי כמוהו דעה מורה‏‎
‏‎     <lb n='3'/>
     ‎‏כל ימיו נכנס בעובי קור׳‏‎
‏‎     <lb n='4'/>
     ‎‏יועץ ונשוא פנים בתורה‏‎
‏‎     <lb n='5'/>
     ‎‏הלא זה אשר כי הוא זה‏‎
‏‎     <lb n='6'/>
     ‎‏עליו יורה‏‎
‏‎     <lb n='7'/>
     ‎‏פ״ו מפורסם כהר״ר‏‎
‏‎     <lb n='8'/>
     ‎‏יחיאל מעלהויזן‏‎
‏‎     <lb n='9'/>
     ‎‏בן כ׳ יועץ גוטליב מגולה‏‎
‏‎     <lb n='10'/>
     ‎‏האמלבורג נפט׳ ונקב׳‏‎
‏‎     <lb n='11'/>
     ‎‏יום ד׳ ה׳ אייר תפ״ח לפ״ק‏‎
‏‎     <lb n='12'/>
     ‎‏תנצב״ה‏‎
‏‎    </ab>
   </div>
   <div type='translation'>
    <head>Übersetzung</head>
     <ab>
     <lb n='1'/>
     Hier ist verwahrt ›ein verborgener Schatz‹,
     <lb n='2'/>
     wer wie er könnte Wissen lehren,
     <lb n='3'/>
     ›all seine Tage drang er in die Tiefe‹,
     <lb n='4'/>
     Ratgeber und ›hochangesehen in der Tora‹,
     <lb n='5'/>
     ›es ist doch dieser‹, denn er ist es
     <lb n='6'/>
     auf dem man weist,
     <lb n='7'/>
     der weitbekannte Vorsteher und Leiter, der geehrte Meister, Herr
     <lb n='8'/>
     Jechiel Melhausen,
     <lb n='9'/>
     Sohn des geehrten Joez Gottlieb, von den Exulanten
     <lb n='10'/>
     aus Hammelburg, verschieden und begraben
     <lb n='11'/>
     Tag 4, 5. Ijar 488 der kleinen Zählung.
     <lb n='12'/>
     Seine Seele sei eingebunden in das Bündel des Lebens 
    </ab>
   </div>
   <div type="commentary" subtype="Zitate">
    <head>Zitate</head>
    <p>Zl 1: bGit 67a</p>
    <p>Zl 3: Vgl. bBer 64a</p>
    <p>Zl 4: Vgl. Jes 9,14</p>
    <p>Zl 5: Gen 44,5</p>
   </div>
   <div type='commentary' subtype='Stilmittel'>
    <head>Stilmittel</head>
    <p>
     <label>Reim</label>
      auf -rah in Zln 1-4,6.
    </p>
    <p>
     <label>Akrostichon</label>
      in Zeilen 2-3: ‎‏מיכל‏‎ Michel
    </p>
   </div>
   <div type="commentary" subtype="Zeilenkommentar">
    <head>Zeilenkommentar</head>
    <p>Zl 3: In bBer 64a heißt es wörtlich: "betrat die dicke Stelle des Balkens", gemeint ist, dass er die Traditionsliteratur, Bibel und vor allem Talmud gründlich und tiefgehend studierte.</p>
    <p>Zl 5a: Zu Gen 44,5: ‎‏הלא זה אשר‏‎, "ist es nicht dieser" sind die Worte der Verfolger von Josefs Brüdern, als sie dessen (absichtlich versteckten) silbernen Kelch im Sack von Benjamin fanden.</p>
   </div>
   <div type="commentary" subtype="Prosopographie">
    <head>Prosopographie</head>
   </div>
   <div type="bibliography">
    <head>Bibliographie</head>
    <p>to be done ...</p>
   </div>
  </body>
 </text>
</TEI>
