﻿<?xml version="1.0" encoding="UTF-8"?>
<?xml-model href="http://www.stoa.org/epidoc/schema/8.18/tei-epidoc.rng" schematypens="http://relaxng.org/ns/structure/1.0"?>
<TEI xmlns:xi="http://www.w3.org/2001/XInclude" xmlns:svg="http://www.w3.org/2000/svg" xmlns:math="http://www.w3.org/1998/Math/MathML" xmlns="http://www.tei-c.org/ns/1.0">
 <teiHeader>
  <fileDesc>
   <titleStmt>
    <title xml:lang='de'>Grabmal für Mosche ben Jaakow Schmuel, gest. 1701-05-28, Jüdischer Friedhof Hamburg-Altona, Königstraße</title>
    <respStmt xml:lang="de">
     <resp>herausgegeben vom</resp>
     <orgName ref="http://d-nb.info/gnd/212562-6">
      Salomon Ludwig Steinheim-Institut
      <address>
       <addrLine>Edmund-Körner-Platz 2</addrLine>
       <addrLine>D-45127 Essen</addrLine>
      </address>
     </orgName>
    </respStmt>
   </titleStmt>
    <editionStmt>
    <edition/>
   </editionStmt>
   <extent/>
   <publicationStmt>
    <publisher>
     <orgName ref="http://d-nb.info/gnd/212562-6">
      Salomon Ludwig Steinheim-Institut 
      <address>
       <addrLine>Edmund-Körner-Platz 2</addrLine>
       <addrLine>D-45127 Essen</addrLine>
      </address>
     </orgName>
    </publisher>
    <idno>hha-1488</idno>
    <idno type="url">http://www.steinheim-institut.de/cgi-bin/epidat?id=hha-1488</idno>
    <availability xml:lang="en" status="free">
     <licence>
      <ref target="http://creativecommons.org/licenses/by/4.0/">Distributed under a Creative Commons licence Attribution-BY 4.0</ref>
      <p>
       All reuse or distribution of this work must contain somewhere a link back to the URL 
       <ref>http://www.steinheim-institut.de/cgi-bin/epidat?id=hha-1488</ref>
      </p>
     </licence>
    </availability>
   </publicationStmt>
    <notesStmt>
    <note/>
   </notesStmt>
   <sourceDesc>
    <bibl>born digital</bibl>
     <msDesc>
     <msIdentifier/>
     <physDesc>
      <objectDesc>
       <supportDesc>
        <support>
         <p>
          <material>Stein</material>
         </p>
        </support>
        <condition>
         <p>
          <date>2006</date>
           in situ
         </p>
        </condition>
       </supportDesc>
        <layoutDesc>
        <layout/>
       </layoutDesc>
      </objectDesc>
      <handDesc>
       <handNote>Schrift erhaben</handNote>
      </handDesc>
     </physDesc>
     <history>
      <origin>
       <date notBefore='1701-05-28'>1701-05-28</date>
       <country type="ISO_3166" key="XA-DE-HH">
        Germany
        <region>Hamburg</region>
       </country>
       <settlement type='city' key='tgn:7012310'>
        Hamburg-Altona, Königstraße 
        <geogName>
         Jüdischer Friedhof
         <geo decls="#WGS">53.549373 9.950545</geo>
         <location>
          <geo decls='Planquadrat'>EN</geo>
         </location>
         <location>
          <geo decls='Feld Grabnummer'>S 1212</geo>
         </location>
        </geogName>
       </settlement>
      </origin>
     </history>
    </msDesc>
   </sourceDesc>
  </fileDesc>
  <encodingDesc>
   <p>Encoded according to the EpiDoc Guidelines, Schema Version 8.18</p>
   <classDecl>
    <taxonomy>
     <category xml:id='foto1'>
      <catDesc>
       <persName ref='http://d-nb.info/gnd/128472499' role='photographer'>
        Bert Sommer, 
        <orgName ref="http://d-nb.info/gnd/212562-6">Steinheim-Institut</orgName>
       </persName>
      </catDesc>
     </category>
     <category xml:id='foto6'>
      <catDesc>Fundstücke, Dan Bondy</catDesc>
     </category>
     <category xml:id='foto5'>
      <catDesc>Denkmalpflegerische Massnahme</catDesc>
     </category>
     <category xml:id='foto4'>
      <catDesc>^# Denkmalschutzamt Hamburg</catDesc>
     </category>
     <category xml:id='foto3'>
      <catDesc>Eduard Duckesz Glasplatten ^# CAHJP Jerusalem, Glasplatten: HMB/2452, Inv 2326 · Digitalisat: CDB/5-7</catDesc>
     </category>
     <category xml:id='foto2'>
      <catDesc>Historische Aufnahmen [Mikrofilme] ^# Staatsarchiv Hamburg, Bestand 741-4 Fotoarchiv, Signatur P 2333</catDesc>
     </category>
     <category xml:id='foto7'>
      <catDesc>Aufgenommen in der Synagoge Innsbruck</catDesc>
     </category>
    </taxonomy>
   </classDecl>
   <geoDecl xml:id="WGS" datum="WGS84">World Geodetic System</geoDecl>
  </encodingDesc>
  <profileDesc>
   <particDesc>
    <listPerson>
     <person xml:id="hha-1488-1" sex='1'>
      <persName>Mosche ben Jaakow Schmuel</persName>
       <event when='1701-05-28' type="dateofdeath">
       <desc/>
      </event>
     </person>
    </listPerson>
   </particDesc>
    <langUsage>
    <!-- According to bcp47 http://tools.ietf.org/html/bcp47 (Language) and ISO15924 (writing System)-->
    <language ident='he' usage='100'>Hebrew</language>
   </langUsage>
  </profileDesc>
   <revisionDesc>
   <change/>
  </revisionDesc>
 </teiHeader>
 <facsimile>
  <graphic url='http://steinheim-institut.de/daten/picshha/xl/1488_EN_0110140115.jpg'>
    <desc>
    <ref target='#foto1'/>
    <date when='2001-10-14'/>
    recto
   </desc>
  </graphic>
  <graphic url='http://steinheim-institut.de/daten/picshha/xl/fd/541--31.jpg'>
    <desc>
    <ref target='#foto3'/>
   </desc>
  </graphic>
  <graphic url='http://steinheim-institut.de/daten/picshha/xl/mf/04/00000065.jpg'>
    <desc>
    <ref target='#foto2'/>
   </desc>
  </graphic>
 </facsimile>
 <text>
  <body>
   <div type='edition'>
    <head>Edition</head>
     <ab>
     <lb n='1'/>
     ‎‏פ״נ‏‎
‏‎     <lb n='2'/>
     ‎‏מאן דרחים לרבנן קשישה ׃‏‎
‏‎     <lb n='3'/>
     ‎‏שקבע עת לתורה ופרושה ׃‏‎
‏‎     <lb n='4'/>
     ‎‏הקדים לכנישתא ולדרשה ׃‏‎
‏‎     <lb n='5'/>
     ‎‏ולמרום עלה בעתו כגדשה ׃‏‎
‏‎     <lb n='6'/>
     ‎‏ונפטר יו׳ ש״ק נכנס לקדושה ׃‏‎
‏‎     <lb n='7'/>
     ‎‏רץ שב ך׳ אייר עת קרא פרשה ׃‏‎
‏‎     <lb n='8'/>
     ‎‏בן הר״ר יעקב שמואל כ׳ משה ׃‏‎
‏‎     <lb n='9'/>
     ‎‏רגבי קבר יו׳ א׳ ך״א בו ירשה ׃‏‎
‏‎     <lb n='10'/>
     ‎‏גן עדן ינוח בניחח ואשה ׃‏‎
‏‎     <lb n='11'/>
     ‎‏תס״א לפ״ק‏‎
‏‎     <lb n='12'/>
     ‎‏תנצב״ה‏‎
‏‎    </ab>
   </div>
   <div type='translation'>
    <head>Übersetzung</head>
     <ab>
     <lb n='1'/>
     Hier ist begraben
     <lb n='2'/>
     ›der, welcher unsere großen Gelehrten liebte‹,
     <lb n='3'/>
     ›der feste Zeiten setzte für die Tora‹ und ihre Auslegung,
     <lb n='4'/>
     der früh war in der Synagoge und zur Predigt,
     <lb n='5'/>
     und zur Höhe hinaufstieg, ›wie die Garbe eingefahren wird, zur rechten Zeit‹ 
     <lb n='6'/>
     und er verschied am Tage des heiligen Schabbat, betreten hat er das Heiligtum
     <lb n='7'/>
     geschwind, zurück kehrte er (am) 20. Ijar, als er den Wochenabschnitt las,
     <lb n='8'/>
     der Sohn des Meisters, Herrn Jaakow Schmuel, der geehrte Mosche,
     <lb n='9'/>
     (zu den) Grabschollen (am) Tag 1, 21. desselben,
     <lb n='10'/>
     im Garten Eden möge er ruhen im Wohlgeruch von Ganzopfern,
     <lb n='11'/>
     461 der kleinen Zählung.
     <lb n='12'/>
     Seine Seele sei eingebunden in das Bündel des Lebens
    </ab>
   </div>
   <div type="commentary" subtype="Zitate">
    <head>Zitate</head>
    <p>Zl 2: bSchab 23b</p>
    <p>Zl 3: bSchab 31a</p>
    <p>Zl 5: nach Ijob 5,26</p>
   </div>
   <div type='commentary' subtype='Stilmittel'>
    <head>Stilmittel</head>
    <p>
     <label>Reim</label>
      auf -scha(e)h in Zln 2-10 (den Namen einschließend).
    </p>
    <p>
     <label>Akrostichon</label>
      in Zeilen 2-10: ‎‏משה וורברג‏‎ Mosche Warburg
    </p>
   </div>
   <div type="commentary" subtype="Prosopographie">
    <head>Prosopographie</head>
   </div>
   <div type="bibliography">
    <head>Bibliographie</head>
    <p>to be done ...</p>
   </div>
  </body>
 </text>
</TEI>
