﻿<?xml version="1.0" encoding="UTF-8"?>
<?xml-model href="http://www.stoa.org/epidoc/schema/8.18/tei-epidoc.rng" schematypens="http://relaxng.org/ns/structure/1.0"?>
<TEI xmlns:xi="http://www.w3.org/2001/XInclude" xmlns:svg="http://www.w3.org/2000/svg" xmlns:math="http://www.w3.org/1998/Math/MathML" xmlns="http://www.tei-c.org/ns/1.0">
 <teiHeader>
  <fileDesc>
   <titleStmt>
    <title xml:lang='de'>Grabmal für Jecheskel ben Awraham (Jecheskel Katzenellenbogen), gest. 1749-07-09, Jüdischer Friedhof Hamburg-Altona, Königstraße</title>
    <respStmt xml:lang="de">
     <resp>herausgegeben vom</resp>
     <orgName ref="http://d-nb.info/gnd/212562-6">
      Salomon Ludwig Steinheim-Institut
      <address>
       <addrLine>Edmund-Körner-Platz 2</addrLine>
       <addrLine>D-45127 Essen</addrLine>
      </address>
     </orgName>
    </respStmt>
   </titleStmt>
    <editionStmt>
    <edition/>
   </editionStmt>
   <extent/>
   <publicationStmt>
    <publisher>
     <orgName ref="http://d-nb.info/gnd/212562-6">
      Salomon Ludwig Steinheim-Institut 
      <address>
       <addrLine>Edmund-Körner-Platz 2</addrLine>
       <addrLine>D-45127 Essen</addrLine>
      </address>
     </orgName>
    </publisher>
    <idno>hha-1721</idno>
    <idno type="url">http://www.steinheim-institut.de/cgi-bin/epidat?id=hha-1721</idno>
    <availability xml:lang="en" status="free">
     <licence>
      <ref target="http://creativecommons.org/licenses/by/4.0/">Distributed under a Creative Commons licence Attribution-BY 4.0</ref>
      <p>
       All reuse or distribution of this work must contain somewhere a link back to the URL 
       <ref>http://www.steinheim-institut.de/cgi-bin/epidat?id=hha-1721</ref>
      </p>
     </licence>
    </availability>
   </publicationStmt>
    <notesStmt>
    <note/>
   </notesStmt>
   <sourceDesc>
    <bibl>born digital</bibl>
     <msDesc>
     <msIdentifier/>
     <physDesc>
      <objectDesc>
       <supportDesc>
        <support>
         <p>
          <material>Sandstein</material>
          <dimensions>
           <dim>1,570 x 0,580 x 0,130 m</dim>
          </dimensions>
         </p>
        </support>
        <condition>
         <p>
          <date>2006</date>
           in situ (Nach Restaurierung nur noch) Beschädigung leicht
         </p>
        </condition>
       </supportDesc>
        <layoutDesc>
        <layout/>
       </layoutDesc>
      </objectDesc>
      <handDesc>
       <handNote>Schrift erhaben</handNote>
      </handDesc>
      <decoDesc>
       <decoNote type='symbol'>Amtssymbol: Buch</decoNote>
       <decoNote type='ornament'>floral: Palmetten; gestalterisch</decoNote>
      </decoDesc>
     </physDesc>
     <history>
      <origin>
       <date notBefore='1749-07-09'>1749-07-09</date>
       <country type="ISO_3166" key="XA-DE-HH">
        Germany
        <region>Hamburg</region>
       </country>
       <settlement type='city' key='tgn:7012310'>
        Hamburg-Altona, Königstraße 
        <geogName>
         Jüdischer Friedhof
         <geo decls="#WGS">53.549373 9.950545</geo>
         <location>
          <geo decls='Planquadrat'>FE</geo>
         </location>
         <location>
          <geo decls='Feld Grabnummer'>N 3073</geo>
         </location>
        </geogName>
       </settlement>
      </origin>
     </history>
    </msDesc>
   </sourceDesc>
  </fileDesc>
  <encodingDesc>
   <p>Encoded according to the EpiDoc Guidelines, Schema Version 8.18</p>
   <classDecl>
    <taxonomy>
     <category xml:id='foto1'>
      <catDesc>
       <persName ref='http://d-nb.info/gnd/128472499' role='photographer'>
        Bert Sommer, 
        <orgName ref="http://d-nb.info/gnd/212562-6">Steinheim-Institut</orgName>
       </persName>
      </catDesc>
     </category>
     <category xml:id='foto6'>
      <catDesc>Fundstücke, Dan Bondy</catDesc>
     </category>
     <category xml:id='foto5'>
      <catDesc>Denkmalpflegerische Massnahme</catDesc>
     </category>
     <category xml:id='foto4'>
      <catDesc>^# Denkmalschutzamt Hamburg</catDesc>
     </category>
     <category xml:id='foto3'>
      <catDesc>Eduard Duckesz Glasplatten ^# CAHJP Jerusalem, Glasplatten: HMB/2452, Inv 2326 · Digitalisat: CDB/5-7</catDesc>
     </category>
     <category xml:id='foto2'>
      <catDesc>Historische Aufnahmen [Mikrofilme] ^# Staatsarchiv Hamburg, Bestand 741-4 Fotoarchiv, Signatur P 2333</catDesc>
     </category>
     <category xml:id='foto7'>
      <catDesc>Aufgenommen in der Synagoge Innsbruck</catDesc>
     </category>
    </taxonomy>
   </classDecl>
   <geoDecl xml:id="WGS" datum="WGS84">World Geodetic System</geoDecl>
  </encodingDesc>
  <profileDesc>
   <particDesc>
    <listPerson>
     <person xml:id="hha-1721-1" sex='1'>
      <persName>Jecheskel ben Awraham (Jecheskel Katzenellenbogen)</persName>
       <event when='1749-07-09' type="dateofdeath">
       <desc/>
      </event>
     </person>
    </listPerson>
   </particDesc>
    <langUsage>
    <!-- According to bcp47 http://tools.ietf.org/html/bcp47 (Language) and ISO15924 (writing System)-->
    <language ident='he' usage='76'>Hebrew</language>
    <language ident='en' usage='23'>English</language>
   </langUsage>
  </profileDesc>
   <revisionDesc>
   <change/>
  </revisionDesc>
 </teiHeader>
 <facsimile>
  <graphic url='http://steinheim-institut.de/daten/picshha/xl/1721_FE_0110140204.jpg'>
    <desc>
    <ref target='#foto1'/>
    <date when='2001-10-14'/>
    recto
   </desc>
  </graphic>
  <graphic url='http://steinheim-institut.de/daten/picshha/xl/mf/02/00000428.jpg'>
    <desc>
    <ref target='#foto2'/>
   </desc>
  </graphic>
  <graphic url='http://steinheim-institut.de/daten/picshha/xl/mf/15/00000069.jpg'>
    <desc>
    <ref target='#foto2'/>
   </desc>
  </graphic>
 </facsimile>
 <text>
  <body>
   <div type='edition'>
    <head>Edition</head>
    <div type='textpart' subtype='recto'>
      <ab>
      <lb n='1'/>
      ‎‏פ״נ בעל מחבר תשובת‏‎
‏‎      <lb n='2'/>
      ‎‏כנסת יחזקאל‏‎
‏‎      <lb n='3'/>
      ‎‏ולחם יחזקאל‏‎
‏‎      <lb n='4'/>
      ‎‏ומים יחזקאל‏‎
‏‎      <lb n='5'/>
      ‎‏הרב [המפו]רסם‏‎
‏‎      <lb n='6'/>
      ‎‏אב״ד מהור״ר יחזקאל‏‎
‏‎      <lb n='7'/>
      ‎‏ב׳ המפורסם מהור״ר‏‎
‏‎      <lb n='8'/>
      ‎‏אברהם זלה״ה‏‎
‏‎      <lb n='9'/>
      ‎‏קצנאלפוגן אב״ד דשל׳‏‎
‏‎      <lb n='10'/>
      ‎‏קהלות אלטונ׳ המבור׳‏‎
‏‎      <lb n='11'/>
      ‎‏וונזבעק נפטר ונקבר ‏‎
‏‎      <lb n='12'/>
      ‎‏יום ד׳ ך״ג תמוז תק״ט לפ״ק‏‎
‏‎      <lb n='13'/>
      ‎‏תנצב״ה‏‎
‏‎     </ab>
    </div>
    <div type='textpart' subtype='Metalltafel'>
      <ab>
      <lb n='14'/>
      Jecheskel Katzenellenbogen
      <lb n='15'/>
      1669-1749
      <lb n='16'/>
      Restored 1994 by descendants
      <lb n='17'/>
      David Allan. Daniel. Weiner - Stockholm
     </ab>
    </div>
   </div>
   <div type='translation'>
    <head>Übersetzung</head>
    <div type='textpart' subtype='recto'>
      <ab>
      <lb n='1'/>
      Hier ist begraben der Verfasser der Responsen:
      <lb n='2'/>
      Jecheskels Versammlung,
      <lb n='3'/>
      und Jecheskels Brot,
      <lb n='4'/>
      und Jecheskels Wasser,
      <lb n='5'/>
      der weitbekannte Rabbiner,
      <lb n='6'/>
      Vorsitzender der Gerichtsbarkeit, unser Lehrer, der Meister, Herr Jecheskel,
      <lb n='7'/>
      Sohn des weitbekannten, unseres Lehrers, des Meisters, Herrn
      <lb n='8'/>
      Awraham, sein Andenken zum Leben in der künftigen Welt,
      <lb n='9'/>
      Katzenellenbogen, Vorsitzender der Gerichtsbarkeit der drei
      <lb n='10'/>
      Gemeinden: Altona, Hamburg,
      <lb n='11'/>
      Wandsbek, verschieden und begraben
      <lb n='12'/>
      Tag 4, 23. Tammus 509 der kleinen Zählung.
      <lb n='13'/>
      Seine Seele sei eingebunden in das Bündel des Lebens
     </ab>
    </div>
   </div>
   <div type="commentary" subtype="Endkommentar">
    <head>Endkommentar</head>
    <p>Jecheskel Katzenellenbogen, zwischen 1714 und 1749 Oberrabbiner in Altona, zählt zu den osteuropäischen Gelehrten, die am meisten zur Berühmheit des Sitzes beitrugen. 1668 in Litauen geboren, erwarb er seine talmudische Ausbildung in Lemberg und Brest-Litowsk, heiratete die Tochter des dortigen Gemeindevorstehers und wirkte in mehreren litauischen Gemeinden, bevor er den Ruf nach Altona erhielt. Katzenellenbogen verfasste die Responsensammlung Knesset Jecheskel (Altona 1733), den Talmudkommentar Lechem Jecheskel und den Predigtband Maim Jecheskel, der erst 1786 gedruckt wurde. Er war im Kampf gegen die Sekte der Sabbatianer aktiv, legte deren Mitglieder 1726 in den Bann und untersagte die Lektüre aller kabbalistischen Schriften, die in den letzten sechzig Jahren erschienen waren. Jakob Emden, der die Ketzerjagd fortsetzen sollte, erfuhr bei seiner Ankunft in Altona 1733 zeitweilig die Unterstützung des Oberrabbiners. Unter den oft umfangreichen Rabbinereulogien des Altonaer Friedhofs ist seine Inschrift außergewöhnlich schlicht, da sie nur die objektiven Amts- und Werkdaten aufführt. Aus Bescheidenheit hatte sich der Verstorbene darüber hinausgehendes Lob in seinem Testament verbeten, das auch die Bestattungszeremonien genau regelte. Sein Nachfolger, der Oberrabbiner Jakob Ettlinger, übernahm diese testamentarischen Bestimmungen und erhielt daher eine ebenfalls auf bibliographische Angaben reduzierte Grabschrift.</p>
   </div>
   <div type="commentary" subtype="Prosopographie">
    <head>Prosopographie</head>
   </div>
   <div type="bibliography">
    <head>Bibliographie</head>
    <p>to be done ...</p>
   </div>
  </body>
 </text>
</TEI>
