﻿<?xml version="1.0" encoding="UTF-8"?>
<?xml-model href="http://www.stoa.org/epidoc/schema/8.18/tei-epidoc.rng" schematypens="http://relaxng.org/ns/structure/1.0"?>
<TEI xmlns:xi="http://www.w3.org/2001/XInclude" xmlns:svg="http://www.w3.org/2000/svg" xmlns:math="http://www.w3.org/1998/Math/MathML" xmlns="http://www.tei-c.org/ns/1.0">
 <teiHeader>
  <fileDesc>
   <titleStmt>
    <title xml:lang='de'>Grabmal für Breine bat Awraham ∞ Jokew Heilbut, gest. 1718-11-13, Jüdischer Friedhof Hamburg-Altona, Königstraße</title>
    <respStmt xml:lang="de">
     <resp>herausgegeben vom</resp>
     <orgName ref="http://d-nb.info/gnd/212562-6">
      Salomon Ludwig Steinheim-Institut
      <address>
       <addrLine>Edmund-Körner-Platz 2</addrLine>
       <addrLine>D-45127 Essen</addrLine>
      </address>
     </orgName>
    </respStmt>
   </titleStmt>
    <editionStmt>
    <edition/>
   </editionStmt>
   <extent/>
   <publicationStmt>
    <publisher>
     <orgName ref="http://d-nb.info/gnd/212562-6">
      Salomon Ludwig Steinheim-Institut 
      <address>
       <addrLine>Edmund-Körner-Platz 2</addrLine>
       <addrLine>D-45127 Essen</addrLine>
      </address>
     </orgName>
    </publisher>
    <idno>hha-1222</idno>
    <idno type="url">http://www.steinheim-institut.de/cgi-bin/epidat?id=hha-1222</idno>
    <availability xml:lang="en" status="free">
     <licence>
      <ref target="http://creativecommons.org/licenses/by/4.0/">Distributed under a Creative Commons licence Attribution-BY 4.0</ref>
      <p>
       All reuse or distribution of this work must contain somewhere a link back to the URL 
       <ref>http://www.steinheim-institut.de/cgi-bin/epidat?id=hha-1222</ref>
      </p>
     </licence>
    </availability>
   </publicationStmt>
    <notesStmt>
    <note/>
   </notesStmt>
   <sourceDesc>
    <bibl>born digital</bibl>
     <msDesc>
     <msIdentifier/>
     <physDesc>
      <objectDesc>
       <supportDesc>
        <support>
         <p>
          <material>Sandstein</material>
          <dimensions>
           <dim>0,980 x 0,580 x 0,120 m</dim>
          </dimensions>
         </p>
        </support>
        <condition>
         <p>
          <date>2006</date>
           in situ 
          <damage agent='Verwitterung'>Verwitterung mittel</damage>
         </p>
        </condition>
       </supportDesc>
        <layoutDesc>
        <layout/>
       </layoutDesc>
      </objectDesc>
      <handDesc>
       <handNote>Schrift vertieft</handNote>
      </handDesc>
     </physDesc>
     <history>
      <origin>
       <date notBefore='1718-11-13'>1718-11-13</date>
       <country type="ISO_3166" key="XA-DE-HH">
        Germany
        <region>Hamburg</region>
       </country>
       <settlement type='city' key='tgn:7012310'>
        Hamburg-Altona, Königstraße 
        <geogName>
         Jüdischer Friedhof
         <geo decls="#WGS">53.549373 9.950545</geo>
         <location>
          <geo decls='Planquadrat'>EK</geo>
         </location>
         <location>
          <geo decls='Feld Grabnummer'>CII 371</geo>
         </location>
        </geogName>
       </settlement>
      </origin>
     </history>
    </msDesc>
   </sourceDesc>
  </fileDesc>
  <encodingDesc>
   <p>Encoded according to the EpiDoc Guidelines, Schema Version 8.18</p>
   <classDecl>
    <taxonomy>
     <category xml:id='foto1'>
      <catDesc>
       <persName ref='http://d-nb.info/gnd/128472499' role='photographer'>
        Bert Sommer, 
        <orgName ref="http://d-nb.info/gnd/212562-6">Steinheim-Institut</orgName>
       </persName>
      </catDesc>
     </category>
     <category xml:id='foto6'>
      <catDesc>Fundstücke, Dan Bondy</catDesc>
     </category>
     <category xml:id='foto5'>
      <catDesc>Denkmalpflegerische Massnahme</catDesc>
     </category>
     <category xml:id='foto4'>
      <catDesc>^# Denkmalschutzamt Hamburg</catDesc>
     </category>
     <category xml:id='foto3'>
      <catDesc>Eduard Duckesz Glasplatten ^# CAHJP Jerusalem, Glasplatten: HMB/2452, Inv 2326 · Digitalisat: CDB/5-7</catDesc>
     </category>
     <category xml:id='foto2'>
      <catDesc>Historische Aufnahmen [Mikrofilme] ^# Staatsarchiv Hamburg, Bestand 741-4 Fotoarchiv, Signatur P 2333</catDesc>
     </category>
     <category xml:id='foto7'>
      <catDesc>Aufgenommen in der Synagoge Innsbruck</catDesc>
     </category>
    </taxonomy>
   </classDecl>
   <geoDecl xml:id="WGS" datum="WGS84">World Geodetic System</geoDecl>
  </encodingDesc>
  <profileDesc>
   <particDesc>
    <listPerson>
     <person xml:id="hha-1222-1" sex='2'>
      <persName>Breine bat Awraham ∞ Jokew Heilbut</persName>
       <event when='1718-11-13' type="dateofdeath">
       <desc/>
      </event>
     </person>
    </listPerson>
   </particDesc>
    <langUsage>
    <!-- According to bcp47 http://tools.ietf.org/html/bcp47 (Language) and ISO15924 (writing System)-->
    <language ident='he' usage='100'>Hebrew</language>
   </langUsage>
  </profileDesc>
   <revisionDesc>
   <change/>
  </revisionDesc>
 </teiHeader>
 <facsimile>
  <graphic url='http://steinheim-institut.de/daten/picshha/xl/1222_EK_0110150125.jpg'>
    <desc>
    <ref target='#foto1'/>
    <date when='2001-10-15'/>
    recto
   </desc>
  </graphic>
  <graphic url='http://steinheim-institut.de/daten/picshha/xl/mf/01/00000426.jpg'>
    <desc>
    <ref target='#foto2'/>
   </desc>
  </graphic>
 </facsimile>
 <text>
  <body>
   <div type='edition'>
    <head>Edition</head>
     <ab>
     <lb n='1'/>
     ‎‏ציון‏‎
‏‎     <lb n='2'/>
     ‎‏הוקם על האשה הגבירה שהיתה‏‎
‏‎     <lb n='3'/>
     ‎‏עטרה לבעלה במצות וגמילות‏‎
‏‎     <lb n='4'/>
     ‎‏חסדים אהוב (!) למטה ונחמד (!)‏‎
‏‎     <lb n='5'/>
     ‎‏למעלה עד זקנה ושיבה עליה‏‎
‏‎     <lb n='6'/>
     ‎‏ספדו ווי לאזלא ווי לחבלה‏‎
‏‎     <lb n='7'/>
     ‎‏ה״ה האשה הצנועה בריינה בת‏‎
‏‎     <lb n='8'/>
     ‎‏אברהם זצ״ל אשת הגביר‏‎
‏‎     <lb n='9'/>
     ‎‏והישיש כהר״ר יאקב היילבוט‏‎
‏‎     <lb n='10'/>
     ‎‏שנפטרה ונקברה ביום א׳‏‎
‏‎     <lb n='11'/>
     ‎‏י״ט חשון תע״ט לפ״ק‏‎
‏‎     <lb n='12'/>
     ‎‏תנצב״ה‏‎
‏‎    </ab>
   </div>
   <div type='translation'>
    <head>Übersetzung</head>
     <ab>
     <lb n='1'/>
     Grabzeichen
     <lb n='2'/>
     ›hochgestellt über die Frau‹, die Stattliche, ›die
     <lb n='3'/>
     ihrem Gatten eine Krone war‹, in Gebot(serfüllung) und dem Erweis
     <lb n='4'/>
     ›von Liebeswerken geliebt Hinieden und liebenswert
     <lb n='5'/>
     Droben‹, bis ins Alter und Greisentum, über sie
     <lb n='6'/>
     ward wehgeklagt, wehe dem Weggegangenen, wehe dem Pfand,
     <lb n='7'/>
     es ist die züchtige Frau, Breine, Tochter des
     <lb n='8'/>
     Awraham, das Andenken des Gerechten zum Segen, Gattin des Stattlichen,
     <lb n='9'/>
     des Greisen, des geehrten Meisters, Herrn Jokew Heilbut,
     <lb n='10'/>
     die verschied und begraben ward am Tag 1,
     <lb n='11'/>
     19. Cheschvan 479 der kleinen Zählung.
     <lb n='12'/>
     Ihre Seele sei eingebunden in das Bündel des Lebens
    </ab>
   </div>
   <div type="commentary" subtype="Zitate">
    <head>Zitate</head>
    <p>Zl 2: Vgl. 2 Sam 23,1</p>
    <p>Zl 2f: Spr 12,4</p>
    <p>Zl 4f: Nach bBer 17a</p>
   </div>
   <div type='commentary' subtype='Stilmittel'>
    <head>Stilmittel</head>
    <p>
     <label>Reim</label>
      auf -lah in Zln 3,5,6.
    </p>
   </div>
   <div type="commentary" subtype="Zeilenkommentar">
    <head>Zeilenkommentar</head>
    <p>Zl 6: Pfand, das ist die Seele, die als solche dem Menschen gegeben wird und bei seinem Tode zum Schöpfer zurückkehrt.</p>
   </div>
   <div type="commentary" subtype="Prosopographie">
    <head>Prosopographie</head>
   </div>
   <div type="bibliography">
    <head>Bibliographie</head>
    <p>to be done ...</p>
   </div>
  </body>
 </text>
</TEI>
