﻿<?xml version="1.0" encoding="UTF-8"?>
<?xml-model href="http://www.stoa.org/epidoc/schema/8.18/tei-epidoc.rng" schematypens="http://relaxng.org/ns/structure/1.0"?>
<TEI xmlns:xi="http://www.w3.org/2001/XInclude" xmlns:svg="http://www.w3.org/2000/svg" xmlns:math="http://www.w3.org/1998/Math/MathML" xmlns="http://www.tei-c.org/ns/1.0">
 <teiHeader>
  <fileDesc>
   <titleStmt>
    <title xml:lang='de'>Grabmal für Meir Mosche ben Seew (Meier Wolf), gest. 1864-12-29, Jüdischer Friedhof Hamburg-Altona, Königstraße</title>
    <respStmt xml:lang="de">
     <resp>herausgegeben vom</resp>
     <orgName ref="http://d-nb.info/gnd/212562-6">
      Salomon Ludwig Steinheim-Institut
      <address>
       <addrLine>Edmund-Körner-Platz 2</addrLine>
       <addrLine>D-45127 Essen</addrLine>
      </address>
     </orgName>
    </respStmt>
   </titleStmt>
    <editionStmt>
    <edition/>
   </editionStmt>
   <extent/>
   <publicationStmt>
    <publisher>
     <orgName ref="http://d-nb.info/gnd/212562-6">
      Salomon Ludwig Steinheim-Institut 
      <address>
       <addrLine>Edmund-Körner-Platz 2</addrLine>
       <addrLine>D-45127 Essen</addrLine>
      </address>
     </orgName>
    </publisher>
    <idno>hha-1113</idno>
    <idno type="url">http://www.steinheim-institut.de/cgi-bin/epidat?id=hha-1113</idno>
    <availability xml:lang="en" status="free">
     <licence>
      <ref target="http://creativecommons.org/licenses/by/4.0/">Distributed under a Creative Commons licence Attribution-BY 4.0</ref>
      <p>
       All reuse or distribution of this work must contain somewhere a link back to the URL 
       <ref>http://www.steinheim-institut.de/cgi-bin/epidat?id=hha-1113</ref>
      </p>
     </licence>
    </availability>
   </publicationStmt>
    <notesStmt>
    <note/>
   </notesStmt>
   <sourceDesc>
    <bibl>born digital</bibl>
     <msDesc>
     <msIdentifier/>
     <physDesc>
      <objectDesc>
       <supportDesc>
        <support>
         <p>
          <material>Stein</material>
         </p>
        </support>
        <condition>
         <p>
          <date>2006</date>
           non in situ Beschädigung schwer 
          <damage agent='Verwitterung'>Verwitterung mittel</damage>
         </p>
        </condition>
       </supportDesc>
        <layoutDesc>
        <layout/>
       </layoutDesc>
      </objectDesc>
      <handDesc>
       <handNote>Schrift vertieft (VS; RS: Deutsch)</handNote>
      </handDesc>
      <decoDesc>
       <decoNote type='ornament'>floral: Palmetten</decoNote>
      </decoDesc>
     </physDesc>
     <history>
      <origin>
       <date notBefore='1864-12-29'>1864-12-29</date>
       <country type="ISO_3166" key="XA-DE-HH">
        Germany
        <region>Hamburg</region>
       </country>
       <settlement type='city' key='tgn:7012310'>
        Hamburg-Altona, Königstraße 
        <geogName>
         Jüdischer Friedhof
         <geo decls="#WGS">53.549373 9.950545</geo>
         <location>
          <geo decls='Planquadrat'>EI</geo>
         </location>
         <location>
          <geo decls='Feld Grabnummer'>CI 27</geo>
         </location>
        </geogName>
       </settlement>
      </origin>
     </history>
    </msDesc>
   </sourceDesc>
  </fileDesc>
  <encodingDesc>
   <p>Encoded according to the EpiDoc Guidelines, Schema Version 8.18</p>
   <classDecl>
    <taxonomy>
     <category xml:id='foto1'>
      <catDesc>
       <persName ref='http://d-nb.info/gnd/128472499' role='photographer'>
        Bert Sommer, 
        <orgName ref="http://d-nb.info/gnd/212562-6">Steinheim-Institut</orgName>
       </persName>
      </catDesc>
     </category>
     <category xml:id='foto6'>
      <catDesc>Fundstücke, Dan Bondy</catDesc>
     </category>
     <category xml:id='foto5'>
      <catDesc>Denkmalpflegerische Massnahme</catDesc>
     </category>
     <category xml:id='foto4'>
      <catDesc>^# Denkmalschutzamt Hamburg</catDesc>
     </category>
     <category xml:id='foto3'>
      <catDesc>Eduard Duckesz Glasplatten ^# CAHJP Jerusalem, Glasplatten: HMB/2452, Inv 2326 · Digitalisat: CDB/5-7</catDesc>
     </category>
     <category xml:id='foto2'>
      <catDesc>Historische Aufnahmen [Mikrofilme] ^# Staatsarchiv Hamburg, Bestand 741-4 Fotoarchiv, Signatur P 2333</catDesc>
     </category>
     <category xml:id='foto7'>
      <catDesc>Aufgenommen in der Synagoge Innsbruck</catDesc>
     </category>
    </taxonomy>
   </classDecl>
   <geoDecl xml:id="WGS" datum="WGS84">World Geodetic System</geoDecl>
  </encodingDesc>
  <profileDesc>
   <particDesc>
    <listPerson>
     <person xml:id="hha-1113-1" sex='1'>
      <persName>Meir Mosche ben Seew (Meier Wolf)</persName>
       <event when='1864-12-29' type="dateofdeath">
       <desc/>
      </event>
     </person>
    </listPerson>
   </particDesc>
    <langUsage>
    <!-- According to bcp47 http://tools.ietf.org/html/bcp47 (Language) and ISO15924 (writing System)-->
    <language ident='he' usage='53'>Hebrew</language>
    <language ident='de' usage='46'>German</language>
   </langUsage>
  </profileDesc>
   <revisionDesc>
   <change/>
  </revisionDesc>
 </teiHeader>
 <facsimile>
  <graphic url='http://steinheim-institut.de/daten/picshha/xl/1113_EI_0409020111.jpg'>
    <desc>
    <ref target='#foto1'/>
    <date when='2004-09-02'/>
    recto
   </desc>
  </graphic>
  <graphic url='http://steinheim-institut.de/daten/picshha/xl/1113_EI_0409020124.jpg'>
    <desc>
    <ref target='#foto1'/>
    <date when='2004-09-02'/>
    verso
   </desc>
  </graphic>
  <graphic url='http://steinheim-institut.de/daten/picshha/xl/mf/01/00000027.jpg'>
    <desc>
    <ref target='#foto2'/>
   </desc>
  </graphic>
  <graphic url='http://steinheim-institut.de/daten/picshha/xl/mf/01/00000271.jpg'>
    <desc>
    <ref target='#foto2'/>
    verso
   </desc>
  </graphic>
 </facsimile>
 <text>
  <body>
   <div type='edition'>
    <head>Edition</head>
    <div type='textpart' subtype='recto'>
      <ab>
      <lb n='1'/>
      ‎‏[‎‏פ״נ]‏‎
‏‎      <lb n='2'/>
      ‎‏[‎‏איש אמונים כ׳]‏‎
‏‎      <lb n='3'/>
      ‎‏מאיר משה ב״ר זאב‏‎
‏‎      <lb n='4'/>
      ‎‏נפטר ביום ה׳ ל׳ כסלו‏‎
‏‎      <lb n='5'/>
      ‎‏ונק׳ עש״ק ב׳ דר״ח טבת תרכ״ה‏‎
‏‎      <lb n='6'/>
      ‎‏מרה אל תזעקו אשה וששה בנים!‏‎
‏‎      <lb n='7'/>
      ‎‏אל הלקח בעלך ואביכם לעדן הרננים‏‎
‏‎      <lb n='8'/>
      ‎‏יבא....יגיע התור ובגן עדנים‏‎
‏‎      <lb n='9'/>
      ‎‏ראה תראו אותו פנים אל פנים‏‎
‏‎      <lb n='10'/>
      ‎‏תנצב״ה‏‎
‏‎     </ab>
    </div>
    <div type='textpart' subtype='verso'>
      <ab>
      <lb n='11'/>
      Hier ruhet
      <lb n='12'/>
      Meier Wolf
      <lb n='13'/>
      geb. 12. Aug. 5577
      <lb n='14'/>
      gest. 29. Decb. 5625.
      <lb n='15'/>
      Warum auf ewig klagen und weinen
      <lb n='16'/>
      Ein Wiedersehen gilt für den Frommen,
      <lb n='17'/>
      Gott, der Gatte und Vater genommen
      <lb n='18'/>
      Wird einst im Eden uns vereinen
     </ab>
    </div>
   </div>
   <div type='translation'>
    <head>Übersetzung</head>
    <div type='textpart' subtype='recto'>
      <ab>
      <lb n='1'/>
      Hier ist begraben
      <lb n='2'/>
      ›ein Mann von Treuen‹, der geehrte
      <lb n='3'/>
      Meir Mosche, Sohn des Herrn Seew,
      <lb n='4'/>
      verschieden am Tag 5, 30. Kislev,
      <lb n='5'/>
      und begraben (am) Rüsttag des heiligen Schabbat, 2. Neumondstag Tewet 625,
      <lb n='6'/>
      ihr Ehegattin und sechs Kinder, lasset das bittere Schreien,
      <lb n='7'/>
      ›darüber, dass der Gatte und Vater von euch genommen wurde‹ ins fröhliche Eden,
      <lb n='8'/>
      werde kommen ... ›es kommt der Augenblick‹ und im Garten Eden
      <lb n='9'/>
      werdet ihr ihn ›sehen von Angesicht zu Angesicht‹.
      <lb n='10'/>
      Seine Seele sei eingebunden in das Bündel des Lebens
     </ab>
    </div>
   </div>
   <div type="commentary" subtype="Zitate">
    <head>Zitate</head>
    <p>Zl 2: Spr 20,10</p>
    <p>Zl 7: 1Sam 4,19</p>
    <p>Zl 8: Est 2,15</p>
    <p>Zl 9: Gen 32,31</p>
   </div>
   <div type='commentary' subtype='Stilmittel'>
    <head>Stilmittel</head>
    <p>
     <label>Reim</label>
      auf -nim in Zln. 6-9.
    </p>
    <p>
     <label>Akrostichon</label>
      in Zeilen 6-9: ‎‏מאיר‏‎ Meir
    </p>
   </div>
   <div type="commentary" subtype="Zeilenkommentar">
    <head>Zeilenkommentar</head>
    <p>Zl 8b: Wörtlich: an der Reihe kommen.</p>
   </div>
   <div type="commentary" subtype="Endkommentar">
    <head>Endkommentar</head>
    <p>Die histor. Aufnahme zeigt das Grabmal vollständig und in situ.</p>
   </div>
   <div type="commentary" subtype="Prosopographie">
    <head>Prosopographie</head>
   </div>
   <div type="bibliography">
    <head>Bibliographie</head>
    <p>to be done ...</p>
   </div>
  </body>
 </text>
</TEI>
