﻿<?xml version="1.0" encoding="UTF-8"?>
<?xml-model href="http://www.stoa.org/epidoc/schema/8.18/tei-epidoc.rng" schematypens="http://relaxng.org/ns/structure/1.0"?>
<TEI xmlns:xi="http://www.w3.org/2001/XInclude" xmlns:svg="http://www.w3.org/2000/svg" xmlns:math="http://www.w3.org/1998/Math/MathML" xmlns="http://www.tei-c.org/ns/1.0">
 <teiHeader>
  <fileDesc>
   <titleStmt>
    <title xml:lang='de'>Grabmal für Elieser Lipmann ben Eisek Peine, gest. 1793-03-06, Jüdischer Friedhof Hamburg-Altona, Königstraße</title>
    <respStmt xml:lang="de">
     <resp>herausgegeben vom</resp>
     <orgName ref="http://d-nb.info/gnd/212562-6">
      Salomon Ludwig Steinheim-Institut
      <address>
       <addrLine>Edmund-Körner-Platz 2</addrLine>
       <addrLine>D-45127 Essen</addrLine>
      </address>
     </orgName>
    </respStmt>
   </titleStmt>
    <editionStmt>
    <edition/>
   </editionStmt>
   <extent/>
   <publicationStmt>
    <publisher>
     <orgName ref="http://d-nb.info/gnd/212562-6">
      Salomon Ludwig Steinheim-Institut 
      <address>
       <addrLine>Edmund-Körner-Platz 2</addrLine>
       <addrLine>D-45127 Essen</addrLine>
      </address>
     </orgName>
    </publisher>
    <idno>hha-13</idno>
    <idno type="url">http://www.steinheim-institut.de/cgi-bin/epidat?id=hha-13</idno>
    <availability xml:lang="en" status="free">
     <licence>
      <ref target="http://creativecommons.org/licenses/by/4.0/">Distributed under a Creative Commons licence Attribution-BY 4.0</ref>
      <p>
       All reuse or distribution of this work must contain somewhere a link back to the URL 
       <ref>http://www.steinheim-institut.de/cgi-bin/epidat?id=hha-13</ref>
      </p>
     </licence>
    </availability>
   </publicationStmt>
    <notesStmt>
    <note/>
   </notesStmt>
   <sourceDesc>
    <bibl>born digital</bibl>
     <msDesc>
     <msIdentifier/>
     <physDesc>
      <objectDesc>
       <supportDesc>
        <support>
         <p>
          <material>Stein</material>
         </p>
        </support>
        <condition>
         <p>
          <date>2006</date>
           non in situoben rechts ist ein Stück aus dem Stein heraus gebrochendas Schriftfeld liegt im oberen Drittel der Stele
         </p>
        </condition>
       </supportDesc>
        <layoutDesc>
        <layout/>
       </layoutDesc>
      </objectDesc>
     </physDesc>
     <history>
      <origin>
       <date notBefore='1793-03-06'>1793-03-06</date>
       <country type="ISO_3166" key="XA-DE-HH">
        Germany
        <region>Hamburg</region>
       </country>
       <settlement type='city' key='tgn:7012310'>
        Hamburg-Altona, Königstraße 
        <geogName>
         Jüdischer Friedhof
         <geo decls="#WGS">53.549373 9.950545</geo>
         <location>
          <geo decls='Planquadrat'>AG</geo>
         </location>
         <location>
          <geo decls='Feld Grabnummer'>O 2628</geo>
         </location>
        </geogName>
       </settlement>
      </origin>
     </history>
    </msDesc>
   </sourceDesc>
  </fileDesc>
  <encodingDesc>
   <p>Encoded according to the EpiDoc Guidelines, Schema Version 8.18</p>
   <classDecl>
    <taxonomy>
     <category xml:id='foto1'>
      <catDesc>
       <persName ref='http://d-nb.info/gnd/128472499' role='photographer'>
        Bert Sommer, 
        <orgName ref="http://d-nb.info/gnd/212562-6">Steinheim-Institut</orgName>
       </persName>
      </catDesc>
     </category>
     <category xml:id='foto6'>
      <catDesc>Fundstücke, Dan Bondy</catDesc>
     </category>
     <category xml:id='foto5'>
      <catDesc>Denkmalpflegerische Massnahme</catDesc>
     </category>
     <category xml:id='foto4'>
      <catDesc>^# Denkmalschutzamt Hamburg</catDesc>
     </category>
     <category xml:id='foto3'>
      <catDesc>Eduard Duckesz Glasplatten ^# CAHJP Jerusalem, Glasplatten: HMB/2452, Inv 2326 · Digitalisat: CDB/5-7</catDesc>
     </category>
     <category xml:id='foto2'>
      <catDesc>Historische Aufnahmen [Mikrofilme] ^# Staatsarchiv Hamburg, Bestand 741-4 Fotoarchiv, Signatur P 2333</catDesc>
     </category>
     <category xml:id='foto7'>
      <catDesc>Aufgenommen in der Synagoge Innsbruck</catDesc>
     </category>
    </taxonomy>
   </classDecl>
   <geoDecl xml:id="WGS" datum="WGS84">World Geodetic System</geoDecl>
  </encodingDesc>
  <profileDesc>
   <particDesc>
    <listPerson>
     <person xml:id="hha-13-1" sex='1'>
      <persName>Elieser Lipmann ben Eisek Peine</persName>
       <event when='1793-03-06' type="dateofdeath">
       <desc/>
      </event>
     </person>
    </listPerson>
   </particDesc>
    <langUsage>
    <!-- According to bcp47 http://tools.ietf.org/html/bcp47 (Language) and ISO15924 (writing System)-->
    <language ident='he' usage='100'>Hebrew</language>
   </langUsage>
  </profileDesc>
   <revisionDesc>
   <change/>
  </revisionDesc>
 </teiHeader>
 <facsimile>
  <graphic url='http://steinheim-institut.de/daten/picshha/xl/0013_AG_0105210213.jpg'>
    <desc>
    <ref target='#foto1'/>
    <date when='2001-05-21'/>
    recto
   </desc>
  </graphic>
  <graphic url='http://steinheim-institut.de/daten/picshha/xl/mf/05/00000438.jpg'>
    <desc>
    <ref target='#foto2'/>
   </desc>
  </graphic>
 </facsimile>
 <text>
  <body>
   <div type='edition'>
    <head>Edition</head>
     <ab>
     <lb n='1'/>
     ‎‏לשם שבו ואחלמה‏‎
‏‎     <lb n='2'/>
     ‎‏יפה ענף וחרש מצל וגבה קומה‏‎
‏‎     <lb n='3'/>
     ‎‏פתאום נפלה עליו תרדמה‏‎
‏‎     <lb n='4'/>
     ‎‏מוצב ארצה וראשו מגיע השמימ׳‏‎
‏‎     <lb n='5'/>
     ‎‏נצבה אלומתו וגם קמה‏‎
‏‎     <lb n='6'/>
     ‎‏ה״ה התורני כ״ה אליעזר ליפמן‏‎
‏‎     <lb n='7'/>
     ‎‏ב׳ פו״מ כ״ה אייזק פאהן נפטר‏‎
‏‎     <lb n='8'/>
     ‎‏אור ליום ה׳ ך״ג אדר תקנ״ג לפ״ק‏‎
‏‎     <lb n='9'/>
     ‎‏ונקבר למחרתו‏‎
‏‎     <lb n='10'/>
     ‎‏תנצב״ה‏‎
‏‎    </ab>
   </div>
   <div type='translation'>
    <head>Übersetzung</head>
     <ab>
     <lb n='1'/>
     ›Hyacinth, Achat und Amethyst‹,
     <lb n='2'/>
     ›schön von Zweigen mit schattendem Laub und hoch von Wuchs‹,
     <lb n='3'/>
     plötzlich ›fiel über ihn ein tiefer Schlaf‹,
     <lb n='4'/>
     ›gestellt auf die Erde, doch sein Haupt reicht an die Himmel‹,
     <lb n='5'/>
     ›seine Garbe blieb stehen, sie hatte sich erhoben‹,
     <lb n='6'/>
     es ist der Toragelehrte, der geehrte Herr Elieser Lipmann,
     <lb n='7'/>
     Sohn des Vorstehers und Leiters, des geehrten Herrn Eisek Peine, verschieden
     <lb n='8'/>
     zu Beginn des Tages 5, 23. Adar 553 der kleinen Zählung
     <lb n='9'/>
     und begraben am Tag darauf.
     <lb n='10'/>
     Seine Seele sei eingebunden in das Bündel des Lebens
    </ab>
   </div>
   <div type="commentary" subtype="Zitate">
    <head>Zitate</head>
    <p>Zl 1: Ex 28,19; Ex 39,12</p>
    <p>Zl 2: Ez 31,3</p>
    <p>Zl 3: nach Gen 2,21</p>
    <p>Zl 4: Gen 28,12</p>
    <p>Zl 5: nach Gen 37,7</p>
   </div>
   <div type='commentary' subtype='Stilmittel'>
    <head>Stilmittel</head>
    <p>
     <label>Reim</label>
      auf -mah in Zln 1-5.
    </p>
    <p>
     <label>Akrostichon</label>
      in Zeilen 1-5: ‎‏ליפמן‏‎ Lipman
    </p>
   </div>
   <div type="commentary" subtype="Zeilenkommentar">
    <head>Zeilenkommentar</head>
    <p>Zl 1: Aus diesen Edelsteinen wurde die dritte Reihe des Brustschild für das Gewand der Priester im Tempel hergestellt gefertigt.</p>
   </div>
   <div type="commentary" subtype="Prosopographie">
    <head>Prosopographie</head>
   </div>
   <div type="bibliography">
    <head>Bibliographie</head>
    <p>to be done ...</p>
   </div>
  </body>
 </text>
</TEI>
