﻿<?xml version="1.0" encoding="UTF-8"?>
<?xml-model href="http://www.stoa.org/epidoc/schema/8.18/tei-epidoc.rng" schematypens="http://relaxng.org/ns/structure/1.0"?>
<TEI xmlns:xi="http://www.w3.org/2001/XInclude" xmlns:svg="http://www.w3.org/2000/svg" xmlns:math="http://www.w3.org/1998/Math/MathML" xmlns="http://www.tei-c.org/ns/1.0">
 <teiHeader>
  <fileDesc>
   <titleStmt>
    <title xml:lang='de'>Grabmal für Asriel ben Michel, gest. 1701-10-08, Jüdischer Friedhof Hamburg-Altona, Königstraße</title>
    <respStmt xml:lang="de">
     <resp>herausgegeben vom</resp>
     <orgName ref="http://d-nb.info/gnd/212562-6">
      Salomon Ludwig Steinheim-Institut
      <address>
       <addrLine>Edmund-Körner-Platz 2</addrLine>
       <addrLine>D-45127 Essen</addrLine>
      </address>
     </orgName>
    </respStmt>
   </titleStmt>
    <editionStmt>
    <edition/>
   </editionStmt>
   <extent/>
   <publicationStmt>
    <publisher>
     <orgName ref="http://d-nb.info/gnd/212562-6">
      Salomon Ludwig Steinheim-Institut 
      <address>
       <addrLine>Edmund-Körner-Platz 2</addrLine>
       <addrLine>D-45127 Essen</addrLine>
      </address>
     </orgName>
    </publisher>
    <idno>hha-1485</idno>
    <idno type="url">http://www.steinheim-institut.de/cgi-bin/epidat?id=hha-1485</idno>
    <availability xml:lang="en" status="free">
     <licence>
      <ref target="http://creativecommons.org/licenses/by/4.0/">Distributed under a Creative Commons licence Attribution-BY 4.0</ref>
      <p>
       All reuse or distribution of this work must contain somewhere a link back to the URL 
       <ref>http://www.steinheim-institut.de/cgi-bin/epidat?id=hha-1485</ref>
      </p>
     </licence>
    </availability>
   </publicationStmt>
    <notesStmt>
    <note/>
   </notesStmt>
   <sourceDesc>
    <bibl>born digital</bibl>
     <msDesc>
     <msIdentifier/>
     <physDesc>
      <objectDesc>
       <supportDesc>
        <support>
         <p>
          <material>Stein</material>
         </p>
        </support>
        <condition>
         <p>
          <date>2006</date>
           in situ Beschädigung leicht
         </p>
        </condition>
       </supportDesc>
        <layoutDesc>
        <layout/>
       </layoutDesc>
      </objectDesc>
      <handDesc>
       <handNote>Schrift erhaben</handNote>
      </handDesc>
      <decoDesc>
       <decoNote type='ornament'>floral: Palmetten</decoNote>
      </decoDesc>
     </physDesc>
     <history>
      <origin>
       <date notBefore='1701-10-08'>1701-10-08</date>
       <country type="ISO_3166" key="XA-DE-HH">
        Germany
        <region>Hamburg</region>
       </country>
       <settlement type='city' key='tgn:7012310'>
        Hamburg-Altona, Königstraße 
        <geogName>
         Jüdischer Friedhof
         <geo decls="#WGS">53.549373 9.950545</geo>
         <location>
          <geo decls='Planquadrat'>EN</geo>
         </location>
         <location>
          <geo decls='Feld Grabnummer'>S 1215</geo>
         </location>
        </geogName>
       </settlement>
      </origin>
     </history>
    </msDesc>
   </sourceDesc>
  </fileDesc>
  <encodingDesc>
   <p>Encoded according to the EpiDoc Guidelines, Schema Version 8.18</p>
   <classDecl>
    <taxonomy>
     <category xml:id='foto1'>
      <catDesc>
       <persName ref='http://d-nb.info/gnd/128472499' role='photographer'>
        Bert Sommer, 
        <orgName ref="http://d-nb.info/gnd/212562-6">Steinheim-Institut</orgName>
       </persName>
      </catDesc>
     </category>
     <category xml:id='foto6'>
      <catDesc>Fundstücke, Dan Bondy</catDesc>
     </category>
     <category xml:id='foto5'>
      <catDesc>Denkmalpflegerische Massnahme</catDesc>
     </category>
     <category xml:id='foto4'>
      <catDesc>^# Denkmalschutzamt Hamburg</catDesc>
     </category>
     <category xml:id='foto3'>
      <catDesc>Eduard Duckesz Glasplatten ^# CAHJP Jerusalem, Glasplatten: HMB/2452, Inv 2326 · Digitalisat: CDB/5-7</catDesc>
     </category>
     <category xml:id='foto2'>
      <catDesc>Historische Aufnahmen [Mikrofilme] ^# Staatsarchiv Hamburg, Bestand 741-4 Fotoarchiv, Signatur P 2333</catDesc>
     </category>
     <category xml:id='foto7'>
      <catDesc>Aufgenommen in der Synagoge Innsbruck</catDesc>
     </category>
    </taxonomy>
   </classDecl>
   <geoDecl xml:id="WGS" datum="WGS84">World Geodetic System</geoDecl>
  </encodingDesc>
  <profileDesc>
   <particDesc>
    <listPerson>
     <person xml:id="hha-1485-1" sex='1'>
      <persName>Asriel ben Michel</persName>
       <event when='1701-10-08' type="dateofdeath">
       <desc/>
      </event>
     </person>
    </listPerson>
   </particDesc>
    <langUsage>
    <!-- According to bcp47 http://tools.ietf.org/html/bcp47 (Language) and ISO15924 (writing System)-->
    <language ident='he' usage='100'>Hebrew</language>
   </langUsage>
  </profileDesc>
   <revisionDesc>
   <change/>
  </revisionDesc>
 </teiHeader>
 <facsimile>
  <graphic url='http://steinheim-institut.de/daten/picshha/xl/1485_EN_0110140122.jpg'>
    <desc>
    <ref target='#foto1'/>
    <date when='2001-10-14'/>
    recto
   </desc>
  </graphic>
  <graphic url='http://steinheim-institut.de/daten/picshha/xl/fd/540--13a.jpg'>
    <desc>
    <ref target='#foto3'/>
   </desc>
  </graphic>
  <graphic url='http://steinheim-institut.de/daten/picshha/xl/mf/04/00000062.jpg'>
    <desc>
    <ref target='#foto2'/>
   </desc>
  </graphic>
 </facsimile>
 <text>
  <body>
   <div type='edition'>
    <head>Edition</head>
     <ab>
     <lb n='1'/>
     ‎‏קינה ׃‏‎
‏‎     <lb n='2'/>
     ‎‏ודמינה? ׃‏‎
‏‎     <lb n='3'/>
     ‎‏לאיש כבן שבעים שנה ׃‏‎
‏‎     <lb n='4'/>
     ‎‏על זה רוב יספדו אבל לכל ׃‏‎
‏‎     <lb n='5'/>
     ‎‏זכרו לטוב מדתו בכל מכל ׃‏‎
‏‎     <lb n='6'/>
     ‎‏רש ועני ישביע זן וכלכל ׃‏‎
‏‎     <lb n='7'/>
     ‎‏ירש גן עדן וזכותו יאכל ׃‏‎
‏‎     <lb n='8'/>
     ‎‏איש אשר אתו אל גם יוכל ׃‏‎
‏‎     <lb n='9'/>
     ‎‏לו יקרא עזריאל בר מיכל ׃‏‎
‏‎     <lb n='10'/>
     ‎‏ז״ל נפטר יום ש״ק ו׳ תשרי‏‎
‏‎     <lb n='11'/>
     ‎‏ונקבר יום ב׳ ח׳ בו שנת‏‎
‏‎     <lb n='12'/>
     ‎‏תס״ב לפ״ק‏‎
‏‎     <lb n='13'/>
     ‎‏תנצב״ה ‏‎
‏‎    </ab>
   </div>
   <div type='translation'>
    <head>Übersetzung</head>
     <ab>
     <lb n='1'/>
     Klagelied
     <lb n='2'/>
     und .. 
     <lb n='3'/>
     über einem Manne, an die siebzig Jahre alt,
     <lb n='4'/>
     über ihn wehklagt die Mehrzahl, Trauer ist's für alle,
     <lb n='5'/>
     gedenket zum Guten seine Tugenden mit? allem und in allem
     <lb n='6'/>
     Darbenden und Armen sättigt, ernährt und versorgt,
     <lb n='7'/>
     sein Erbteil ist Garten Eden und sein Verdienst genießt er,
     <lb n='8'/>
     ein Mann mit dem Gott ist,
     <lb n='9'/>
     genannt wird er Asriel, Sohn des Michel,
     <lb n='10'/>
     sein Andenken zum Segen, verschieden am Tage des heiligen Schabbat, 6. Tischri
     <lb n='11'/>
     und begraben Tag 2, 8. desselben des Jahres
     <lb n='12'/>
     462 der kleinen Zählung.
     <lb n='13'/>
     Seine Seele sei eingebunden in das Bündel des Lebens
    </ab>
   </div>
   <div type='commentary' subtype='Stilmittel'>
    <head>Stilmittel</head>
    <p>
     <label>Reim</label>
      auf -nah in Zln 1-3, auf -kol in Zln 4-6 und auf -chal in in Zln 7-9 (den Vatersnamen einschließend).
    </p>
    <p>
     <label>Akrostichon</label>
      ASRIEL in Zl 4 und in Zln 4-9.
    </p>
   </div>
   <div type="commentary" subtype="Zeilenkommentar">
    <head>Zeilenkommentar</head>
    <p>Zl 5a: Aus dem Tischgebet (‎‏ברכת המזון‏‎).</p>
    <p>Zl 6b: Klingt ebenfalls an den Tischgebet an.</p>
   </div>
   <div type="commentary" subtype="Prosopographie">
    <head>Prosopographie</head>
   </div>
   <div type="bibliography">
    <head>Bibliographie</head>
    <p>to be done ...</p>
   </div>
  </body>
 </text>
</TEI>
