﻿<?xml version="1.0" encoding="UTF-8"?>
<?xml-model href="http://www.stoa.org/epidoc/schema/8.18/tei-epidoc.rng" schematypens="http://relaxng.org/ns/structure/1.0"?>
<TEI xmlns:xi="http://www.w3.org/2001/XInclude" xmlns:svg="http://www.w3.org/2000/svg" xmlns:math="http://www.w3.org/1998/Math/MathML" xmlns="http://www.tei-c.org/ns/1.0">
 <teiHeader>
  <fileDesc>
   <titleStmt>
    <title xml:lang='de'>Grabmal für Meir ben Awraham Lübke, gest. 1705-12-03, Jüdischer Friedhof Hamburg-Altona, Königstraße</title>
    <respStmt xml:lang="de">
     <resp>herausgegeben vom</resp>
     <orgName ref="http://d-nb.info/gnd/212562-6">
      Salomon Ludwig Steinheim-Institut
      <address>
       <addrLine>Edmund-Körner-Platz 2</addrLine>
       <addrLine>D-45127 Essen</addrLine>
      </address>
     </orgName>
    </respStmt>
   </titleStmt>
    <editionStmt>
    <edition/>
   </editionStmt>
   <extent/>
   <publicationStmt>
    <publisher>
     <orgName ref="http://d-nb.info/gnd/212562-6">
      Salomon Ludwig Steinheim-Institut 
      <address>
       <addrLine>Edmund-Körner-Platz 2</addrLine>
       <addrLine>D-45127 Essen</addrLine>
      </address>
     </orgName>
    </publisher>
    <idno>hha-1522</idno>
    <idno type="url">http://www.steinheim-institut.de/cgi-bin/epidat?id=hha-1522</idno>
    <availability xml:lang="en" status="free">
     <licence>
      <ref target="http://creativecommons.org/licenses/by/4.0/">Distributed under a Creative Commons licence Attribution-BY 4.0</ref>
      <p>
       All reuse or distribution of this work must contain somewhere a link back to the URL 
       <ref>http://www.steinheim-institut.de/cgi-bin/epidat?id=hha-1522</ref>
      </p>
     </licence>
    </availability>
   </publicationStmt>
    <notesStmt>
    <note/>
   </notesStmt>
   <sourceDesc>
    <bibl>born digital</bibl>
     <msDesc>
     <msIdentifier/>
     <physDesc>
      <objectDesc>
       <supportDesc>
        <support>
         <p>
          <material>Stein</material>
         </p>
        </support>
        <condition>
         <p>
          <date>2006</date>
           in situ 
          <damage agent='Verwitterung'>Verwitterung leicht</damage>
         </p>
        </condition>
       </supportDesc>
        <layoutDesc>
        <layout/>
       </layoutDesc>
      </objectDesc>
      <handDesc>
       <handNote>Schrift vertieft</handNote>
      </handDesc>
      <decoDesc>
       <decoNote type='ornament'>floral; gestalterisch: aufgespannter Mantel</decoNote>
      </decoDesc>
     </physDesc>
     <history>
      <origin>
       <date notBefore='1705-12-03'>1705-12-03</date>
       <country type="ISO_3166" key="XA-DE-HH">
        Germany
        <region>Hamburg</region>
       </country>
       <settlement type='city' key='tgn:7012310'>
        Hamburg-Altona, Königstraße 
        <geogName>
         Jüdischer Friedhof
         <geo decls="#WGS">53.549373 9.950545</geo>
         <location>
          <geo decls='Planquadrat'>EO</geo>
         </location>
         <location>
          <geo decls='Feld Grabnummer'>S 1261</geo>
         </location>
        </geogName>
       </settlement>
      </origin>
     </history>
    </msDesc>
   </sourceDesc>
  </fileDesc>
  <encodingDesc>
   <p>Encoded according to the EpiDoc Guidelines, Schema Version 8.18</p>
   <classDecl>
    <taxonomy>
     <category xml:id='foto1'>
      <catDesc>
       <persName ref='http://d-nb.info/gnd/128472499' role='photographer'>
        Bert Sommer, 
        <orgName ref="http://d-nb.info/gnd/212562-6">Steinheim-Institut</orgName>
       </persName>
      </catDesc>
     </category>
     <category xml:id='foto6'>
      <catDesc>Fundstücke, Dan Bondy</catDesc>
     </category>
     <category xml:id='foto5'>
      <catDesc>Denkmalpflegerische Massnahme</catDesc>
     </category>
     <category xml:id='foto4'>
      <catDesc>^# Denkmalschutzamt Hamburg</catDesc>
     </category>
     <category xml:id='foto3'>
      <catDesc>Eduard Duckesz Glasplatten ^# CAHJP Jerusalem, Glasplatten: HMB/2452, Inv 2326 · Digitalisat: CDB/5-7</catDesc>
     </category>
     <category xml:id='foto2'>
      <catDesc>Historische Aufnahmen [Mikrofilme] ^# Staatsarchiv Hamburg, Bestand 741-4 Fotoarchiv, Signatur P 2333</catDesc>
     </category>
     <category xml:id='foto7'>
      <catDesc>Aufgenommen in der Synagoge Innsbruck</catDesc>
     </category>
    </taxonomy>
   </classDecl>
   <geoDecl xml:id="WGS" datum="WGS84">World Geodetic System</geoDecl>
  </encodingDesc>
  <profileDesc>
   <particDesc>
    <listPerson>
     <person xml:id="hha-1522-1" sex='1'>
      <persName>Meir ben Awraham Lübke</persName>
       <event when='1705-12-03' type="dateofdeath">
       <desc/>
      </event>
     </person>
    </listPerson>
   </particDesc>
    <langUsage>
    <!-- According to bcp47 http://tools.ietf.org/html/bcp47 (Language) and ISO15924 (writing System)-->
    <language ident='he' usage='100'>Hebrew</language>
   </langUsage>
  </profileDesc>
   <revisionDesc>
   <change/>
  </revisionDesc>
 </teiHeader>
 <facsimile>
  <graphic url='http://steinheim-institut.de/daten/picshha/xl/1522_EO_0110120405.jpg'>
    <desc>
    <ref target='#foto1'/>
    <date when='2001-10-12'/>
    recto
   </desc>
  </graphic>
  <graphic url='http://steinheim-institut.de/daten/picshha/xl/mf/04/00000090.jpg'>
    <desc>
    <ref target='#foto2'/>
   </desc>
  </graphic>
 </facsimile>
 <text>
  <body>
   <div type='edition'>
    <head>Edition</head>
     <ab>
     <lb n='1'/>
     ‎‏פ״נ‏‎
‏‎     <lb n='2'/>
     ‎‏איש שהיה‏‎
‏‎     <lb n='3'/>
     ‎‏מבקר חולים וזהיר‏‎
‏‎     <lb n='4'/>
     ‎‏אבלים מנחם ומהיר‏‎
‏‎     <lb n='5'/>
     ‎‏יכנס ארח חוץ ועיר‏‎
‏‎     <lb n='6'/>
     ‎‏רפאתו לזקן וצעיר‏‎
‏‎     <lb n='7'/>
     ‎‏ה״ה הנעלה כמר מאיר‏‎
‏‎     <lb n='8'/>
     ‎‏בר אברהם ליבקא ז״ל‏‎
‏‎     <lb n='9'/>
     ‎‏נפטר ונקבר יו׳ ה׳ ט״ז‏‎
‏‎     <lb n='10'/>
     ‎‏כסליו תס״ו לפ״ק‏‎
‏‎     <lb n='11'/>
     ‎‏תנצב״ה‏‎
‏‎    </ab>
   </div>
   <div type='translation'>
    <head>Übersetzung</head>
     <ab>
     <lb n='1'/>
     Hier ist begraben
     <lb n='2'/>
     ein Mann, welcher
     <lb n='3'/>
     ›Kranke besuchte und (darin) achtsam war,
     <lb n='4'/>
     Trauernde tröstete‹ und (darin) flink war,
     <lb n='5'/>
     Gäste aufnahm, seien sie fremd oder heimisch,
     <lb n='6'/>
     Heilung brachte für alt und jung,
     <lb n='7'/>
     es ist der Erhabene, der geehrte Herr Meir,
     <lb n='8'/>
     Sohn des Awraham Lübke, sein Andenken zum Segen,
     <lb n='9'/>
     verschieden und begraben Tag 5, 16.
     <lb n='10'/>
     Kislev 466 der kleinen Zählung.
     <lb n='11'/>
     Seine Seele sei eingebunden in das Bündel des Lebens
    </ab>
   </div>
   <div type="commentary" subtype="Zitate">
    <head>Zitate</head>
    <p>Zl 3f: bSot 14a</p>
   </div>
   <div type='commentary' subtype='Stilmittel'>
    <head>Stilmittel</head>
    <p>Verseulogie: fünfzeiliges Namensgedicht mit durchlaufendem Reim und Akrostichon; dreihebige Verse</p>
    <p>
     <label>Reim</label>
      auf -ir in Zln 3-7 (den Namen einschließend).
    </p>
    <p>
     <label>Akrostichon</label>
      in Zeilen 3-6: ‎‏מאיר‏‎ Meir
    </p>
   </div>
   <div type="commentary" subtype="Endkommentar">
    <head>Endkommentar</head>
    <p>Der wohltätige Hausherr: Die Grabschrift für Meir Lübke gibt eine ungewöhnlich umfangreiche Auswahl aus den Bereichen der aktiven Wohltätigkeit, an denen sich auch finanziell minder bemittelte Gemeindeglieder betätigen konnten: Sorge um Kranke, Unterstützung von Trauernden, Unterbringung von Migranten, Beköstigung von Armen, Hilfe für Bedürftige aller Art.</p>
   </div>
   <div type="commentary" subtype="Prosopographie">
    <head>Prosopographie</head>
   </div>
   <div type="bibliography">
    <head>Bibliographie</head>
    <p>to be done ...</p>
   </div>
  </body>
 </text>
</TEI>
