﻿<?xml version="1.0" encoding="UTF-8"?>
<?xml-model href="http://www.stoa.org/epidoc/schema/8.18/tei-epidoc.rng" schematypens="http://relaxng.org/ns/structure/1.0"?>
<TEI xmlns:xi="http://www.w3.org/2001/XInclude" xmlns:svg="http://www.w3.org/2000/svg" xmlns:math="http://www.w3.org/1998/Math/MathML" xmlns="http://www.tei-c.org/ns/1.0">
 <teiHeader>
  <fileDesc>
   <titleStmt>
    <title xml:lang='de'>Grabmal für Bella bat Baruch Bendit SeGaL ∞ Jokew Gratwohl, gest. 1707-09-04, Jüdischer Friedhof Hamburg-Altona, Königstraße</title>
    <respStmt xml:lang="de">
     <resp>herausgegeben vom</resp>
     <orgName ref="http://d-nb.info/gnd/212562-6">
      Salomon Ludwig Steinheim-Institut
      <address>
       <addrLine>Edmund-Körner-Platz 2</addrLine>
       <addrLine>D-45127 Essen</addrLine>
      </address>
     </orgName>
    </respStmt>
   </titleStmt>
    <editionStmt>
    <edition/>
   </editionStmt>
   <extent/>
   <publicationStmt>
    <publisher>
     <orgName ref="http://d-nb.info/gnd/212562-6">
      Salomon Ludwig Steinheim-Institut 
      <address>
       <addrLine>Edmund-Körner-Platz 2</addrLine>
       <addrLine>D-45127 Essen</addrLine>
      </address>
     </orgName>
    </publisher>
    <idno>hha-1436</idno>
    <idno type="url">http://www.steinheim-institut.de/cgi-bin/epidat?id=hha-1436</idno>
    <availability xml:lang="en" status="free">
     <licence>
      <ref target="http://creativecommons.org/licenses/by/4.0/">Distributed under a Creative Commons licence Attribution-BY 4.0</ref>
      <p>
       All reuse or distribution of this work must contain somewhere a link back to the URL 
       <ref>http://www.steinheim-institut.de/cgi-bin/epidat?id=hha-1436</ref>
      </p>
     </licence>
    </availability>
   </publicationStmt>
    <notesStmt>
    <note/>
   </notesStmt>
   <sourceDesc>
    <bibl>born digital</bibl>
     <msDesc>
     <msIdentifier/>
     <physDesc>
      <objectDesc>
       <supportDesc>
        <support>
         <p>
          <material>Stein</material>
         </p>
        </support>
        <condition>
         <p>
          <date>2006</date>
           in situ 
          <damage agent='Verwitterung'>Verwitterung mittel</damage>
         </p>
        </condition>
       </supportDesc>
        <layoutDesc>
        <layout/>
       </layoutDesc>
      </objectDesc>
      <handDesc>
       <handNote>Schrift erhaben</handNote>
      </handDesc>
     </physDesc>
     <history>
      <origin>
       <date notBefore='1707-09-04'>1707-09-04</date>
       <country type="ISO_3166" key="XA-DE-HH">
        Germany
        <region>Hamburg</region>
       </country>
       <settlement type='city' key='tgn:7012310'>
        Hamburg-Altona, Königstraße 
        <geogName>
         Jüdischer Friedhof
         <geo decls="#WGS">53.549373 9.950545</geo>
         <location>
          <geo decls='Planquadrat'>EN</geo>
         </location>
         <location>
          <geo decls='Feld Grabnummer'>S 1332</geo>
         </location>
        </geogName>
       </settlement>
      </origin>
     </history>
    </msDesc>
   </sourceDesc>
  </fileDesc>
  <encodingDesc>
   <p>Encoded according to the EpiDoc Guidelines, Schema Version 8.18</p>
   <classDecl>
    <taxonomy>
     <category xml:id='foto1'>
      <catDesc>
       <persName ref='http://d-nb.info/gnd/128472499' role='photographer'>
        Bert Sommer, 
        <orgName ref="http://d-nb.info/gnd/212562-6">Steinheim-Institut</orgName>
       </persName>
      </catDesc>
     </category>
     <category xml:id='foto6'>
      <catDesc>Fundstücke, Dan Bondy</catDesc>
     </category>
     <category xml:id='foto5'>
      <catDesc>Denkmalpflegerische Massnahme</catDesc>
     </category>
     <category xml:id='foto4'>
      <catDesc>^# Denkmalschutzamt Hamburg</catDesc>
     </category>
     <category xml:id='foto3'>
      <catDesc>Eduard Duckesz Glasplatten ^# CAHJP Jerusalem, Glasplatten: HMB/2452, Inv 2326 · Digitalisat: CDB/5-7</catDesc>
     </category>
     <category xml:id='foto2'>
      <catDesc>Historische Aufnahmen [Mikrofilme] ^# Staatsarchiv Hamburg, Bestand 741-4 Fotoarchiv, Signatur P 2333</catDesc>
     </category>
     <category xml:id='foto7'>
      <catDesc>Aufgenommen in der Synagoge Innsbruck</catDesc>
     </category>
    </taxonomy>
   </classDecl>
   <geoDecl xml:id="WGS" datum="WGS84">World Geodetic System</geoDecl>
  </encodingDesc>
  <profileDesc>
   <particDesc>
    <listPerson>
     <person xml:id="hha-1436-1" sex='2'>
      <persName>Bella bat Baruch Bendit SeGaL ∞ Jokew Gratwohl</persName>
       <event when='1707-09-04' type="dateofdeath">
       <desc/>
      </event>
     </person>
    </listPerson>
   </particDesc>
    <langUsage>
    <!-- According to bcp47 http://tools.ietf.org/html/bcp47 (Language) and ISO15924 (writing System)-->
    <language ident='he' usage='100'>Hebrew</language>
   </langUsage>
  </profileDesc>
   <revisionDesc>
   <change/>
  </revisionDesc>
 </teiHeader>
 <facsimile>
  <graphic url='http://steinheim-institut.de/daten/picshha/xl/1436_EN_0309140220.jpg'>
    <desc>
    <ref target='#foto1'/>
    <date when='2003-09-14'/>
    recto
   </desc>
  </graphic>
  <graphic url='http://steinheim-institut.de/daten/picshha/xl/mf/04/00000147.jpg'>
    <desc>
    <ref target='#foto2'/>
   </desc>
  </graphic>
 </facsimile>
 <text>
  <body>
   <div type='edition'>
    <head>Edition</head>
     <ab>
     <lb n='1'/>
     ‎‏פ״נ אשה‏‎
‏‎     <lb n='2'/>
     ‎‏בת בטוחה ׃ רוב שבחה ׃‏‎
‏‎     <lb n='3'/>
     ‎‏ידע שיחה ׃ הדר פעלה ׃‏‎
‏‎     <lb n='4'/>
     ‎‏לשם גוחה ׃ פלל צוחה ׃‏‎
‏‎     <lb n='5'/>
     ‎‏הכן רוחה ׃ בת תפילה ׃‏‎
‏‎     <lb n='6'/>
     ‎‏נרד ריחה ׃ בכ״ה לקחה ׃‏‎
‏‎     <lb n='7'/>
     ‎‏נפשה נחה ׃ מרת בילה ׃‏‎
‏‎     <lb n='8'/>
     ‎‏בת האלוף ומנהיג הר״ר בר[וך]‏‎
‏‎     <lb n='9'/>
     ‎‏בענדיט סג״ל אשת הר״ר‏‎
‏‎     <lb n='10'/>
     ‎‏יאקב גראטוואל נפטרה‏‎
‏‎     <lb n='11'/>
     ‎‏יום ש״ק ז׳ אלול ונקברה יו׳‏‎
‏‎     <lb n='12'/>
     ‎‏א׳ ח׳ בו שנת תס״ז לפ״ק‏‎
‏‎     <lb n='13'/>
     ‎‏תנצב״ה‏‎
‏‎    </ab>
   </div>
   <div type='translation'>
    <head>Übersetzung</head>
     <ab>
     <lb n='1'/>
     Hier ist geborgen eine Frau
     <lb n='2'/>
     eine verlässliche Tochter, voll des Lobes,
     <lb n='3'/>
     der Redekenntnis, ›prächtiger Tat‹.
     <lb n='4'/>
     Hinfort wurde sie gerissen, flehender Schreie,
     <lb n='5'/>
     ›bereit war ihr Geist‹, eine Tochter des Gebets.
     <lb n='6'/>
     ›Narde ihres Wohlgeruchs‹, 25jährig nahm Er sie, 
     <lb n='7'/>
     ihre Seele ruht: Frau Bella,
     <lb n='8'/>
     Tochter des Vornehmen und Leiters, des Meisters, Herrn Baruch
     <lb n='9'/>
     Bendit SeGaL, Gattin des Meisters, Herrn
     <lb n='10'/>
     Jokew Gratwohl, verschieden
     <lb n='11'/>
     Tag des heiligen Schabbat, 7. Elul, und begraben Tag
     <lb n='12'/>
     1, 8. desselben (Monats), des Jahres 467 der kleinen Zählung.
     <lb n='13'/>
     Ihre Seele sei eingebunden in das Bündel des Lebens
    </ab>
   </div>
   <div type="commentary" subtype="Zitate">
    <head>Zitate</head>
    <p>Zl 3: Ps 111,3</p>
    <p>Zl 5: nach Ps 51,12</p>
    <p>Zl 6: nach Hld 1,12</p>
   </div>
   <div type='commentary' subtype='Stilmittel'>
    <head>Stilmittel</head>
    <p>Verseulogie: Namensgedicht in zwölf Hemistichen mit Reim aa/ab/aa/ab/aa/ab und Akrostichon; zweiwortige Hemistichen</p>
    <p>
     <label>Reim</label>
      auf -chah in Zln 2-7 und -lah in Zln 3, 5, 7.
    </p>
    <p>
     <label>Akrostichon</label>
      in Zeilen 2-5: ‎‏בילה‏‎ Bella
    </p>
   </div>
   <div type="commentary" subtype="Endkommentar">
    <head>Endkommentar</head>
    <p>Die junge Ehefrau: In der Tradition der frühneuzeitlichen ars moriendi verwendet der Dichter drei seiner sechs Verse auf die Beschreibung der zugleich emotionalen, bewussten und liturgischen Auseinandersetzung Bellas mit ihrer Krankheit und ihrem Sterben.</p>
   </div>
   <div type="commentary" subtype="Prosopographie">
    <head>Prosopographie</head>
   </div>
   <div type="bibliography">
    <head>Bibliographie</head>
    <p>to be done ...</p>
   </div>
  </body>
 </text>
</TEI>
