﻿<?xml version="1.0" encoding="UTF-8"?>
<?xml-model href="http://www.stoa.org/epidoc/schema/8.18/tei-epidoc.rng" schematypens="http://relaxng.org/ns/structure/1.0"?>
<TEI xmlns:xi="http://www.w3.org/2001/XInclude" xmlns:svg="http://www.w3.org/2000/svg" xmlns:math="http://www.w3.org/1998/Math/MathML" xmlns="http://www.tei-c.org/ns/1.0">
 <teiHeader>
  <fileDesc>
   <titleStmt>
    <title xml:lang='de'>Grabmal für Michle bat Jochanan Luria ∞ Mosche ben N(atan), gest. 1708-06-30, Jüdischer Friedhof Hamburg-Altona, Königstraße</title>
    <respStmt xml:lang="de">
     <resp>herausgegeben vom</resp>
     <orgName ref="http://d-nb.info/gnd/212562-6">
      Salomon Ludwig Steinheim-Institut
      <address>
       <addrLine>Edmund-Körner-Platz 2</addrLine>
       <addrLine>D-45127 Essen</addrLine>
      </address>
     </orgName>
    </respStmt>
   </titleStmt>
    <editionStmt>
    <edition/>
   </editionStmt>
   <extent/>
   <publicationStmt>
    <publisher>
     <orgName ref="http://d-nb.info/gnd/212562-6">
      Salomon Ludwig Steinheim-Institut 
      <address>
       <addrLine>Edmund-Körner-Platz 2</addrLine>
       <addrLine>D-45127 Essen</addrLine>
      </address>
     </orgName>
    </publisher>
    <idno>hha-1285</idno>
    <idno type="url">http://www.steinheim-institut.de/cgi-bin/epidat?id=hha-1285</idno>
    <availability xml:lang="en" status="free">
     <licence>
      <ref target="http://creativecommons.org/licenses/by/4.0/">Distributed under a Creative Commons licence Attribution-BY 4.0</ref>
      <p>
       All reuse or distribution of this work must contain somewhere a link back to the URL 
       <ref>http://www.steinheim-institut.de/cgi-bin/epidat?id=hha-1285</ref>
      </p>
     </licence>
    </availability>
   </publicationStmt>
    <notesStmt>
    <note/>
   </notesStmt>
   <sourceDesc>
    <bibl>born digital</bibl>
     <msDesc>
     <msIdentifier/>
     <physDesc>
      <objectDesc>
       <supportDesc>
        <support>
         <p>
          <material>Stein</material>
         </p>
        </support>
        <condition>
         <p>
          <date>2006</date>
           in situ 
          <damage agent='Verwitterung'>Verwitterung stark</damage>
         </p>
        </condition>
       </supportDesc>
        <layoutDesc>
        <layout/>
       </layoutDesc>
      </objectDesc>
      <handDesc>
       <handNote>Schrift erhaben</handNote>
      </handDesc>
      <decoDesc>
       <decoNote type='symbol'>geknickte Blume</decoNote>
       <decoNote type='ornament'>gestalterisch: aufgespannter mantel</decoNote>
      </decoDesc>
     </physDesc>
     <history>
      <origin>
       <date notBefore='1708-06-30'>1708-06-30</date>
       <country type="ISO_3166" key="XA-DE-HH">
        Germany
        <region>Hamburg</region>
       </country>
       <settlement type='city' key='tgn:7012310'>
        Hamburg-Altona, Königstraße 
        <geogName>
         Jüdischer Friedhof
         <geo decls="#WGS">53.549373 9.950545</geo>
         <location>
          <geo decls='Planquadrat'>EM</geo>
         </location>
         <location>
          <geo decls='Feld Grabnummer'>S 1347</geo>
         </location>
        </geogName>
       </settlement>
      </origin>
     </history>
    </msDesc>
   </sourceDesc>
  </fileDesc>
  <encodingDesc>
   <p>Encoded according to the EpiDoc Guidelines, Schema Version 8.18</p>
   <classDecl>
    <taxonomy>
     <category xml:id='foto1'>
      <catDesc>
       <persName ref='http://d-nb.info/gnd/128472499' role='photographer'>
        Bert Sommer, 
        <orgName ref="http://d-nb.info/gnd/212562-6">Steinheim-Institut</orgName>
       </persName>
      </catDesc>
     </category>
     <category xml:id='foto6'>
      <catDesc>Fundstücke, Dan Bondy</catDesc>
     </category>
     <category xml:id='foto5'>
      <catDesc>Denkmalpflegerische Massnahme</catDesc>
     </category>
     <category xml:id='foto4'>
      <catDesc>^# Denkmalschutzamt Hamburg</catDesc>
     </category>
     <category xml:id='foto3'>
      <catDesc>Eduard Duckesz Glasplatten ^# CAHJP Jerusalem, Glasplatten: HMB/2452, Inv 2326 · Digitalisat: CDB/5-7</catDesc>
     </category>
     <category xml:id='foto2'>
      <catDesc>Historische Aufnahmen [Mikrofilme] ^# Staatsarchiv Hamburg, Bestand 741-4 Fotoarchiv, Signatur P 2333</catDesc>
     </category>
     <category xml:id='foto7'>
      <catDesc>Aufgenommen in der Synagoge Innsbruck</catDesc>
     </category>
    </taxonomy>
   </classDecl>
   <geoDecl xml:id="WGS" datum="WGS84">World Geodetic System</geoDecl>
  </encodingDesc>
  <profileDesc>
   <particDesc>
    <listPerson>
     <person xml:id="hha-1285-1" sex='2'>
      <persName>Michle bat Jochanan Luria ∞ Mosche ben N(atan)</persName>
       <event when='1708-06-30' type="dateofdeath">
       <desc/>
      </event>
     </person>
    </listPerson>
   </particDesc>
    <langUsage>
    <!-- According to bcp47 http://tools.ietf.org/html/bcp47 (Language) and ISO15924 (writing System)-->
    <language ident='he' usage='100'>Hebrew</language>
   </langUsage>
  </profileDesc>
   <revisionDesc>
   <change/>
  </revisionDesc>
 </teiHeader>
 <facsimile>
  <graphic url='http://steinheim-institut.de/daten/picshha/xl/1285_EM_0110150222.jpg'>
    <desc>
    <ref target='#foto1'/>
    <date when='2001-10-15'/>
    recto
   </desc>
  </graphic>
  <graphic url='http://steinheim-institut.de/daten/picshha/xl/mf/04/00000202.jpg'>
    <desc>
    <ref target='#foto2'/>
   </desc>
  </graphic>
  <graphic url='http://steinheim-institut.de/daten/picshha/xl/mf/15/00000111.jpg'>
    <desc>
    <ref target='#foto2'/>
    Symbol
   </desc>
  </graphic>
 </facsimile>
 <text>
  <body>
   <div type='edition'>
    <head>Edition</head>
     <ab>
     <lb n='1'/>
     ‎‏פ״נ אשה שעליה נאמר‏‎
‏‎     <lb n='2'/>
     ‎‏מי? זאת ..ולת ... מ.ארת ׃‏‎
‏‎     <lb n='3'/>
     ‎‏יפה [כלבנה ...]ת ׃‏‎
‏‎     <lb n='4'/>
     ‎‏כאשה? [...]לה ׃‏‎
‏‎     <lb n='5'/>
     ‎‏ל[...] שמ[...רת] ׃‏‎
‏‎     <lb n='6'/>
     ‎‏[‎‏ה...] ולא [...] מדברת ׃‏‎
‏‎     <lb n='7'/>
     ‎‏הצנועה הגבירה מיכלה ׃‏‎
‏‎     <lb n='8'/>
     ‎‏בת האלוף פ״ו מוהר״ר יוחנן‏‎
‏‎     <lb n='9'/>
     ‎‏לוריא זצ״ל אשת האלוף פ״ו‏‎
‏‎     <lb n='10'/>
     ‎‏הר״ר משה ר״נ זצ״ל נפטרה‏‎
‏‎     <lb n='11'/>
     ‎‏ונקברה יום ג׳ י״ב תמוז‏‎
‏‎     <lb n='12'/>
     ‎‏תס״ח לפ״ק‏‎
‏‎     <lb n='13'/>
     ‎‏תנצב״ה‏‎
‏‎    </ab>
   </div>
   <div type='translation'>
    <head>Übersetzung</head>
     <ab>
     <lb n='1'/>
     Hier ist begraben eine Frau, über die gesagt wurde,
     <lb n='2'/>
     wer ist diese ...
     <lb n='3'/>
     ›schön wie der Mond‹, ...
     <lb n='4'/>
     wie diese Frau ...
     <lb n='5'/>
     ...
     <lb n='6'/>
     ... und nicht ... spricht,
     <lb n='7'/>
     die Züchtige, die Herrin, Michle,
     <lb n='8'/>
     Tochter des Vornehmen, des Vorstehers und Leiters, unseres Lehrers und Meisters, Herrn Jochanan
     <lb n='9'/>
     Luria, das Andenken des Gerechten zum Segen, Gattin des Vornehmen, des Vorstehers und Leiters,
     <lb n='10'/>
     des Meisters, Herrn Mosche, Sohn des N(atan), das Andenken des Gerechten zum Segen, verschieden
     <lb n='11'/>
     und begraben Tag 3, 12. Tammus
     <lb n='12'/>
     468 der kleinen Zählung.
     <lb n='13'/>
     Ihre Seele sei eingebunden in das Bündel des Lebens
    </ab>
   </div>
   <div type="commentary" subtype="Zitate">
    <head>Zitate</head>
    <p>Zl 3: Hld 6,10</p>
   </div>
   <div type='commentary' subtype='Stilmittel'>
    <head>Stilmittel</head>
    <p>
     <label>Reim</label>
      auf -eret und -le in Zln 2-7 (den Namen einschließend), Reimschema aabaab.
    </p>
    <p>
     <label>Akrostichon</label>
      in Zeilen 2-6: ‎‏מיכלה‏‎ Michle
    </p>
   </div>
   <div type="commentary" subtype="Zeilenkommentar">
    <head>Zeilenkommentar</head>
    <p>Datum unstimmig: in der Inschrift: Di, 12. Tammus, vielleicht ist der 22. Tammus gemeint der auf Di, 10.07.1708 fiel</p>
   </div>
   <div type="commentary" subtype="Prosopographie">
    <head>Prosopographie</head>
   </div>
   <div type="bibliography">
    <head>Bibliographie</head>
    <p>to be done ...</p>
   </div>
  </body>
 </text>
</TEI>
