﻿<?xml version="1.0" encoding="UTF-8"?>
<?xml-model href="http://www.stoa.org/epidoc/schema/8.18/tei-epidoc.rng" schematypens="http://relaxng.org/ns/structure/1.0"?>
<TEI xmlns:xi="http://www.w3.org/2001/XInclude" xmlns:svg="http://www.w3.org/2000/svg" xmlns:math="http://www.w3.org/1998/Math/MathML" xmlns="http://www.tei-c.org/ns/1.0">
 <teiHeader>
  <fileDesc>
   <titleStmt>
    <title xml:lang='de'>Grabmal für Gelle Sara bat Issachar Ber Kohen ∞ Jehoschua Heschel SeGaL, gest. 1752-10-25, Jüdischer Friedhof Hamburg-Altona, Königstraße</title>
    <respStmt xml:lang="de">
     <resp>herausgegeben vom</resp>
     <orgName ref="http://d-nb.info/gnd/212562-6">
      Salomon Ludwig Steinheim-Institut
      <address>
       <addrLine>Edmund-Körner-Platz 2</addrLine>
       <addrLine>D-45127 Essen</addrLine>
      </address>
     </orgName>
    </respStmt>
   </titleStmt>
    <editionStmt>
    <edition/>
   </editionStmt>
   <extent/>
   <publicationStmt>
    <publisher>
     <orgName ref="http://d-nb.info/gnd/212562-6">
      Salomon Ludwig Steinheim-Institut 
      <address>
       <addrLine>Edmund-Körner-Platz 2</addrLine>
       <addrLine>D-45127 Essen</addrLine>
      </address>
     </orgName>
    </publisher>
    <idno>hha-1622</idno>
    <idno type="url">http://www.steinheim-institut.de/cgi-bin/epidat?id=hha-1622</idno>
    <availability xml:lang="en" status="free">
     <licence>
      <ref target="http://creativecommons.org/licenses/by/4.0/">Distributed under a Creative Commons licence Attribution-BY 4.0</ref>
      <p>
       All reuse or distribution of this work must contain somewhere a link back to the URL 
       <ref>http://www.steinheim-institut.de/cgi-bin/epidat?id=hha-1622</ref>
      </p>
     </licence>
    </availability>
   </publicationStmt>
    <notesStmt>
    <note/>
   </notesStmt>
   <sourceDesc>
    <bibl>born digital</bibl>
     <msDesc>
     <msIdentifier/>
     <physDesc>
      <objectDesc>
       <supportDesc>
        <support>
         <p>
          <material>Stein</material>
         </p>
        </support>
        <condition>
         <p>
          <date>2006</date>
           unterer Teil in situ, oberer liegend Beschädigung schwer 
          <damage agent='Verwitterung'>Verwitterung mittel</damage>
         </p>
        </condition>
       </supportDesc>
        <layoutDesc>
        <layout/>
       </layoutDesc>
      </objectDesc>
      <handDesc>
       <handNote>Schrift erhaben</handNote>
      </handDesc>
      <decoDesc>
       <decoNote type='symbol'>Waage</decoNote>
       <decoNote type='symbol'>Hand aus Wolke</decoNote>
      </decoDesc>
     </physDesc>
     <history>
      <origin>
       <date notBefore='1752-10-25'>1752-10-25</date>
       <country type="ISO_3166" key="XA-DE-HH">
        Germany
        <region>Hamburg</region>
       </country>
       <settlement type='city' key='tgn:7012310'>
        Hamburg-Altona, Königstraße 
        <geogName>
         Jüdischer Friedhof
         <geo decls="#WGS">53.549373 9.950545</geo>
         <location>
          <geo decls='Planquadrat'>FD</geo>
         </location>
         <location>
          <geo decls='Feld Grabnummer'>N 3222</geo>
         </location>
        </geogName>
       </settlement>
      </origin>
     </history>
    </msDesc>
   </sourceDesc>
  </fileDesc>
  <encodingDesc>
   <p>Encoded according to the EpiDoc Guidelines, Schema Version 8.18</p>
   <classDecl>
    <taxonomy>
     <category xml:id='foto1'>
      <catDesc>
       <persName ref='http://d-nb.info/gnd/128472499' role='photographer'>
        Bert Sommer, 
        <orgName ref="http://d-nb.info/gnd/212562-6">Steinheim-Institut</orgName>
       </persName>
      </catDesc>
     </category>
     <category xml:id='foto6'>
      <catDesc>Fundstücke, Dan Bondy</catDesc>
     </category>
     <category xml:id='foto5'>
      <catDesc>Denkmalpflegerische Massnahme</catDesc>
     </category>
     <category xml:id='foto4'>
      <catDesc>^# Denkmalschutzamt Hamburg</catDesc>
     </category>
     <category xml:id='foto3'>
      <catDesc>Eduard Duckesz Glasplatten ^# CAHJP Jerusalem, Glasplatten: HMB/2452, Inv 2326 · Digitalisat: CDB/5-7</catDesc>
     </category>
     <category xml:id='foto2'>
      <catDesc>Historische Aufnahmen [Mikrofilme] ^# Staatsarchiv Hamburg, Bestand 741-4 Fotoarchiv, Signatur P 2333</catDesc>
     </category>
     <category xml:id='foto7'>
      <catDesc>Aufgenommen in der Synagoge Innsbruck</catDesc>
     </category>
    </taxonomy>
   </classDecl>
   <geoDecl xml:id="WGS" datum="WGS84">World Geodetic System</geoDecl>
  </encodingDesc>
  <profileDesc>
   <particDesc>
    <listPerson>
     <person xml:id="hha-1622-1" sex='2'>
      <persName>Gelle Sara bat Issachar Ber Kohen ∞ Jehoschua Heschel SeGaL</persName>
       <event when='1752-10-25' type="dateofdeath">
       <desc/>
      </event>
     </person>
    </listPerson>
   </particDesc>
    <langUsage>
    <!-- According to bcp47 http://tools.ietf.org/html/bcp47 (Language) and ISO15924 (writing System)-->
    <language ident='he' usage='100'>Hebrew</language>
   </langUsage>
  </profileDesc>
   <revisionDesc>
   <change/>
  </revisionDesc>
 </teiHeader>
 <facsimile>
  <graphic url='http://steinheim-institut.de/daten/picshha/xl/1622_FD_0110140329.jpg'>
    <desc>
    <ref target='#foto1'/>
    <date when='2001-10-14'/>
    recto
   </desc>
  </graphic>
  <graphic url='http://steinheim-institut.de/daten/picshha/xl/mf/02/00000567.jpg'>
    <desc>
    <ref target='#foto2'/>
   </desc>
  </graphic>
  <graphic url='http://steinheim-institut.de/daten/picshha/xl/9274_FE_0408230107.jpg'>
    <desc>
    <ref target='#foto1'/>
    <date when='2004-08-23'/>
    Fragment recto
   </desc>
  </graphic>
  <graphic url='http://steinheim-institut.de/daten/picshha/xl/2649_GE_0205100126.jpg'>
    <desc>
    <ref target='#foto1'/>
    <date when='2002-05-10'/>
    Fragment recto
   </desc>
  </graphic>
 </facsimile>
 <text>
  <body>
   <div type='edition'>
    <head>Edition</head>
     <ab>
     <lb n='1'/>
     ‎‏[‎‏גדול] כים שברי עיני דמוע‏‎
‏‎     <lb n='2'/>
     ‎‏[‎‏יד]מע לבי לשנים קרע‏‎
‏‎     <lb n='3'/>
     ‎‏אזעק במר נפשי יומ׳ וליל׳‏‎
‏‎     <lb n='4'/>
     ‎‏אבכה אזכר ולא אנשה ‏‎
‏‎     <lb n='5'/>
     ‎‏יום נפלה עטרת ראשי אמי‏‎
‏‎     <lb n='6'/>
     ‎‏הרבנית געלה שרה בת כמר‏‎
‏‎     <lb n='7'/>
     ‎‏יששכר בר כהן א׳ הרב הגא׳ מהו״ר׳‏‎
‏‎     <lb n='8'/>
     ‎‏יהושע העשיל סג״׳ יצ״ו היתה‏‎
‏‎     <lb n='9'/>
     ‎‏שמחה בליל שבת מני שבתה בי ‏‎
‏‎     <lb n='10'/>
     ‎‏שבתה מ...ב.. ביסורים‏‎
‏‎     <lb n='11'/>
     ‎‏יען שמא..כך הולכת כל ימי׳‏‎
‏‎     <lb n='12'/>
     ‎‏לעשות רצון יוצרה שקלה‏‎
‏‎     <lb n='13'/>
     ‎‏מעשי׳ בפלס מאז. להכר..‏‎
‏‎     <lb n='14'/>
     ‎‏במעלו׳ ׃ אל אלקי׳ שמע בקול‏‎
‏‎     <lb n='15'/>
     ‎‏[‎‏אל כל] אשר תאמר געלה שרה‏‎
‏‎     <lb n='16'/>
     ‎‏[‎‏נפטרה ונקב]רה בטו״ב חשון‏‎
‏‎     <lb n='17'/>
     ‎‏[....]‏‎
     <lb n='18'/>
     ‎‏[‎‏תקי״ג] לפ״ק‏‎
‏‎     <lb n='19'/>
     ‎‏תנצ[ב״ה]‏‎
‏‎    </ab>
   </div>
   <div type='translation'>
    <head>Übersetzung</head>
     <ab>
     <lb n='1'/>
     ›Groß wie das Meer ist mein Schaden‹, ›mein Auge tränt‹,
     <lb n='2'/>
     mein Herz tränt, entzwei ist es gerissen,
     <lb n='3'/>
     ›ich schreie aus bitterer Seele Tag und Nacht‹,
     <lb n='4'/>
     ich weine, mich erinnernd ...
     <lb n='5'/>
     den Tag an dem ›die Krone meines Hauptes fiel‹, meine Mutter,
     <lb n='6'/>
     die Rabbinersgattin, Gelle Sara, Tochter des geehrten Herrn
     <lb n='7'/>
     Issachar Ber Kohen, Gattin des Rabbiners, des überragenden Gelehrten, unseres Lehrers, des Meisters, Herrn
     <lb n='8'/>
     Jehoschua Heschel SeGaL, ›sein Fels und Erlöser behüte ihn‹, sie war
     <lb n='9'/>
     voller Freude in der Nacht am Schabbat ... sie ruhte ...
     <lb n='10'/>
     ... mit Qualen,
     <lb n='11'/>
     denn ... so ging sie alle Tage
     <lb n='12'/>
     um den Willen ihres Schöpfers zu tun, gewogen
     <lb n='13'/>
     ihre Taten ... von Anbeginn ...
     <lb n='14'/>
     in Tugenden, zum Ewigen hörte sie ...
     <lb n='15'/>
     zu allem was sie sagen werde, Gelle Sara,
     <lb n='16'/>
     verschieden und begraben am 17. Cheschvan
     <lb n='17'/>
     ....
     <lb n='18'/>
     513 der kleinen Zählung.
     <lb n='19'/>
     Ihre Seele sei eingebunden in das Bündel des Lebens
    </ab>
   </div>
   <div type="commentary" subtype="Zitate">
    <head>Zitate</head>
    <p>Zl 1: Klgl 2,13 | Zl 1: Vgl. Jer 14,17 u. ö.</p>
    <p>Zl 3: Vgl. Ijob 7,11 u. 10,1</p>
    <p>Zl 5: Klgl 5,16</p>
    <p>Zl 8: Ps 19,15</p>
   </div>
   <div type="commentary" subtype="Prosopographie">
    <head>Prosopographie</head>
   </div>
   <div type="bibliography">
    <head>Bibliographie</head>
    <p>to be done ...</p>
   </div>
  </body>
 </text>
</TEI>
