﻿<?xml version="1.0" encoding="UTF-8"?>
<?xml-model href="http://www.stoa.org/epidoc/schema/8.18/tei-epidoc.rng" schematypens="http://relaxng.org/ns/structure/1.0"?>
<TEI xmlns:xi="http://www.w3.org/2001/XInclude" xmlns:svg="http://www.w3.org/2000/svg" xmlns:math="http://www.w3.org/1998/Math/MathML" xmlns="http://www.tei-c.org/ns/1.0">
 <teiHeader>
  <fileDesc>
   <titleStmt>
    <title xml:lang='de'>Grabmal für Juspa ben Jechiel Michel, gest. 1708-07-30, Jüdischer Friedhof Hamburg-Altona, Königstraße</title>
    <respStmt xml:lang="de">
     <resp>herausgegeben vom</resp>
     <orgName ref="http://d-nb.info/gnd/212562-6">
      Salomon Ludwig Steinheim-Institut
      <address>
       <addrLine>Edmund-Körner-Platz 2</addrLine>
       <addrLine>D-45127 Essen</addrLine>
      </address>
     </orgName>
    </respStmt>
   </titleStmt>
    <editionStmt>
    <edition/>
   </editionStmt>
   <extent/>
   <publicationStmt>
    <publisher>
     <orgName ref="http://d-nb.info/gnd/212562-6">
      Salomon Ludwig Steinheim-Institut 
      <address>
       <addrLine>Edmund-Körner-Platz 2</addrLine>
       <addrLine>D-45127 Essen</addrLine>
      </address>
     </orgName>
    </publisher>
    <idno>hha-1296</idno>
    <idno type="url">http://www.steinheim-institut.de/cgi-bin/epidat?id=hha-1296</idno>
    <availability xml:lang="en" status="free">
     <licence>
      <ref target="http://creativecommons.org/licenses/by/4.0/">Distributed under a Creative Commons licence Attribution-BY 4.0</ref>
      <p>
       All reuse or distribution of this work must contain somewhere a link back to the URL 
       <ref>http://www.steinheim-institut.de/cgi-bin/epidat?id=hha-1296</ref>
      </p>
     </licence>
    </availability>
   </publicationStmt>
    <notesStmt>
    <note/>
   </notesStmt>
   <sourceDesc>
    <bibl>born digital</bibl>
     <msDesc>
     <msIdentifier/>
     <physDesc>
      <objectDesc>
       <supportDesc>
        <support>
         <p>
          <material>Sandstein</material>
          <dimensions>
           <dim>1,700 x 0,580 x 0,120 m</dim>
          </dimensions>
         </p>
        </support>
        <condition>
         <p>
          <date>2006</date>
           non in situ Beschädigung leicht
         </p>
        </condition>
       </supportDesc>
        <layoutDesc>
        <layout/>
       </layoutDesc>
      </objectDesc>
      <handDesc>
       <handNote>Schrift vertieft</handNote>
      </handDesc>
     </physDesc>
     <history>
      <origin>
       <date notBefore='1708-07-30'>1708-07-30</date>
       <country type="ISO_3166" key="XA-DE-HH">
        Germany
        <region>Hamburg</region>
       </country>
       <settlement type='city' key='tgn:7012310'>
        Hamburg-Altona, Königstraße 
        <geogName>
         Jüdischer Friedhof
         <geo decls="#WGS">53.549373 9.950545</geo>
         <location>
          <geo decls='Planquadrat'>EL</geo>
         </location>
         <location>
          <geo decls='Feld Grabnummer'>S 1296</geo>
         </location>
        </geogName>
       </settlement>
      </origin>
     </history>
    </msDesc>
   </sourceDesc>
  </fileDesc>
  <encodingDesc>
   <p>Encoded according to the EpiDoc Guidelines, Schema Version 8.18</p>
   <classDecl>
    <taxonomy>
     <category xml:id='foto1'>
      <catDesc>
       <persName ref='http://d-nb.info/gnd/128472499' role='photographer'>
        Bert Sommer, 
        <orgName ref="http://d-nb.info/gnd/212562-6">Steinheim-Institut</orgName>
       </persName>
      </catDesc>
     </category>
     <category xml:id='foto6'>
      <catDesc>Fundstücke, Dan Bondy</catDesc>
     </category>
     <category xml:id='foto5'>
      <catDesc>Denkmalpflegerische Massnahme</catDesc>
     </category>
     <category xml:id='foto4'>
      <catDesc>^# Denkmalschutzamt Hamburg</catDesc>
     </category>
     <category xml:id='foto3'>
      <catDesc>Eduard Duckesz Glasplatten ^# CAHJP Jerusalem, Glasplatten: HMB/2452, Inv 2326 · Digitalisat: CDB/5-7</catDesc>
     </category>
     <category xml:id='foto2'>
      <catDesc>Historische Aufnahmen [Mikrofilme] ^# Staatsarchiv Hamburg, Bestand 741-4 Fotoarchiv, Signatur P 2333</catDesc>
     </category>
     <category xml:id='foto7'>
      <catDesc>Aufgenommen in der Synagoge Innsbruck</catDesc>
     </category>
    </taxonomy>
   </classDecl>
   <geoDecl xml:id="WGS" datum="WGS84">World Geodetic System</geoDecl>
  </encodingDesc>
  <profileDesc>
   <particDesc>
    <listPerson>
     <person xml:id="hha-1296-1" sex='1'>
      <persName>Juspa ben Jechiel Michel</persName>
       <event when='1708-07-30' type="dateofdeath">
       <desc/>
      </event>
     </person>
    </listPerson>
   </particDesc>
    <langUsage>
    <!-- According to bcp47 http://tools.ietf.org/html/bcp47 (Language) and ISO15924 (writing System)-->
    <language ident='he' usage='100'>Hebrew</language>
   </langUsage>
  </profileDesc>
   <revisionDesc>
   <change/>
  </revisionDesc>
 </teiHeader>
 <facsimile>
  <graphic url='http://steinheim-institut.de/daten/picshha/xl/1296_EL_0110100233.jpg'>
    <desc>
    <ref target='#foto1'/>
    <date when='2001-10-10'/>
    recto
   </desc>
  </graphic>
  <graphic url='http://steinheim-institut.de/daten/picshha/xl/mf/04/00000119.jpg'>
    <desc>
    <ref target='#foto2'/>
   </desc>
  </graphic>
 </facsimile>
 <text>
  <body>
   <div type='edition'>
    <head>Edition</head>
     <ab>
     <lb n='1'/>
     ‎‏פ״נ‏‎
‏‎     <lb n='2'/>
     ‎‏איש אשר‏‎
‏‎     <lb n='3'/>
     ‎‏ישר מתהלך בתמימה ׃‏‎
‏‎     <lb n='4'/>
     ‎‏ומענה רך משיב חמה ׃‏‎
‏‎     <lb n='5'/>
     ‎‏זכה שהיתה ידו לאל ׃‏‎
‏‎     <lb n='6'/>
     ‎‏פתו אכל בלי מרומה ׃‏‎
‏‎     <lb n='7'/>
     ‎‏אל שחק עלה למרומה ׃‏‎
‏‎     <lb n='8'/>
     ‎‏ה״ה כ׳ יוזפא ב׳ יחיאל ׃‏‎
‏‎     <lb n='9'/>
     ‎‏מיכל ז״ל נפטר יו׳ ב׳ י״ג‏‎
‏‎     <lb n='10'/>
     ‎‏מנחם ונקבר יו׳ ג׳ י״ד בו‏‎
‏‎     <lb n='11'/>
     ‎‏שנת תס״ח לפ״ק‏‎
‏‎     <lb n='12'/>
     ‎‏תנצב״ה‏‎
‏‎    </ab>
   </div>
   <div type='translation'>
    <head>Übersetzung</head>
     <ab>
     <lb n='1'/>
     Hier ist begraben
     <lb n='2'/>
     ein Mann, der
     <lb n='3'/>
     ein aufrechter ist, ›der in Lauterkeit wandelt‹,
     <lb n='4'/>
     und sanft antwortet und Zorn beschwichtigt,
     <lb n='5'/>
     ihm war es vergönnt, ›tatkräftig für Gott zu wirken‹,
     <lb n='6'/>
     sein Brot aß er ohne Trug,
     <lb n='7'/>
     zum Himmel ist er gestiegen, zur Höhe,
     <lb n='8'/>
     es ist der geehrte Juspa, Sohn des Jechiel
     <lb n='9'/>
     Michel, sein Andenken zum Segen, verschieden Tag 2, 13.
     <lb n='10'/>
     Menachem und begraben Tag 3, 14. desselben
     <lb n='11'/>
     des Jahres 468 der kleinen Zählung.
     <lb n='12'/>
     Seine Seele sei eingebunden in das Bündel des Lebens
    </ab>
   </div>
   <div type="commentary" subtype="Zitate">
    <head>Zitate</head>
    <p>Zl 3: Vgl. Ps 26,1 u. Ps 84,12</p>
    <p>Zl 5: Vgl. Gen 31,29</p>
   </div>
   <div type='commentary' subtype='Stilmittel'>
    <head>Stilmittel</head>
    <p>
     <label>Reim</label>
      auf -mah in Zln 3,4,6,7 und auf -el in Zln 5,8 (den Vatersnamen einschließend).
    </p>
    <p>
     <label>Akrostichon</label>
      in Zeilen 3-7: ‎‏יוזפא‏‎ Juspa
    </p>
   </div>
   <div type="commentary" subtype="Zeilenkommentar">
    <head>Zeilenkommentar</head>
    <p>Zl 5: In Gen 31,29 wurde die Wortfolge ‎‏לאל ידי‏‎ / "in der Kraft meiner Hand", vertauscht. Die Übersetzung sucht der dortigen Bedeutung von "es steht in meiner Macht" mit der hier wohl beabsichtigten Erwähnung von Gott gerecht zu werden.</p>
   </div>
   <div type="commentary" subtype="Prosopographie">
    <head>Prosopographie</head>
   </div>
   <div type="bibliography">
    <head>Bibliographie</head>
    <p>to be done ...</p>
   </div>
  </body>
 </text>
</TEI>
