﻿<?xml version="1.0" encoding="UTF-8"?>
<?xml-model href="http://www.stoa.org/epidoc/schema/8.18/tei-epidoc.rng" schematypens="http://relaxng.org/ns/structure/1.0"?>
<TEI xmlns:xi="http://www.w3.org/2001/XInclude" xmlns:svg="http://www.w3.org/2000/svg" xmlns:math="http://www.w3.org/1998/Math/MathML" xmlns="http://www.tei-c.org/ns/1.0">
 <teiHeader>
  <fileDesc>
   <titleStmt>
    <title xml:lang='de'>Grabmal für Ester bat Aharon Jehuda Löb ∞ Schimschon Warburg, gest. 1699-02-03, Jüdischer Friedhof Hamburg-Altona, Königstraße</title>
    <respStmt xml:lang="de">
     <resp>herausgegeben vom</resp>
     <orgName ref="http://d-nb.info/gnd/212562-6">
      Salomon Ludwig Steinheim-Institut
      <address>
       <addrLine>Edmund-Körner-Platz 2</addrLine>
       <addrLine>D-45127 Essen</addrLine>
      </address>
     </orgName>
    </respStmt>
   </titleStmt>
    <editionStmt>
    <edition/>
   </editionStmt>
   <extent/>
   <publicationStmt>
    <publisher>
     <orgName ref="http://d-nb.info/gnd/212562-6">
      Salomon Ludwig Steinheim-Institut 
      <address>
       <addrLine>Edmund-Körner-Platz 2</addrLine>
       <addrLine>D-45127 Essen</addrLine>
      </address>
     </orgName>
    </publisher>
    <idno>hha-1535</idno>
    <idno type="url">http://www.steinheim-institut.de/cgi-bin/epidat?id=hha-1535</idno>
    <availability xml:lang="en" status="free">
     <licence>
      <ref target="http://creativecommons.org/licenses/by/4.0/">Distributed under a Creative Commons licence Attribution-BY 4.0</ref>
      <p>
       All reuse or distribution of this work must contain somewhere a link back to the URL 
       <ref>http://www.steinheim-institut.de/cgi-bin/epidat?id=hha-1535</ref>
      </p>
     </licence>
    </availability>
   </publicationStmt>
    <notesStmt>
    <note/>
   </notesStmt>
   <sourceDesc>
    <bibl>born digital</bibl>
     <msDesc>
     <msIdentifier/>
     <physDesc>
      <objectDesc>
       <supportDesc>
        <support>
         <p>
          <material>Stein</material>
         </p>
        </support>
        <condition>
         <p>
          <date>2006</date>
           unterer Teil in situ, oberer liegend Beschädigung schwer
         </p>
        </condition>
       </supportDesc>
        <layoutDesc>
        <layout/>
       </layoutDesc>
      </objectDesc>
      <handDesc>
       <handNote>Schrift vertieft</handNote>
      </handDesc>
     </physDesc>
     <history>
      <origin>
       <date notBefore='1699-02-03'>1699-02-03</date>
       <country type="ISO_3166" key="XA-DE-HH">
        Germany
        <region>Hamburg</region>
       </country>
       <settlement type='city' key='tgn:7012310'>
        Hamburg-Altona, Königstraße 
        <geogName>
         Jüdischer Friedhof
         <geo decls="#WGS">53.549373 9.950545</geo>
         <location>
          <geo decls='Planquadrat'>EO</geo>
         </location>
         <location>
          <geo decls='Feld Grabnummer'>S 1199</geo>
         </location>
        </geogName>
       </settlement>
      </origin>
     </history>
    </msDesc>
   </sourceDesc>
  </fileDesc>
  <encodingDesc>
   <p>Encoded according to the EpiDoc Guidelines, Schema Version 8.18</p>
   <classDecl>
    <taxonomy>
     <category xml:id='foto1'>
      <catDesc>
       <persName ref='http://d-nb.info/gnd/128472499' role='photographer'>
        Bert Sommer, 
        <orgName ref="http://d-nb.info/gnd/212562-6">Steinheim-Institut</orgName>
       </persName>
      </catDesc>
     </category>
     <category xml:id='foto6'>
      <catDesc>Fundstücke, Dan Bondy</catDesc>
     </category>
     <category xml:id='foto5'>
      <catDesc>Denkmalpflegerische Massnahme</catDesc>
     </category>
     <category xml:id='foto4'>
      <catDesc>^# Denkmalschutzamt Hamburg</catDesc>
     </category>
     <category xml:id='foto3'>
      <catDesc>Eduard Duckesz Glasplatten ^# CAHJP Jerusalem, Glasplatten: HMB/2452, Inv 2326 · Digitalisat: CDB/5-7</catDesc>
     </category>
     <category xml:id='foto2'>
      <catDesc>Historische Aufnahmen [Mikrofilme] ^# Staatsarchiv Hamburg, Bestand 741-4 Fotoarchiv, Signatur P 2333</catDesc>
     </category>
     <category xml:id='foto7'>
      <catDesc>Aufgenommen in der Synagoge Innsbruck</catDesc>
     </category>
    </taxonomy>
   </classDecl>
   <geoDecl xml:id="WGS" datum="WGS84">World Geodetic System</geoDecl>
  </encodingDesc>
  <profileDesc>
   <particDesc>
    <listPerson>
     <person xml:id="hha-1535-1" sex='2'>
      <persName>Ester bat Aharon Jehuda Löb ∞ Schimschon Warburg</persName>
       <event when='1699-02-03' type="dateofdeath">
       <desc/>
      </event>
     </person>
    </listPerson>
   </particDesc>
    <langUsage>
    <!-- According to bcp47 http://tools.ietf.org/html/bcp47 (Language) and ISO15924 (writing System)-->
    <language ident='he' usage='100'>Hebrew</language>
   </langUsage>
  </profileDesc>
   <revisionDesc>
   <change/>
  </revisionDesc>
 </teiHeader>
 <facsimile>
  <graphic url='http://steinheim-institut.de/daten/picshha/xl/1535_EO_0110120411.jpg'>
    <desc>
    <ref target='#foto1'/>
    <date when='2001-10-12'/>
    recto
   </desc>
  </graphic>
  <graphic url='http://steinheim-institut.de/daten/picshha/xl/mf/04/00000010.jpg'>
    <desc>
    <ref target='#foto2'/>
   </desc>
  </graphic>
  <graphic url='http://steinheim-institut.de/daten/picshha/xl/1534_EO_0110100127.jpg'>
    <desc>
    <ref target='#foto1'/>
    <date when='2001-10-10'/>
    Fragment recto
   </desc>
  </graphic>
 </facsimile>
 <text>
  <body>
   <div type='edition'>
    <head>Edition</head>
     <ab>
     <lb n='1'/>
     ‎‏פ״נ‏‎
‏‎     <lb n='2'/>
     ‎‏אשה‏‎
‏‎     <lb n='3'/>
     ‎‏אשר כל ימיה דים טרחה ׃‏‎
‏‎     <lb n='4'/>
     ‎‏סלה ברכתה עלה מנחה ׃‏‎
‏‎     <lb n='5'/>
     ‎‏תהלתה להודיע מותר ׃‏‎
‏‎     <lb n='6'/>
     ‎‏ראויה לבא אל המנוחה ׃‏‎
‏‎     <lb n='7'/>
     ‎‏מעשה הטיבה בכל כחה׃‏‎
‏‎     <lb n='8'/>
     ‎‏ה״ה הצנועה מרת אסתר ׃‏‎
‏‎     <lb n='9'/>
     ‎‏בת כ׳ אהרן יהוד׳ ליב ז״ל אשת‏‎
‏‎     <lb n='10'/>
     ‎‏היקר כ׳ שמשון וורברג יצ״ו‏‎
‏‎     <lb n='11'/>
     ‎‏נפטרה ונקברה יום ג׳ ד׳‏‎
‏‎     <lb n='12'/>
     ‎‏אדר תנ״ט לפ״ק‏‎
‏‎     <lb n='13'/>
     ‎‏תנצב״ה ‏‎
‏‎    </ab>
   </div>
   <div type='translation'>
    <head>Übersetzung</head>
     <ab>
     <lb n='1'/>
     Hier ist begraben
     <lb n='2'/>
     eine Frau,
     <lb n='3'/>
     welche all ihre Tage sich reichlich mühte,
     <lb n='4'/>
     ›das Sela ihres Segens‹, aufgestiegen (wie) Speiseopfer,
     <lb n='5'/>
     ihr Lob, es ist erlaubt, es zu verkünden,
     <lb n='6'/>
     ihr gebührt es zur Ruhestatt zu kommen,
     <lb n='7'/>
     ihr Werk hat sie gut getan mit ganzer Kraft,
     <lb n='8'/>
     es ist die Züchtige, Frau Ester,
     <lb n='9'/>
     Tochter des geehrten Aharon Jehuda Löb, sein Andenken zum Segen, Gattin
     <lb n='10'/>
     des Teuren, des geehrten Schimschon Warburg, sein Fels und Erlöser behüte ihn,
     <lb n='11'/>
     verschieden und begraben Tag 3, 4.
     <lb n='12'/>
     Adar 459 der kleinen Zählung.
     <lb n='13'/>
     Ihre Seele sei eingebunden in das Bündel des Lebens
    </ab>
   </div>
   <div type="commentary" subtype="Zitate">
    <head>Zitate</head>
    <p>Zl 4: nach Ps 3,9</p>
   </div>
   <div type='commentary' subtype='Stilmittel'>
    <head>Stilmittel</head>
    <p>
     <label>Reim</label>
      auf -cha in Zln 3-4, 6-7; und auf -tar/ter in Zln 5,8 (den Namen Ester einschließend).
    </p>
    <p>
     <label>Akrostichon</label>
      in Zeilen 3-6: ‎‏אסתר‏‎ Ester
    </p>
   </div>
   <div type="commentary" subtype="Endkommentar">
    <head>Endkommentar</head>
    <p>Die des Grabgedichts (Zln 3-8) enhalten je 15, bzw. 16 (Zln 3,6) Buchstaben und je 10 Silben, wenn in Zl 4 "menucha" und nicht "mincha" gelesen wird. Die histor. Aufnahme zeigt das Grabmal noch vollständig und in situ. Die mit Kreide aufgetragene alte Grabsteinnummer 1199 ist zu erkennen.</p>
   </div>
   <div type="commentary" subtype="Prosopographie">
    <head>Prosopographie</head>
   </div>
   <div type="bibliography">
    <head>Bibliographie</head>
    <p>to be done ...</p>
   </div>
  </body>
 </text>
</TEI>
