﻿<?xml version="1.0" encoding="UTF-8"?>
<?xml-model href="http://www.stoa.org/epidoc/schema/8.18/tei-epidoc.rng" schematypens="http://relaxng.org/ns/structure/1.0"?>
<TEI xmlns:xi="http://www.w3.org/2001/XInclude" xmlns:svg="http://www.w3.org/2000/svg" xmlns:math="http://www.w3.org/1998/Math/MathML" xmlns="http://www.tei-c.org/ns/1.0">
 <teiHeader>
  <fileDesc>
   <titleStmt>
    <title xml:lang='de'>Grabmal für Mindel Sara bat Salman, gest. 1791-08-22, Jüdischer Friedhof Hamburg-Altona, Königstraße</title>
    <respStmt xml:lang="de">
     <resp>herausgegeben vom</resp>
     <orgName ref="http://d-nb.info/gnd/212562-6">
      Salomon Ludwig Steinheim-Institut
      <address>
       <addrLine>Edmund-Körner-Platz 2</addrLine>
       <addrLine>D-45127 Essen</addrLine>
      </address>
     </orgName>
    </respStmt>
   </titleStmt>
    <editionStmt>
    <edition/>
   </editionStmt>
   <extent/>
   <publicationStmt>
    <publisher>
     <orgName ref="http://d-nb.info/gnd/212562-6">
      Salomon Ludwig Steinheim-Institut 
      <address>
       <addrLine>Edmund-Körner-Platz 2</addrLine>
       <addrLine>D-45127 Essen</addrLine>
      </address>
     </orgName>
    </publisher>
    <idno>hha-11</idno>
    <idno type="url">http://www.steinheim-institut.de/cgi-bin/epidat?id=hha-11</idno>
    <availability xml:lang="en" status="free">
     <licence>
      <ref target="http://creativecommons.org/licenses/by/4.0/">Distributed under a Creative Commons licence Attribution-BY 4.0</ref>
      <p>
       All reuse or distribution of this work must contain somewhere a link back to the URL 
       <ref>http://www.steinheim-institut.de/cgi-bin/epidat?id=hha-11</ref>
      </p>
     </licence>
    </availability>
   </publicationStmt>
    <notesStmt>
    <note/>
   </notesStmt>
   <sourceDesc>
    <bibl>born digital</bibl>
     <msDesc>
     <msIdentifier/>
     <physDesc>
      <objectDesc>
       <supportDesc>
        <support>
         <p>
          <material>Stein</material>
         </p>
        </support>
        <condition>
         <p>
          <date>2006</date>
           non in situ 
          <damage agent='Verwitterung'>Verwitterung leicht</damage>
         </p>
        </condition>
       </supportDesc>
        <layoutDesc>
        <layout/>
       </layoutDesc>
      </objectDesc>
      <handDesc>
       <handNote>Schrift erhaben</handNote>
      </handDesc>
     </physDesc>
     <history>
      <origin>
       <date notBefore='1791-08-22'>1791-08-22</date>
       <country type="ISO_3166" key="XA-DE-HH">
        Germany
        <region>Hamburg</region>
       </country>
       <settlement type='city' key='tgn:7012310'>
        Hamburg-Altona, Königstraße 
        <geogName>
         Jüdischer Friedhof
         <geo decls="#WGS">53.549373 9.950545</geo>
         <location>
          <geo decls='Planquadrat'>AG</geo>
         </location>
         <location>
          <geo decls='Feld Grabnummer'>O 2649</geo>
         </location>
        </geogName>
       </settlement>
      </origin>
     </history>
    </msDesc>
   </sourceDesc>
  </fileDesc>
  <encodingDesc>
   <p>Encoded according to the EpiDoc Guidelines, Schema Version 8.18</p>
   <classDecl>
    <taxonomy>
     <category xml:id='foto1'>
      <catDesc>
       <persName ref='http://d-nb.info/gnd/128472499' role='photographer'>
        Bert Sommer, 
        <orgName ref="http://d-nb.info/gnd/212562-6">Steinheim-Institut</orgName>
       </persName>
      </catDesc>
     </category>
     <category xml:id='foto6'>
      <catDesc>Fundstücke, Dan Bondy</catDesc>
     </category>
     <category xml:id='foto5'>
      <catDesc>Denkmalpflegerische Massnahme</catDesc>
     </category>
     <category xml:id='foto4'>
      <catDesc>^# Denkmalschutzamt Hamburg</catDesc>
     </category>
     <category xml:id='foto3'>
      <catDesc>Eduard Duckesz Glasplatten ^# CAHJP Jerusalem, Glasplatten: HMB/2452, Inv 2326 · Digitalisat: CDB/5-7</catDesc>
     </category>
     <category xml:id='foto2'>
      <catDesc>Historische Aufnahmen [Mikrofilme] ^# Staatsarchiv Hamburg, Bestand 741-4 Fotoarchiv, Signatur P 2333</catDesc>
     </category>
     <category xml:id='foto7'>
      <catDesc>Aufgenommen in der Synagoge Innsbruck</catDesc>
     </category>
    </taxonomy>
   </classDecl>
   <geoDecl xml:id="WGS" datum="WGS84">World Geodetic System</geoDecl>
  </encodingDesc>
  <profileDesc>
   <particDesc>
    <listPerson>
     <person xml:id="hha-11-1" sex='2'>
      <persName>Mindel Sara bat Salman</persName>
       <event when='1791-08-22' type="dateofdeath">
       <desc/>
      </event>
     </person>
    </listPerson>
   </particDesc>
    <langUsage>
    <!-- According to bcp47 http://tools.ietf.org/html/bcp47 (Language) and ISO15924 (writing System)-->
    <language ident='he' usage='100'>Hebrew</language>
   </langUsage>
  </profileDesc>
   <revisionDesc>
   <change/>
  </revisionDesc>
 </teiHeader>
 <facsimile>
  <graphic url='http://steinheim-institut.de/daten/picshha/xl/0011_AG_0105240112.jpg'>
    <desc>
    <ref target='#foto1'/>
    <date when='2001-05-24'/>
    recto
   </desc>
  </graphic>
  <graphic url='http://steinheim-institut.de/daten/picshha/xl/mf/05/00000461.jpg'>
    <desc>
    <ref target='#foto2'/>
   </desc>
  </graphic>
 </facsimile>
 <text>
  <body>
   <div type='edition'>
    <head>Edition</head>
     <ab>
     <lb n='1'/>
     ‎‏בשנת לספוד לשרה ולבכותה‏‎
‏‎     <lb n='2'/>
     ‎‏פ״ט‏‎
‏‎     <lb n='3'/>
     ‎‏מי לא יבכה ויתאונן על פינת הדריה‏‎
‏‎     <lb n='4'/>
     ‎‏יודעת רבונה לגמול טוב כל ימי חייה‏‎
‏‎     <lb n='5'/>
     ‎‏נשאה לבה בחכמה חכמת אשה במעשי׳‏‎
‏‎     <lb n='6'/>
     ‎‏דל החזיקה ולאביון שלחה ידיה‏‎
‏‎     <lb n='7'/>
     ‎‏לעת מצוא זו האשה הטובה דרכיה‏‎
‏‎     <lb n='8'/>
     ‎‏שרה חדלה למלאות מספר ימיה‏‎
‏‎     <lb n='9'/>
     ‎‏אשת חיל היתה לבעלה שנותיה‏‎
‏‎     <lb n='10'/>
     ‎‏כהר״רי אל מן דל לא מנעה חסדותיה‏‎
‏‎     <lb n='11'/>
     ‎‏נתנה רעננות? למצות ושכר׳ תהי לבני׳‏‎
‏‎     <lb n='12'/>
     ‎‏עיניה סגי נהורא לכפרת עוונותיה‏‎
‏‎     <lb n='13'/>
     ‎‏היא האשה אשר הוכיח ה׳ מנשים צדקניו׳‏‎
‏‎     <lb n='14'/>
     ‎‏הצנועה והמושכלת א״ח מ׳ מינדל שרה בת‏‎
‏‎     <lb n='15'/>
     ‎‏המנהיג מו״ה זלמן ז״ל נס יגון ואנחה והלכ׳‏‎
‏‎     <lb n='16'/>
     ‎‏למנוחה נפטר׳ ונקבר׳ ביום ך״ב מנחם‏‎
‏‎     <lb n='17'/>
     ‎‏תקנ״א לפ״ק תנצב״ה‏‎
‏‎    </ab>
   </div>
   <div type='translation'>
    <head>Übersetzung</head>
     <ab>
     <lb n='1'/>
     Im Jahre "zu trauern um Sara und sie zu beweinen"
     <lb n='2'/>
     Hier ist geborgen
     <lb n='3'/>
     Wer wird nicht weinen und nachklagen dem Weggang der Pracht,
     <lb n='4'/>
     Sie wußte ihrem Herrscher Gutes zu tun alle Tage ihres Lebens,
     <lb n='5'/>
     sie trug ihr Herz in Weisheit, die Weisheit einer Frau liegt in ihren Taten,
     <lb n='6'/>
     den Darbenden stärkte sie und dem Bedürftigen streckte sie ihre Hand entgegen
     <lb n='7'/>
     beizeiten, dies ist die Frau, Wohlgefallen ihre Wege,
     <lb n='8'/>
     Sara, sie ließ ab anzufüllen die Zahl ihrer Tage,
     <lb n='9'/>
     eine tüchtige Gattin war sie ihrem Gatten (all) ihre Jahre,
     <lb n='10'/>
     den Bergen Gottes gleich, hielt sie vom Schwachen ihre Wohlgünste nicht zurück,
     <lb n='11'/>
     sie gab Frische (?) den Geboten und Lohn ihren Kindern,
     <lb n='12'/>
     ihre Augen sind wie blind zur Sühne ihrer Übertretungen,
     <lb n='13'/>
     es ist die Frau, die der Ewige bestimmt hat von frommen Frauen,
     <lb n='14'/>
     die Züchtige und Verständige, die tüchtige Gattin Mindel Sara, Tochter des
     <lb n='15'/>
     Leiters, unseres Lehrers und Meisters Salman, sein Andenken zum Segen, es entfleucht Kummer und Wehklagen und sie ging
     <lb n='16'/>
     zur Ruhe, verschieden und begraben am Tag 22. Menachem
     <lb n='17'/>
     551 der kleinen Zählung. Ihre Seele sei eingebunden in das Bündel des Lebens
    </ab>
   </div>
   <div type='commentary' subtype='Stilmittel'>
    <head>Stilmittel</head>
    <p>
     <label>Reim</label>
      auf -eha in Zln 3 bis 12 und auf -chah in Zln 15,16.
    </p>
    <p>
     <label>Chronogramm</label>
      (Gen 23,2) in Zl 1 mit dem Zahlenwert 551.
    </p>
    <p>
     <label>Akrostichon</label>
      in Zeilen 3-12: ‎‏מינדל שרה אשת כהרר נתן עסן‏‎ Mindel Sara Frau des geehrten Meisters Herrn  Natan Essen
    </p>
   </div>
   <div type="commentary" subtype="Zeilenkommentar">
    <head>Zeilenkommentar</head>
    <p>Zl 10: Die Worte ‎‏מן דל‏‎ ("vom Schwachen") lassen sich zusammengezogen auch als ‎‏מינדל‏‎ lesen, erweisen eine Referenz also an den Namen der Verstorbenen (‎‏מינדל‏‎).</p>
    <p>Zl 12: Die Buchstaben ‎‏ע, ס, ן‏‎ sind in größeren Typen gesetzt.</p>
    <p>Zl 13: Vgl. Perusch des Rambam auf Gen 24,14.</p>
    <p>Zl 15: Zu ‎‏יגון ואנחה‏‎ vgl. Jes 35,10, außerdem Ps 113, 3 und Amida, 11. Bracha.</p>
   </div>
   <div type="commentary" subtype="Prosopographie">
    <head>Prosopographie</head>
   </div>
   <div type="bibliography">
    <head>Bibliographie</head>
    <p>to be done ...</p>
   </div>
  </body>
 </text>
</TEI>
