﻿<?xml version="1.0" encoding="UTF-8"?>
<?xml-model href="http://www.stoa.org/epidoc/schema/8.18/tei-epidoc.rng" schematypens="http://relaxng.org/ns/structure/1.0"?>
<TEI xmlns:xi="http://www.w3.org/2001/XInclude" xmlns:svg="http://www.w3.org/2000/svg" xmlns:math="http://www.w3.org/1998/Math/MathML" xmlns="http://www.tei-c.org/ns/1.0">
 <teiHeader>
  <fileDesc>
   <titleStmt>
    <title xml:lang='de'>Grabmal für Jehonatan [Eibeschütz], gest. 1764-09-18, Jüdischer Friedhof Hamburg-Altona, Königstraße</title>
    <respStmt xml:lang="de">
     <resp>herausgegeben vom</resp>
     <orgName ref="http://d-nb.info/gnd/212562-6">
      Salomon Ludwig Steinheim-Institut
      <address>
       <addrLine>Edmund-Körner-Platz 2</addrLine>
       <addrLine>D-45127 Essen</addrLine>
      </address>
     </orgName>
    </respStmt>
   </titleStmt>
    <editionStmt>
    <edition/>
   </editionStmt>
   <extent/>
   <publicationStmt>
    <publisher>
     <orgName ref="http://d-nb.info/gnd/212562-6">
      Salomon Ludwig Steinheim-Institut 
      <address>
       <addrLine>Edmund-Körner-Platz 2</addrLine>
       <addrLine>D-45127 Essen</addrLine>
      </address>
     </orgName>
    </publisher>
    <idno>hha-1593</idno>
    <idno type="url">http://www.steinheim-institut.de/cgi-bin/epidat?id=hha-1593</idno>
    <availability xml:lang="en" status="free">
     <licence>
      <ref target="http://creativecommons.org/licenses/by/4.0/">Distributed under a Creative Commons licence Attribution-BY 4.0</ref>
      <p>
       All reuse or distribution of this work must contain somewhere a link back to the URL 
       <ref>http://www.steinheim-institut.de/cgi-bin/epidat?id=hha-1593</ref>
      </p>
     </licence>
    </availability>
   </publicationStmt>
    <notesStmt>
    <note/>
   </notesStmt>
   <sourceDesc>
    <bibl>born digital</bibl>
     <msDesc>
     <msIdentifier/>
     <physDesc>
      <objectDesc>
       <supportDesc>
        <support>
         <p>
          <material>Sandstein</material>
          <dimensions>
           <dim>1,670 x 0,870 x 0,140 m</dim>
          </dimensions>
         </p>
        </support>
        <condition>
         <p>
          <date>2006</date>
           weitgehend gut
         </p>
        </condition>
       </supportDesc>
        <layoutDesc>
        <layout/>
       </layoutDesc>
      </objectDesc>
      <decoDesc>
       <decoNote type='ornament'>gestalterisch</decoNote>
      </decoDesc>
     </physDesc>
     <history>
      <origin>
       <date notBefore='1764-09-18'>1764-09-18</date>
       <country type="ISO_3166" key="XA-DE-HH">
        Germany
        <region>Hamburg</region>
       </country>
       <settlement type='city' key='tgn:7012310'>
        Hamburg-Altona, Königstraße 
        <geogName>
         Jüdischer Friedhof
         <geo decls="#WGS">53.549373 9.950545</geo>
         <location>
          <geo decls='Planquadrat'>FD</geo>
         </location>
         <location>
          <geo decls='Feld Grabnummer'>N 3078</geo>
         </location>
        </geogName>
       </settlement>
      </origin>
     </history>
    </msDesc>
   </sourceDesc>
  </fileDesc>
  <encodingDesc>
   <p>Encoded according to the EpiDoc Guidelines, Schema Version 8.18</p>
   <classDecl>
    <taxonomy>
     <category xml:id='foto1'>
      <catDesc>
       <persName ref='http://d-nb.info/gnd/128472499' role='photographer'>
        Bert Sommer, 
        <orgName ref="http://d-nb.info/gnd/212562-6">Steinheim-Institut</orgName>
       </persName>
      </catDesc>
     </category>
     <category xml:id='foto6'>
      <catDesc>Fundstücke, Dan Bondy</catDesc>
     </category>
     <category xml:id='foto5'>
      <catDesc>Denkmalpflegerische Massnahme</catDesc>
     </category>
     <category xml:id='foto4'>
      <catDesc>^# Denkmalschutzamt Hamburg</catDesc>
     </category>
     <category xml:id='foto3'>
      <catDesc>Eduard Duckesz Glasplatten ^# CAHJP Jerusalem, Glasplatten: HMB/2452, Inv 2326 · Digitalisat: CDB/5-7</catDesc>
     </category>
     <category xml:id='foto2'>
      <catDesc>Historische Aufnahmen [Mikrofilme] ^# Staatsarchiv Hamburg, Bestand 741-4 Fotoarchiv, Signatur P 2333</catDesc>
     </category>
     <category xml:id='foto7'>
      <catDesc>Aufgenommen in der Synagoge Innsbruck</catDesc>
     </category>
    </taxonomy>
   </classDecl>
   <geoDecl xml:id="WGS" datum="WGS84">World Geodetic System</geoDecl>
  </encodingDesc>
  <profileDesc>
   <particDesc>
    <listPerson>
     <person xml:id="hha-1593-1" sex='1'>
      <persName>Jehonatan [Eibeschütz]</persName>
       <event when='1764-09-18' type="dateofdeath">
       <desc/>
      </event>
     </person>
    </listPerson>
   </particDesc>
    <langUsage>
    <!-- According to bcp47 http://tools.ietf.org/html/bcp47 (Language) and ISO15924 (writing System)-->
    <language ident='he' usage='100'>Hebrew</language>
   </langUsage>
  </profileDesc>
   <revisionDesc>
   <change/>
  </revisionDesc>
 </teiHeader>
 <facsimile>
  <graphic url='http://steinheim-institut.de/daten/picshha/xl/1593_FD_0110160131.jpg'>
    <desc>
    <ref target='#foto1'/>
    <date when='2001-10-16'/>
    recto
   </desc>
  </graphic>
  <graphic url='http://steinheim-institut.de/daten/picshha/xl/fd/545--30.jpg'>
    <desc>
    <ref target='#foto3'/>
   </desc>
  </graphic>
  <graphic url='http://steinheim-institut.de/daten/picshha/xl/mf/02/00000456.jpg'>
    <desc>
    <ref target='#foto2'/>
   </desc>
  </graphic>
 </facsimile>
 <text>
  <body>
   <div type='edition'>
    <head>Edition</head>
     <ab>
     <lb n='1'/>
     ‎‏פ״נ‏‎
‏‎     <lb n='2'/>
     ‎‏רבינו הקדוש‏‎
‏‎     <lb n='3'/>
     ‎‏רבן של כל בני הגולה ׃ זקן וישב בישיבה‏‎
‏‎     <lb n='4'/>
     ‎‏חמשים שנה ׃ העמיד תלמידים הרבה ועשה‏‎
‏‎     <lb n='5'/>
     ‎‏סיג לתורה ׃ חיבר ספרים הרבה ׃ כמוהר״ר‏‎
‏‎     <lb n='6'/>
     ‎‏יהונתן זצ״ל אב״ד דשלש קהלות אה״ו ואב״ד‏‎
‏‎     <lb n='7'/>
     ‎‏דק״ק מיץ מת בנשיקה יו׳ ג׳ ונקבר בו ביו׳ א״ך‏‎
‏‎     <lb n='8'/>
     ‎‏אלול זאת תורת אדם כי ימות באהל לפ״ק‏‎
‏‎     <lb n='9'/>
     ‎‏נמצא בכתב ידו להציג על הציון‏‎
‏‎     <lb n='10'/>
     ‎‏יראו כל עובר החרות על הלוחת‏‎
‏‎     <lb n='11'/>
     ‎‏האיש אשר עמד לנס והי׳ כשושן פורחת‏‎
‏‎     <lb n='12'/>
     ‎‏ושב אל עפר ומראהו מאיש נשחת‏‎
‏‎     <lb n='13'/>
     ‎‏נא שומו על לב ושובו בתשובה נוצחת‏‎
‏‎     <lb n='14'/>
     ‎‏תפלה תרבו בעדו לאלקי הרוחת‏‎
‏‎     <lb n='15'/>
     ‎‏נפשו אליו יאסוף ובל תהי׳ נדחת‏‎
‏‎     <lb n='16'/>
     ‎‏זכות מעשיכם יגונו כי נפשות ישראל אחת‏‎
‏‎     <lb n='17'/>
     ‎‏למדו מוסר לשנוא כבוד ומגדולה‏‎
‏‎     <lb n='18'/>
     ‎‏תהי׳ נפשכם בורחת‏‎
‏‎     <lb n='19'/>
     ‎‏תנצב״ה‏‎
‏‎    </ab>
   </div>
   <div type='translation'>
    <head>Übersetzung</head>
     <ab>
     <lb n='1'/>
     Hier ist begraben
     <lb n='2'/>
     unser heiliger Rabbiner,
     <lb n='3'/>
     Rabbiner aller derer, die im Exil, betagt und im Lehrhaus sitzend
     <lb n='4'/>
     fünfzig Jahre lang, stellte (er) viele Schüler auf ›und machte
     <lb n='5'/>
     einen Zaun um die Tora‹, ›verfaßte viele Bücher‹: unser geehrter Lehrer und Meister, Herr
     <lb n='6'/>
     Jehonatan 
     <supplied reason='subaudible'>Eibeschütz</supplied>
     , das Andenken des Gerechten sei zum Segen, Vorsitzender des Gerichts der drei Gemeinden, Altona, Hamburg, Wandsbek sowie Vorsitzender des Gerichts der
     <lb n='7'/>
     heiligen Gemeinde Metz, er starb mit einem Kusse (am) Tag 3 und wurde begraben an eben jenem Tag, 21.
     <lb n='8'/>
     Elul (des Jahres) ›"Dies ist die Lehre des Menschen, der im Zelte stirbt"‹ der kleinen Zählung.
     <lb n='9'/>
     Aufgefunden (wurde) von seiner Hand Geschriebenes, um (es) auf dem Grabzeichen darzustellen:
     <lb n='10'/>
     Sehen möge ein jeder, der vorbeizieht, ›das auf den Tafeln Eingemeißelte‹.
     <lb n='11'/>
     ›Der Mann, der als Panier stand‹, ›einer blühenden Lilie glich‹,
     <lb n='12'/>
     ›er kehrte zurück zum Staube‹, ›und sein Aussehen vor den Menschen ist entstellt‹,
     <lb n='13'/>
     ›nehmt es zu Herzen‹ ›und kehret um in dauerhafter Umkehr‹,
     <lb n='14'/>
     mehret Gebet für ihn ›zum Gott des Odems‹.
     <lb n='15'/>
     Seine Seele möge ER zu sich nehmen, sie möge nicht verstoßen sein,
     <lb n='16'/>
     das Verdienst eurer Taten beschütze ihn, denn die Seelen Israels sind eins,
     <lb n='17'/>
     lernet Zucht, die Ehre zu verabscheuen, und vor dem Ruhm
     <lb n='18'/>
     möge eure Seele fliehen.
     <lb n='19'/>
     Seine Seele sei eingebunden in das Bündel des Lebens
    </ab>
   </div>
   <div type="commentary" subtype="Zitate">
    <head>Zitate</head>
    <p>Zl 4f: Av 1,1 | Zl 5: Koh 12,12</p>
    <p>Zl 8: Num 19,14</p>
    <p>Zl 10: Ex 32,16</p>
    <p>Zl 11: Nach Jes 11,10 | Zl 11: Vgl. Hos 14,6</p>
    <p>Zl 12: Nach Gen 3,19 | Zl 12: Nach Jes 52,14</p>
    <p>Zl 13: Nach Jes 57,1 | Zl 13: Vgl. Jer 8,5</p>
    <p>Zl 14: Num 27,16</p>
   </div>
   <div type='commentary' subtype='Stilmittel'>
    <head>Stilmittel</head>
    <p>
     <label>Chronogramm</label>
      in Zl 8: Die Addition aller markierten Buchstaben ergibt 524.
    </p>
    <p>
     <label>Akrostichon</label>
      in Zeilen 10-17: ‎‏יהונתן זל‏‎ Jehonatan seligen Angedenkens
    </p>
   </div>
   <div type="commentary" subtype="Zeilenkommentar">
    <head>Zeilenkommentar</head>
    <p>Zl 11a: Zu Jes 11,10: Dort auf Jischai bezogen.</p>
    <p>Zl 11b: Zu Hos 14,: Hier ‎‏שושן‏‎ mit Lilie wiedergegeben, im Volksmund meist mit Rose assoziiert.</p>
   </div>
   <div type="commentary" subtype="Prosopographie">
    <head>Prosopographie</head>
   </div>
   <div type="bibliography">
    <head>Bibliographie</head>
    <p>to be done ...</p>
   </div>
  </body>
 </text>
</TEI>
