﻿<?xml version="1.0" encoding="UTF-8"?>
<?xml-model href="http://www.stoa.org/epidoc/schema/8.18/tei-epidoc.rng" schematypens="http://relaxng.org/ns/structure/1.0"?>
<TEI xmlns:xi="http://www.w3.org/2001/XInclude" xmlns:svg="http://www.w3.org/2000/svg" xmlns:math="http://www.w3.org/1998/Math/MathML" xmlns="http://www.tei-c.org/ns/1.0">
 <teiHeader>
  <fileDesc>
   <titleStmt>
    <title xml:lang='de'>Grabmal für Michel ben Izek Levi, gest. 1780-02-09, Jüdischer Friedhof Hamburg-Altona, Königstraße</title>
    <respStmt xml:lang="de">
     <resp>herausgegeben vom</resp>
     <orgName ref="http://d-nb.info/gnd/212562-6">
      Salomon Ludwig Steinheim-Institut
      <address>
       <addrLine>Edmund-Körner-Platz 2</addrLine>
       <addrLine>D-45127 Essen</addrLine>
      </address>
     </orgName>
    </respStmt>
   </titleStmt>
    <editionStmt>
    <edition/>
   </editionStmt>
   <extent/>
   <publicationStmt>
    <publisher>
     <orgName ref="http://d-nb.info/gnd/212562-6">
      Salomon Ludwig Steinheim-Institut 
      <address>
       <addrLine>Edmund-Körner-Platz 2</addrLine>
       <addrLine>D-45127 Essen</addrLine>
      </address>
     </orgName>
    </publisher>
    <idno>hha-169</idno>
    <idno type="url">http://www.steinheim-institut.de/cgi-bin/epidat?id=hha-169</idno>
    <availability xml:lang="en" status="free">
     <licence>
      <ref target="http://creativecommons.org/licenses/by/4.0/">Distributed under a Creative Commons licence Attribution-BY 4.0</ref>
      <p>
       All reuse or distribution of this work must contain somewhere a link back to the URL 
       <ref>http://www.steinheim-institut.de/cgi-bin/epidat?id=hha-169</ref>
      </p>
     </licence>
    </availability>
   </publicationStmt>
    <notesStmt>
    <note/>
   </notesStmt>
   <sourceDesc>
    <bibl>born digital</bibl>
     <msDesc>
     <msIdentifier/>
     <physDesc>
      <objectDesc>
       <supportDesc>
        <support>
         <p>
          <material>Stein</material>
         </p>
        </support>
        <condition>
         <p>
          <date>2006</date>
           non in situ Beschädigung mittel (Fragment)
         </p>
        </condition>
       </supportDesc>
        <layoutDesc>
        <layout/>
       </layoutDesc>
      </objectDesc>
      <handDesc>
       <handNote>Schrift erhaben</handNote>
      </handDesc>
      <decoDesc>
       <decoNote type='symbol'>Levitenkanne</decoNote>
      </decoDesc>
     </physDesc>
     <history>
      <origin>
       <date notBefore='1780-02-09'>1780-02-09</date>
       <country type="ISO_3166" key="XA-DE-HH">
        Germany
        <region>Hamburg</region>
       </country>
       <settlement type='city' key='tgn:7012310'>
        Hamburg-Altona, Königstraße 
        <geogName>
         Jüdischer Friedhof
         <geo decls="#WGS">53.549373 9.950545</geo>
         <location>
          <geo decls='Planquadrat'>AH</geo>
         </location>
         <location>
          <geo decls='Feld Grabnummer'>O 1840</geo>
         </location>
        </geogName>
       </settlement>
      </origin>
     </history>
    </msDesc>
   </sourceDesc>
  </fileDesc>
  <encodingDesc>
   <p>Encoded according to the EpiDoc Guidelines, Schema Version 8.18</p>
   <classDecl>
    <taxonomy>
     <category xml:id='foto1'>
      <catDesc>
       <persName ref='http://d-nb.info/gnd/128472499' role='photographer'>
        Bert Sommer, 
        <orgName ref="http://d-nb.info/gnd/212562-6">Steinheim-Institut</orgName>
       </persName>
      </catDesc>
     </category>
     <category xml:id='foto6'>
      <catDesc>Fundstücke, Dan Bondy</catDesc>
     </category>
     <category xml:id='foto5'>
      <catDesc>Denkmalpflegerische Massnahme</catDesc>
     </category>
     <category xml:id='foto4'>
      <catDesc>^# Denkmalschutzamt Hamburg</catDesc>
     </category>
     <category xml:id='foto3'>
      <catDesc>Eduard Duckesz Glasplatten ^# CAHJP Jerusalem, Glasplatten: HMB/2452, Inv 2326 · Digitalisat: CDB/5-7</catDesc>
     </category>
     <category xml:id='foto2'>
      <catDesc>Historische Aufnahmen [Mikrofilme] ^# Staatsarchiv Hamburg, Bestand 741-4 Fotoarchiv, Signatur P 2333</catDesc>
     </category>
     <category xml:id='foto7'>
      <catDesc>Aufgenommen in der Synagoge Innsbruck</catDesc>
     </category>
    </taxonomy>
   </classDecl>
   <geoDecl xml:id="WGS" datum="WGS84">World Geodetic System</geoDecl>
  </encodingDesc>
  <profileDesc>
   <particDesc>
    <listPerson>
     <person xml:id="hha-169-1" sex='1'>
      <persName>Michel ben Izek Levi</persName>
       <event when='1780-02-09' type="dateofdeath">
       <desc/>
      </event>
     </person>
    </listPerson>
   </particDesc>
    <langUsage>
    <!-- According to bcp47 http://tools.ietf.org/html/bcp47 (Language) and ISO15924 (writing System)-->
    <language ident='he' usage='100'>Hebrew</language>
   </langUsage>
  </profileDesc>
   <revisionDesc>
   <change/>
  </revisionDesc>
 </teiHeader>
 <facsimile>
  <graphic url='http://steinheim-institut.de/daten/picshha/xl/0169_AH_0105010436.jpg'>
    <desc>
    <ref target='#foto1'/>
    <date when='2001-05-01'/>
    recto
   </desc>
  </graphic>
  <graphic url='http://steinheim-institut.de/daten/picshha/xl/mf/05/00000202.jpg'>
    <desc>
    <ref target='#foto2'/>
   </desc>
  </graphic>
 </facsimile>
 <text>
  <body>
   <div type='edition'>
    <head>Edition</head>
     <ab>
     <lb n='1'/>
     ‎‏ראו על הציו׳ שהוא ממשפח׳ הלוים‏‎
‏‎     <lb n='2'/>
     ‎‏פ״נ‏‎
‏‎     <lb n='3'/>
     ‎‏נקי כפים ובר לבב לא נשא לשוא נפשו‏‎
‏‎     <lb n='4'/>
     ‎‏המוכתר בכתר שם טוב‏‎
‏‎     <lb n='5'/>
     ‎‏איש זקן ושבע ימים אשר‏‎
‏‎     <lb n='6'/>
     ‎‏הלך באמת ובתמים פועל‏‎
‏‎     <lb n='7'/>
     ‎‏טוב וצדק לפניו יהלך ה״ה‏‎
‏‎     <lb n='8'/>
     ‎‏הג״צ כ׳ מיכל בן פו״מ ר׳ איצק‏‎
‏‎     <lb n='9'/>
     ‎‏לוי זצ״ל נפטר ונקבר ביום‏‎
‏‎     <lb n='10'/>
     ‎‏ד׳ ג׳ אדראשון תק״ם לפ״ק‏‎
‏‎     <lb n='11'/>
     ‎‏[‎‏תנצב״ה]‏‎
‏‎    </ab>
   </div>
   <div type='translation'>
    <head>Übersetzung</head>
     <ab>
     <lb n='1'/>
     ›Sehet dieses Zeichen an, das aus dem Geschlechte der Leviten ist‹
     <lb n='2'/>
     Hier ist begraben
     <lb n='3'/>
     ›Rein an Händen und lauteren Herzens, nicht zu Falschem verlangt seine Seele‹,
     <lb n='4'/>
     gekrönt mit der ›Krone des guten Namens‹,
     <lb n='5'/>
     ein betagter Mann, und ›an Tagen satt‹, der
     <lb n='6'/>
     ›mit Treue und Lauterkeit wandelte‹, er wirkt
     <lb n='7'/>
     Gutes, und ›Gerechtigkeit möge ihm voranschreiten‹, es ist
     <lb n='8'/>
     der Wohlfahrtsverwalter, der geehrte Michel, Sohn des Vorstehers und Leiters, Herrn Izek
     <lb n='9'/>
     Levi, das Andenken des Gerechten zum Segen, verschieden und begraben am Tag
     <lb n='10'/>
     4, 3. des ersten Adar 540 der kleinen Zählung.
     <lb n='11'/>
     Seine Seele sei eingebunden in das Bündel des Lebens
    </ab>
   </div>
   <div type="commentary" subtype="Zitate">
    <head>Zitate</head>
    <p>Zl 1: nach 2Kön 23,17 u. Jos 21,27.38</p>
    <p>Zl 3: Ps 24,4</p>
    <p>Zl 4: Av 4,13</p>
    <p>Zl 5: Gen 35,29</p>
    <p>Zl 6: nach Ri 9,16 u. Jos 24,14</p>
    <p>Zl 7: Ps 85,14</p>
   </div>
   <div type='commentary' subtype='Stilmittel'>
    <head>Stilmittel</head>
    <p>
     <label>Reim</label>
      auf -mim in Zln 5,6.
    </p>
   </div>
   <div type="commentary" subtype="Zeilenkommentar">
    <head>Zeilenkommentar</head>
    <p>Zl 10: Erster Adar zusammen geschrieben.</p>
   </div>
   <div type="commentary" subtype="Prosopographie">
    <head>Prosopographie</head>
   </div>
   <div type="bibliography">
    <head>Bibliographie</head>
    <p>to be done ...</p>
   </div>
  </body>
 </text>
</TEI>
