﻿<?xml version="1.0" encoding="UTF-8"?>
<?xml-model href="http://www.stoa.org/epidoc/schema/8.18/tei-epidoc.rng" schematypens="http://relaxng.org/ns/structure/1.0"?>
<TEI xmlns:xi="http://www.w3.org/2001/XInclude" xmlns:svg="http://www.w3.org/2000/svg" xmlns:math="http://www.w3.org/1998/Math/MathML" xmlns="http://www.tei-c.org/ns/1.0">
 <teiHeader>
  <fileDesc>
   <titleStmt>
    <title xml:lang='de'>Grabmal für Täubche bat David Reindorf, gest. 1709-01-21, Jüdischer Friedhof Hamburg-Altona, Königstraße</title>
    <respStmt xml:lang="de">
     <resp>herausgegeben vom</resp>
     <orgName ref="http://d-nb.info/gnd/212562-6">
      Salomon Ludwig Steinheim-Institut
      <address>
       <addrLine>Edmund-Körner-Platz 2</addrLine>
       <addrLine>D-45127 Essen</addrLine>
      </address>
     </orgName>
    </respStmt>
   </titleStmt>
    <editionStmt>
    <edition/>
   </editionStmt>
   <extent/>
   <publicationStmt>
    <publisher>
     <orgName ref="http://d-nb.info/gnd/212562-6">
      Salomon Ludwig Steinheim-Institut 
      <address>
       <addrLine>Edmund-Körner-Platz 2</addrLine>
       <addrLine>D-45127 Essen</addrLine>
      </address>
     </orgName>
    </publisher>
    <idno>hha-1578</idno>
    <idno type="url">http://www.steinheim-institut.de/cgi-bin/epidat?id=hha-1578</idno>
    <availability xml:lang="en" status="free">
     <licence>
      <ref target="http://creativecommons.org/licenses/by/4.0/">Distributed under a Creative Commons licence Attribution-BY 4.0</ref>
      <p>
       All reuse or distribution of this work must contain somewhere a link back to the URL 
       <ref>http://www.steinheim-institut.de/cgi-bin/epidat?id=hha-1578</ref>
      </p>
     </licence>
    </availability>
   </publicationStmt>
    <notesStmt>
    <note/>
   </notesStmt>
   <sourceDesc>
    <bibl>born digital</bibl>
     <msDesc>
     <msIdentifier/>
     <physDesc>
      <objectDesc>
       <supportDesc>
        <support>
         <p>
          <material>Stein</material>
         </p>
        </support>
        <condition>
         <p>
          <date>2006</date>
           unterer Teil in situ, oberer liegend Beschädigung mittel 
          <damage agent='Verwitterung'>Verwitterung leicht</damage>
         </p>
        </condition>
       </supportDesc>
        <layoutDesc>
        <layout/>
       </layoutDesc>
      </objectDesc>
      <handDesc>
       <handNote>Schrift vertieft</handNote>
      </handDesc>
     </physDesc>
     <history>
      <origin>
       <date notBefore='1709-01-21'>1709-01-21</date>
       <country type="ISO_3166" key="XA-DE-HH">
        Germany
        <region>Hamburg</region>
       </country>
       <settlement type='city' key='tgn:7012310'>
        Hamburg-Altona, Königstraße 
        <geogName>
         Jüdischer Friedhof
         <geo decls="#WGS">53.549373 9.950545</geo>
         <location>
          <geo decls='Planquadrat'>EQ</geo>
         </location>
         <location>
          <geo decls='Feld Grabnummer'>S 1241</geo>
         </location>
        </geogName>
       </settlement>
      </origin>
     </history>
    </msDesc>
   </sourceDesc>
  </fileDesc>
  <encodingDesc>
   <p>Encoded according to the EpiDoc Guidelines, Schema Version 8.18</p>
   <classDecl>
    <taxonomy>
     <category xml:id='foto1'>
      <catDesc>
       <persName ref='http://d-nb.info/gnd/128472499' role='photographer'>
        Bert Sommer, 
        <orgName ref="http://d-nb.info/gnd/212562-6">Steinheim-Institut</orgName>
       </persName>
      </catDesc>
     </category>
     <category xml:id='foto6'>
      <catDesc>Fundstücke, Dan Bondy</catDesc>
     </category>
     <category xml:id='foto5'>
      <catDesc>Denkmalpflegerische Massnahme</catDesc>
     </category>
     <category xml:id='foto4'>
      <catDesc>^# Denkmalschutzamt Hamburg</catDesc>
     </category>
     <category xml:id='foto3'>
      <catDesc>Eduard Duckesz Glasplatten ^# CAHJP Jerusalem, Glasplatten: HMB/2452, Inv 2326 · Digitalisat: CDB/5-7</catDesc>
     </category>
     <category xml:id='foto2'>
      <catDesc>Historische Aufnahmen [Mikrofilme] ^# Staatsarchiv Hamburg, Bestand 741-4 Fotoarchiv, Signatur P 2333</catDesc>
     </category>
     <category xml:id='foto7'>
      <catDesc>Aufgenommen in der Synagoge Innsbruck</catDesc>
     </category>
    </taxonomy>
   </classDecl>
   <geoDecl xml:id="WGS" datum="WGS84">World Geodetic System</geoDecl>
  </encodingDesc>
  <profileDesc>
   <particDesc>
    <listPerson>
     <person xml:id="hha-1578-1" sex='2'>
      <persName>Täubche bat David Reindorf</persName>
       <event when='1709-01-21' type="dateofdeath">
       <desc/>
      </event>
     </person>
    </listPerson>
   </particDesc>
    <langUsage>
    <!-- According to bcp47 http://tools.ietf.org/html/bcp47 (Language) and ISO15924 (writing System)-->
    <language ident='he' usage='100'>Hebrew</language>
   </langUsage>
  </profileDesc>
   <revisionDesc>
   <change/>
  </revisionDesc>
 </teiHeader>
 <facsimile>
  <graphic url='http://steinheim-institut.de/daten/picshha/xl/1578_EQ_0309140111.jpg'>
    <desc>
    <ref target='#foto1'/>
    <date when='2003-09-14'/>
    recto
   </desc>
  </graphic>
  <graphic url='http://steinheim-institut.de/daten/picshha/xl/mf/04/00000109.jpg'>
    <desc>
    <ref target='#foto2'/>
   </desc>
  </graphic>
  <graphic url='http://steinheim-institut.de/daten/picshha/xl/1575_EQ_0110100119.jpg'>
    <desc>
    <ref target='#foto1'/>
    <date when='2001-10-10'/>
    Fragment recto
   </desc>
  </graphic>
 </facsimile>
 <text>
  <body>
   <div type='edition'>
    <head>Edition</head>
     <ab>
     <lb n='1'/>
     ‎‏יונתי‏‎
‏‎     <lb n='2'/>
     ‎‏בחגוי הסלע ׃‏‎
‏‎     <lb n='3'/>
     ‎‏שופרה ארעא‏‎
‏‎     <lb n='4'/>
     ‎‏בלע ׃ הילדה טייבכי‏‎
‏‎     <lb n='5'/>
     ‎‏בת הר״ר דוד ריינדור‏‎
‏‎     <lb n='6'/>
     ‎‏ף ש׳ נפטרה יו׳ א׳‏‎
‏‎     <lb n='7'/>
     ‎‏ונקברה יום ב׳ יו״ד‏‎
‏‎     <lb n='8'/>
     ‎‏שבט תס״ט לפ״ק‏‎
‏‎     <lb n='9'/>
     ‎‏תנצב״ה ‏‎
‏‎    </ab>
   </div>
   <div type='translation'>
    <head>Übersetzung</head>
     <ab>
     <lb n='1'/>
     ›Mein Täubchen
     <lb n='2'/>
     in des Felsensrissen,‹,
     <lb n='3'/>
     ›eine Schönheit, von der Erde
     <lb n='4'/>
     verschlungen‹, das Kind Täubche
     <lb n='5'/>
     Tochter des Meisters, Herrn David Reindorf,
     <lb n='6'/>
     er möge leben, verschieden Tag 1
     <lb n='7'/>
     und begraben Tag 2, zehnter
     <lb n='8'/>
     Schwat 469 der kleinen Zählung.
     <lb n='9'/>
     Ihre Seele sei eingebunden in das Bündel des Lebens 
    </ab>
   </div>
   <div type="commentary" subtype="Zitate">
    <head>Zitate</head>
    <p>Zl 1f: Hld 2,14</p>
    <p>Zl 3f: bBer 5b und Jes 25,8</p>
   </div>
   <div type='commentary' subtype='Stilmittel'>
    <head>Stilmittel</head>
    <p>
     <label>Reim</label>
      auf -ela in Zln 2,4.
    </p>
   </div>
   <div type="commentary" subtype="Zeilenkommentar">
    <head>Zeilenkommentar</head>
    <p>Zln 1/2: Der Hohelied-Vers drückt Liebe und Sehnsucht zu der noch als Kind verstorbenen Tochter aus, ein Vers, der auch wegen der Anspielung auf den Namen gewählt wurde.</p>
    <p>Zln 5/6: Der Name ist zeilenübergreifend geschrieben.</p>
   </div>
   <div type="commentary" subtype="Endkommentar">
    <head>Endkommentar</head>
    <p>Auffallend ist die Einleitung, die sich der beiden Gegensatzpaare Höhe-Tiefe und Leben-Tod bedient. Es erscheinen hier zwei verschiedene Bilder (Zitate aus Bibel bzw. Talmud) in einem Gegensatz: einerseits die Taube in den hohen Felsenrissen und das damit assoziierte Gefühl von unbeschwerter, spielerischer Freiheit als Ausdruck des Lebens (in besonderer Weise zutreffend bei einem Kind), und andererseits die Erde mit ihren alles verschlingenden Tiefen als Sinnbild für den Tod. Der abrupte Übergang der beiden Bilder ineinander macht den außergewöhnlich schmerzhaften, da viel zu frühen Verlust in besonderer Weise spürbar. Die histor. Aufnahme zeigt das Grabmal noch als ganzes.</p>
   </div>
   <div type="commentary" subtype="Prosopographie">
    <head>Prosopographie</head>
   </div>
   <div type="bibliography">
    <head>Bibliographie</head>
    <p>to be done ...</p>
   </div>
  </body>
 </text>
</TEI>
