﻿<?xml version="1.0" encoding="UTF-8"?>
<?xml-model href="http://www.stoa.org/epidoc/schema/8.18/tei-epidoc.rng" schematypens="http://relaxng.org/ns/structure/1.0"?>
<TEI xmlns:xi="http://www.w3.org/2001/XInclude" xmlns:svg="http://www.w3.org/2000/svg" xmlns:math="http://www.w3.org/1998/Math/MathML" xmlns="http://www.tei-c.org/ns/1.0">
 <teiHeader>
  <fileDesc>
   <titleStmt>
    <title xml:lang='de'>Grabmal für Röschen bat Asriel KaZ ∞ Schmuel Berlin, gest. 1709-07-25, Jüdischer Friedhof Hamburg-Altona, Königstraße</title>
    <respStmt xml:lang="de">
     <resp>herausgegeben vom</resp>
     <orgName ref="http://d-nb.info/gnd/212562-6">
      Salomon Ludwig Steinheim-Institut
      <address>
       <addrLine>Edmund-Körner-Platz 2</addrLine>
       <addrLine>D-45127 Essen</addrLine>
      </address>
     </orgName>
    </respStmt>
   </titleStmt>
    <editionStmt>
    <edition/>
   </editionStmt>
   <extent/>
   <publicationStmt>
    <publisher>
     <orgName ref="http://d-nb.info/gnd/212562-6">
      Salomon Ludwig Steinheim-Institut 
      <address>
       <addrLine>Edmund-Körner-Platz 2</addrLine>
       <addrLine>D-45127 Essen</addrLine>
      </address>
     </orgName>
    </publisher>
    <idno>hha-1453</idno>
    <idno type="url">http://www.steinheim-institut.de/cgi-bin/epidat?id=hha-1453</idno>
    <availability xml:lang="en" status="free">
     <licence>
      <ref target="http://creativecommons.org/licenses/by/4.0/">Distributed under a Creative Commons licence Attribution-BY 4.0</ref>
      <p>
       All reuse or distribution of this work must contain somewhere a link back to the URL 
       <ref>http://www.steinheim-institut.de/cgi-bin/epidat?id=hha-1453</ref>
      </p>
     </licence>
    </availability>
   </publicationStmt>
    <notesStmt>
    <note/>
   </notesStmt>
   <sourceDesc>
    <bibl>born digital</bibl>
     <msDesc>
     <msIdentifier/>
     <physDesc>
      <objectDesc>
       <supportDesc>
        <support>
         <p>
          <material>Stein</material>
         </p>
        </support>
        <condition>
         <p>
          <date>2006</date>
           in situ Beschädigung leicht
         </p>
        </condition>
       </supportDesc>
        <layoutDesc>
        <layout/>
       </layoutDesc>
      </objectDesc>
     </physDesc>
     <history>
      <origin>
       <date notBefore='1709-07-25'>1709-07-25</date>
       <country type="ISO_3166" key="XA-DE-HH">
        Germany
        <region>Hamburg</region>
       </country>
       <settlement type='city' key='tgn:7012310'>
        Hamburg-Altona, Königstraße 
        <geogName>
         Jüdischer Friedhof
         <geo decls="#WGS">53.549373 9.950545</geo>
         <location>
          <geo decls='Planquadrat'>EN</geo>
         </location>
         <location>
          <geo decls='Feld Grabnummer'>S 1319</geo>
         </location>
        </geogName>
       </settlement>
      </origin>
     </history>
    </msDesc>
   </sourceDesc>
  </fileDesc>
  <encodingDesc>
   <p>Encoded according to the EpiDoc Guidelines, Schema Version 8.18</p>
   <classDecl>
    <taxonomy>
     <category xml:id='foto1'>
      <catDesc>
       <persName ref='http://d-nb.info/gnd/128472499' role='photographer'>
        Bert Sommer, 
        <orgName ref="http://d-nb.info/gnd/212562-6">Steinheim-Institut</orgName>
       </persName>
      </catDesc>
     </category>
     <category xml:id='foto6'>
      <catDesc>Fundstücke, Dan Bondy</catDesc>
     </category>
     <category xml:id='foto5'>
      <catDesc>Denkmalpflegerische Massnahme</catDesc>
     </category>
     <category xml:id='foto4'>
      <catDesc>^# Denkmalschutzamt Hamburg</catDesc>
     </category>
     <category xml:id='foto3'>
      <catDesc>Eduard Duckesz Glasplatten ^# CAHJP Jerusalem, Glasplatten: HMB/2452, Inv 2326 · Digitalisat: CDB/5-7</catDesc>
     </category>
     <category xml:id='foto2'>
      <catDesc>Historische Aufnahmen [Mikrofilme] ^# Staatsarchiv Hamburg, Bestand 741-4 Fotoarchiv, Signatur P 2333</catDesc>
     </category>
     <category xml:id='foto7'>
      <catDesc>Aufgenommen in der Synagoge Innsbruck</catDesc>
     </category>
    </taxonomy>
   </classDecl>
   <geoDecl xml:id="WGS" datum="WGS84">World Geodetic System</geoDecl>
  </encodingDesc>
  <profileDesc>
   <particDesc>
    <listPerson>
     <person xml:id="hha-1453-1" sex='2'>
      <persName>Röschen bat Asriel KaZ ∞ Schmuel Berlin</persName>
       <event when='1709-07-25' type="dateofdeath">
       <desc/>
      </event>
     </person>
    </listPerson>
   </particDesc>
    <langUsage>
    <!-- According to bcp47 http://tools.ietf.org/html/bcp47 (Language) and ISO15924 (writing System)-->
    <language ident='he' usage='100'>Hebrew</language>
   </langUsage>
  </profileDesc>
   <revisionDesc>
   <change/>
  </revisionDesc>
 </teiHeader>
 <facsimile>
  <graphic url='http://steinheim-institut.de/daten/picshha/xl/1453_EN_0110120222.jpg'>
    <desc>
    <ref target='#foto1'/>
    <date when='2001-10-12'/>
    recto
   </desc>
  </graphic>
  <graphic url='http://steinheim-institut.de/daten/picshha/xl/mf/04/00000160.jpg'>
    <desc>
    <ref target='#foto2'/>
   </desc>
  </graphic>
 </facsimile>
 <text>
  <body>
   <div type='edition'>
    <head>Edition</head>
     <ab>
     <lb n='1'/>
     ‎‏פ״נ‏‎
‏‎     <lb n='2'/>
     ‎‏אשה אשר‏‎
‏‎     <lb n='3'/>
     ‎‏רצה למצוה כעבד כושי ׃‏‎
‏‎     <lb n='4'/>
     ‎‏ידי חבתה יצאה משלשי ׃‏‎
‏‎     <lb n='5'/>
     ‎‏זבד טוב זבדה לה הוכן ׃‏‎
‏‎     <lb n='6'/>
     ‎‏כל ימיה היו בלא תבשי ׃‏‎
‏‎     <lb n='7'/>
     ‎‏נעשתה לסופה גם חפשי ׃‏‎
‏‎     <lb n='8'/>
     ‎‏ה״ה הצנועה מרת ריזכן ׃‏‎
‏‎     <lb n='9'/>
     ‎‏בת כ׳ עזריאל כ״ץ ז״ל אשת‏‎
‏‎     <lb n='10'/>
     ‎‏ה״כ שמואל ברלין ז״ל נפטרה‏‎
‏‎     <lb n='11'/>
     ‎‏ונקברה יום ה׳ ח״י מנחם‏‎
‏‎     <lb n='12'/>
     ‎‏תס״ט לפ״ק‏‎
‏‎     <lb n='13'/>
     ‎‏תנצב״ה‏‎
‏‎    </ab>
   </div>
   <div type='translation'>
    <head>Übersetzung</head>
     <ab>
     <lb n='1'/>
     Hier ist begraben
     <lb n='2'/>
     eine Frau, die
     <lb n='3'/>
     zum Gebot lief wie ein Mohrensklave,
     <lb n='4'/>
     sie erfüllte ihre Pflichten in den Dreien,
     <lb n='5'/>
     ›ein schönes Geschenk‹, ihr als ihr Geschenk bereitet,
     <lb n='6'/>
     all ihre Tage waren ohne Beschämung,
     <lb n='7'/>
     am Ende auch wurde sie freigelassen,
     <lb n='8'/>
     es ist die Züchtige, Frau Röschen,
     <lb n='9'/>
     Tochter des geehrten Asriel KaZ sein Andenken zum Segen, Gattin
     <lb n='10'/>
     des geehrten Herrn Schmuel Berlin, sein Andenken zum Segen, verschieden
     <lb n='11'/>
     und begraben Tag 5, 18. Menachem
     <lb n='12'/>
     469 der kleinen Zählung.
     <lb n='13'/>
     Ihre Seele sei eingebunden in das Bündel des Lebens
    </ab>
   </div>
   <div type="commentary" subtype="Zitate">
    <head>Zitate</head>
    <p>Zl 5: Gen 30,20</p>
   </div>
   <div type='commentary' subtype='Stilmittel'>
    <head>Stilmittel</head>
    <p>Verseulogie: sechszeiliges Namensgedicht mit Reim aabaab und Akrostichon; vierhebige Verse</p>
    <p>
     <label>Reim</label>
      auf -schi und -che(a)n in Zln 3-8 (den Namen einschließend).
    </p>
    <p>
     <label>Akrostichon</label>
      in Zeilen 3-7: ‎‏ריזכן‏‎ Röschen
    </p>
   </div>
   <div type="commentary" subtype="Zeilenkommentar">
    <head>Zeilenkommentar</head>
    <p>Zl 4: Gemeint sind die drei den Frauen vorbehaltenen Gebote.</p>
    <p>Zl 6: Aus ‎‏לכה דודי‏‎, "Auf, mein Freund", das hier Jes 54,4 aufnimmt und die Zeit der Erlösung schildert. S. R. Hirsch gibt ‎‏לא תבושי‏‎ mit "wirst nicht getäuscht" wieder, andere übersetzen "schäme dich nicht". Gemeint ist Zion bzw. Jerusalem.</p>
   </div>
   <div type="commentary" subtype="Endkommentar">
    <head>Endkommentar</head>
    <p>Die Diensteifrige: Mehrere versklavte oder freigelassene Afrikaner arbeiteten als Dienstboten und Lakaien in reicheren Sefardenfamilien und zogen als Verkörperungen eines exotischen Luxus die Aufmerksamkeit der Hamburger auf sich (siehe M. Studemund-Halévy, "Die Portugiesen und ihre afrikanischen Sklaven", in: Studemund-Halévy, Biographisches Lexikon, S. 665-667). Hierher erklärt sich vermutlich die überraschende Metaphorik in der Grabschrift für Röschen Berlin: Die nach fleißigem Leben gestorbene Ehefrau wird mit einem gehorsamen Sklaven verglichen, der das seltene Glück hat, entwürdigender Misshandlung zu entgehen und schließlich freigelassen zu werden.</p>
   </div>
   <div type="commentary" subtype="Prosopographie">
    <head>Prosopographie</head>
   </div>
   <div type="bibliography">
    <head>Bibliographie</head>
    <p>to be done ...</p>
   </div>
  </body>
 </text>
</TEI>
