﻿<?xml version="1.0" encoding="UTF-8"?>
<?xml-model href="http://www.stoa.org/epidoc/schema/8.18/tei-epidoc.rng" schematypens="http://relaxng.org/ns/structure/1.0"?>
<TEI xmlns:xi="http://www.w3.org/2001/XInclude" xmlns:svg="http://www.w3.org/2000/svg" xmlns:math="http://www.w3.org/1998/Math/MathML" xmlns="http://www.tei-c.org/ns/1.0">
 <teiHeader>
  <fileDesc>
   <titleStmt>
    <title xml:lang='de'>Grabmal für Jehuda Jizchak Eisek ben Aharon Hakohen, gest. 1707-07-10, Jüdischer Friedhof Hamburg-Altona, Königstraße</title>
    <respStmt xml:lang="de">
     <resp>herausgegeben vom</resp>
     <orgName ref="http://d-nb.info/gnd/212562-6">
      Salomon Ludwig Steinheim-Institut
      <address>
       <addrLine>Edmund-Körner-Platz 2</addrLine>
       <addrLine>D-45127 Essen</addrLine>
      </address>
     </orgName>
    </respStmt>
   </titleStmt>
    <editionStmt>
    <edition/>
   </editionStmt>
   <extent/>
   <publicationStmt>
    <publisher>
     <orgName ref="http://d-nb.info/gnd/212562-6">
      Salomon Ludwig Steinheim-Institut 
      <address>
       <addrLine>Edmund-Körner-Platz 2</addrLine>
       <addrLine>D-45127 Essen</addrLine>
      </address>
     </orgName>
    </publisher>
    <idno>hha-1517</idno>
    <idno type="url">http://www.steinheim-institut.de/cgi-bin/epidat?id=hha-1517</idno>
    <availability xml:lang="en" status="free">
     <licence>
      <ref target="http://creativecommons.org/licenses/by/4.0/">Distributed under a Creative Commons licence Attribution-BY 4.0</ref>
      <p>
       All reuse or distribution of this work must contain somewhere a link back to the URL 
       <ref>http://www.steinheim-institut.de/cgi-bin/epidat?id=hha-1517</ref>
      </p>
     </licence>
    </availability>
   </publicationStmt>
    <notesStmt>
    <note/>
   </notesStmt>
   <sourceDesc>
    <bibl>born digital</bibl>
     <msDesc>
     <msIdentifier/>
     <physDesc>
      <objectDesc>
       <supportDesc>
        <support>
         <p>
          <material>Stein</material>
         </p>
        </support>
        <condition>
         <p>
          <date>2006</date>
           unterer Teil in situ, oberer liegend 
          <damage agent='Verwitterung'>Verwitterung stark</damage>
         </p>
        </condition>
       </supportDesc>
        <layoutDesc>
        <layout/>
       </layoutDesc>
      </objectDesc>
      <handDesc>
       <handNote>Schrift erhaben</handNote>
      </handDesc>
      <decoDesc>
       <decoNote type='symbol'>Segnende Hände</decoNote>
       <decoNote type='symbol'>Krone</decoNote>
      </decoDesc>
     </physDesc>
     <history>
      <origin>
       <date notBefore='1707-07-10'>1707-07-10</date>
       <country type="ISO_3166" key="XA-DE-HH">
        Germany
        <region>Hamburg</region>
       </country>
       <settlement type='city' key='tgn:7012310'>
        Hamburg-Altona, Königstraße 
        <geogName>
         Jüdischer Friedhof
         <geo decls="#WGS">53.549373 9.950545</geo>
         <location>
          <geo decls='Planquadrat'>EO</geo>
         </location>
         <location>
          <geo decls='Feld Grabnummer'>S 1253</geo>
         </location>
        </geogName>
       </settlement>
      </origin>
     </history>
    </msDesc>
   </sourceDesc>
  </fileDesc>
  <encodingDesc>
   <p>Encoded according to the EpiDoc Guidelines, Schema Version 8.18</p>
   <classDecl>
    <taxonomy>
     <category xml:id='foto1'>
      <catDesc>
       <persName ref='http://d-nb.info/gnd/128472499' role='photographer'>
        Bert Sommer, 
        <orgName ref="http://d-nb.info/gnd/212562-6">Steinheim-Institut</orgName>
       </persName>
      </catDesc>
     </category>
     <category xml:id='foto6'>
      <catDesc>Fundstücke, Dan Bondy</catDesc>
     </category>
     <category xml:id='foto5'>
      <catDesc>Denkmalpflegerische Massnahme</catDesc>
     </category>
     <category xml:id='foto4'>
      <catDesc>^# Denkmalschutzamt Hamburg</catDesc>
     </category>
     <category xml:id='foto3'>
      <catDesc>Eduard Duckesz Glasplatten ^# CAHJP Jerusalem, Glasplatten: HMB/2452, Inv 2326 · Digitalisat: CDB/5-7</catDesc>
     </category>
     <category xml:id='foto2'>
      <catDesc>Historische Aufnahmen [Mikrofilme] ^# Staatsarchiv Hamburg, Bestand 741-4 Fotoarchiv, Signatur P 2333</catDesc>
     </category>
     <category xml:id='foto7'>
      <catDesc>Aufgenommen in der Synagoge Innsbruck</catDesc>
     </category>
    </taxonomy>
   </classDecl>
   <geoDecl xml:id="WGS" datum="WGS84">World Geodetic System</geoDecl>
  </encodingDesc>
  <profileDesc>
   <particDesc>
    <listPerson>
     <person xml:id="hha-1517-1" sex='1'>
      <persName>Jehuda Jizchak Eisek ben Aharon Hakohen</persName>
       <event when='1707-07-10' type="dateofdeath">
       <desc/>
      </event>
     </person>
    </listPerson>
   </particDesc>
    <langUsage>
    <!-- According to bcp47 http://tools.ietf.org/html/bcp47 (Language) and ISO15924 (writing System)-->
    <language ident='he' usage='100'>Hebrew</language>
   </langUsage>
  </profileDesc>
   <revisionDesc>
   <change/>
  </revisionDesc>
 </teiHeader>
 <facsimile>
  <graphic url='http://steinheim-institut.de/daten/picshha/xl/1517_EO_0110100131.jpg'>
    <desc>
    <ref target='#foto1'/>
    <date when='2001-10-10'/>
    recto
   </desc>
  </graphic>
  <graphic url='http://steinheim-institut.de/daten/picshha/xl/mf/04/00000097.jpg'>
    <desc>
    <ref target='#foto2'/>
   </desc>
  </graphic>
 </facsimile>
 <text>
  <body>
   <div type='edition'>
    <head>Edition</head>
     <ab>
     <lb n='1'/>
     ‎‏פ״נ‏‎
‏‎     <lb n='2'/>
     ‎‏גברא‏‎
‏‎     <lb n='3'/>
     ‎‏יקירא [...]רותא? ׃‏‎
‏‎     <lb n='4'/>
     ‎‏צנא מ[לא ספר]א [...]פ?ירתא? ׃‏‎
‏‎     <lb n='5'/>
     ‎‏חד? מ[...]ראו? ומו[ח?]זק? ׃‏‎
‏‎     <lb n='6'/>
     ‎‏קדכ[...]אשפר? ל[.רו]תא ׃‏‎
‏‎     <lb n='7'/>
     ‎‏שבה?א[...]ודא שירתא ׃‏‎
‏‎     <lb n='8'/>
     ‎‏אלוף כ׳ [י]הודה יצחק איי[ז]ק ׃‏‎
‏‎     <lb n='9'/>
     ‎‏בר אה[רן] הכהן ז״ל נפטר יו׳‏‎
‏‎     <lb n='10'/>
     ‎‏א׳ יו״ד [ת]מוז ונקבר יו׳ [י״א?] בו‏‎
‏‎     <lb n='11'/>
     ‎‏תס״[ז] לפ״[ק]‏‎
‏‎     <lb n='12'/>
     ‎‏תנצב״ה‏‎
‏‎    </ab>
   </div>
   <div type='translation'>
    <head>Übersetzung</head>
     <ab>
     <lb n='1'/>
     Hier ist begraben
     <lb n='2'/>
     ein Mann,
     <lb n='3'/>
     ein Korb v[oller Büch]er ...
     <lb n='4'/>
     einer? von ...
     <lb n='5'/>
     ...
     <lb n='6'/>
     ...
     <lb n='7'/>
     ...
     <lb n='8'/>
     der Vornehme, der geehrte, Jehuda Jizchak Eisek,
     <lb n='9'/>
     Sohn des Aharon Hakohen, sein Andenken zum Segen, verschieden Tag
     <lb n='10'/>
     1, zehnter Tammus und begraben Tag 1, 11?. desselben
     <lb n='11'/>
     467 der kleinen Zählung.
     <lb n='12'/>
     Seine Seele sei eingebunden in das Bündel des Lebens
    </ab>
   </div>
   <div type='commentary' subtype='Stilmittel'>
    <head>Stilmittel</head>
    <p>
     <label>Reim</label>
      auf -ruta in Zln 3,6, auf -irta in Zln 4,7 und auf -sak in Zln 5,8. (abcabc).
    </p>
    <p>
     <label>Akrostichon</label>
      in Zeilen 3-6: ‎‏יצחק‏‎ Jizchak
    </p>
   </div>
   <div type="commentary" subtype="Zeilenkommentar">
    <head>Zeilenkommentar</head>
    <p>Zl 1 ist oberhalb der Symbole.</p>
   </div>
   <div type="commentary" subtype="Prosopographie">
    <head>Prosopographie</head>
   </div>
   <div type="bibliography">
    <head>Bibliographie</head>
    <p>to be done ...</p>
   </div>
  </body>
 </text>
</TEI>
