﻿<?xml version="1.0" encoding="UTF-8"?>
<?xml-model href="http://www.stoa.org/epidoc/schema/8.18/tei-epidoc.rng" schematypens="http://relaxng.org/ns/structure/1.0"?>
<TEI xmlns:xi="http://www.w3.org/2001/XInclude" xmlns:svg="http://www.w3.org/2000/svg" xmlns:math="http://www.w3.org/1998/Math/MathML" xmlns="http://www.tei-c.org/ns/1.0">
 <teiHeader>
  <fileDesc>
   <titleStmt>
    <title xml:lang='de'>Grabmal für Gumpel SeGaL ben Elijahu Scheuer SeGaL, gest. 1714-06-06, Jüdischer Friedhof Hamburg-Altona, Königstraße</title>
    <respStmt xml:lang="de">
     <resp>herausgegeben vom</resp>
     <orgName ref="http://d-nb.info/gnd/212562-6">
      Salomon Ludwig Steinheim-Institut
      <address>
       <addrLine>Edmund-Körner-Platz 2</addrLine>
       <addrLine>D-45127 Essen</addrLine>
      </address>
     </orgName>
    </respStmt>
   </titleStmt>
    <editionStmt>
    <edition/>
   </editionStmt>
   <extent/>
   <publicationStmt>
    <publisher>
     <orgName ref="http://d-nb.info/gnd/212562-6">
      Salomon Ludwig Steinheim-Institut 
      <address>
       <addrLine>Edmund-Körner-Platz 2</addrLine>
       <addrLine>D-45127 Essen</addrLine>
      </address>
     </orgName>
    </publisher>
    <idno>hha-1417</idno>
    <idno type="url">http://www.steinheim-institut.de/cgi-bin/epidat?id=hha-1417</idno>
    <availability xml:lang="en" status="free">
     <licence>
      <ref target="http://creativecommons.org/licenses/by/4.0/">Distributed under a Creative Commons licence Attribution-BY 4.0</ref>
      <p>
       All reuse or distribution of this work must contain somewhere a link back to the URL 
       <ref>http://www.steinheim-institut.de/cgi-bin/epidat?id=hha-1417</ref>
      </p>
     </licence>
    </availability>
   </publicationStmt>
    <notesStmt>
    <note/>
   </notesStmt>
   <sourceDesc>
    <bibl>born digital</bibl>
     <msDesc>
     <msIdentifier/>
     <physDesc>
      <objectDesc>
       <supportDesc>
        <support>
         <p>
          <material>Stein</material>
         </p>
        </support>
        <condition>
         <p>
          <date>2006</date>
           Der Stein ist abgebrochen und liegt auf dem Boden Beschädigung leicht 
          <damage agent='Verwitterung'>Verwitterung leicht</damage>
         </p>
        </condition>
       </supportDesc>
        <layoutDesc>
        <layout/>
       </layoutDesc>
      </objectDesc>
      <decoDesc>
       <decoNote type='symbol'>Levitenkanne</decoNote>
       <decoNote type='symbol'>Hand aus Wolke</decoNote>
       <decoNote type='ornament'>floral; gestalterisch: aufgespannter Mantel</decoNote>
      </decoDesc>
     </physDesc>
     <history>
      <origin>
       <date notBefore='1714-06-06'>1714-06-06</date>
       <country type="ISO_3166" key="XA-DE-HH">
        Germany
        <region>Hamburg</region>
       </country>
       <settlement type='city' key='tgn:7012310'>
        Hamburg-Altona, Königstraße 
        <geogName>
         Jüdischer Friedhof
         <geo decls="#WGS">53.549373 9.950545</geo>
         <location>
          <geo decls='Planquadrat'>EN</geo>
         </location>
         <location>
          <geo decls='Feld Grabnummer'>S 1367</geo>
         </location>
        </geogName>
       </settlement>
      </origin>
     </history>
    </msDesc>
   </sourceDesc>
  </fileDesc>
  <encodingDesc>
   <p>Encoded according to the EpiDoc Guidelines, Schema Version 8.18</p>
   <classDecl>
    <taxonomy>
     <category xml:id='foto1'>
      <catDesc>
       <persName ref='http://d-nb.info/gnd/128472499' role='photographer'>
        Bert Sommer, 
        <orgName ref="http://d-nb.info/gnd/212562-6">Steinheim-Institut</orgName>
       </persName>
      </catDesc>
     </category>
     <category xml:id='foto6'>
      <catDesc>Fundstücke, Dan Bondy</catDesc>
     </category>
     <category xml:id='foto5'>
      <catDesc>Denkmalpflegerische Massnahme</catDesc>
     </category>
     <category xml:id='foto4'>
      <catDesc>^# Denkmalschutzamt Hamburg</catDesc>
     </category>
     <category xml:id='foto3'>
      <catDesc>Eduard Duckesz Glasplatten ^# CAHJP Jerusalem, Glasplatten: HMB/2452, Inv 2326 · Digitalisat: CDB/5-7</catDesc>
     </category>
     <category xml:id='foto2'>
      <catDesc>Historische Aufnahmen [Mikrofilme] ^# Staatsarchiv Hamburg, Bestand 741-4 Fotoarchiv, Signatur P 2333</catDesc>
     </category>
     <category xml:id='foto7'>
      <catDesc>Aufgenommen in der Synagoge Innsbruck</catDesc>
     </category>
    </taxonomy>
   </classDecl>
   <geoDecl xml:id="WGS" datum="WGS84">World Geodetic System</geoDecl>
  </encodingDesc>
  <profileDesc>
   <particDesc>
    <listPerson>
     <person xml:id="hha-1417-1" sex='1'>
      <persName>Gumpel SeGaL ben Elijahu Scheuer SeGaL</persName>
       <event when='1714-06-06' type="dateofdeath">
       <desc/>
      </event>
     </person>
    </listPerson>
   </particDesc>
    <langUsage>
    <!-- According to bcp47 http://tools.ietf.org/html/bcp47 (Language) and ISO15924 (writing System)-->
    <language ident='he' usage='100'>Hebrew</language>
   </langUsage>
  </profileDesc>
   <revisionDesc>
   <change/>
  </revisionDesc>
 </teiHeader>
 <facsimile>
  <graphic url='http://steinheim-institut.de/daten/picshha/xl/1417_EM_0110050209.jpg'>
    <desc>
    <ref target='#foto1'/>
    <date when='2001-10-05'/>
    recto
   </desc>
  </graphic>
  <graphic url='http://steinheim-institut.de/daten/picshha/xl/1417xEN_0110120209.jpg'>
    <desc>
    <ref target='#foto1'/>
    <date when='2001-10-12'/>
    schriftlos
   </desc>
  </graphic>
  <graphic url='http://steinheim-institut.de/daten/picshha/xl/mf/04/00000185.jpg'>
    <desc>
    <ref target='#foto2'/>
   </desc>
  </graphic>
  <graphic url='http://steinheim-institut.de/daten/picshha/xl/mf/15/00000097.jpg'>
    <desc>
    <ref target='#foto2'/>
   </desc>
  </graphic>
 </facsimile>
 <text>
  <body>
   <div type='edition'>
    <head>Edition</head>
     <ab>
     <lb n='1'/>
     ‎‏פה עלה למעל הבחור הר״ר גומפל סג״ל‏‎
‏‎     <lb n='2'/>
     ‎‏על‏‎
‏‎     <lb n='3'/>
     ‎‏גזירה זאת תמיד עיני בוכי׳‏‎
‏‎     <lb n='4'/>
     ‎‏ובלבי יקד כיקד אש וכויה‏‎
‏‎     <lb n='5'/>
     ‎‏משופר׳ דבלע בארעא‏‎
‏‎     <lb n='6'/>
     ‎‏בחור מבני לויה‏‎
‏‎     <lb n='7'/>
     ‎‏פה קדש עסק יו׳ וליל בתושי׳‏‎
‏‎     <lb n='8'/>
     ‎‏י״ז מספר שניו חד מבני עליה‏‎
‏‎     <lb n='9'/>
     ‎‏לבי׳ אביו מספד מר תאניה‏‎
‏‎     <lb n='10'/>
     ‎‏ואני׳ ׃ ה״ה הבחור חשוב‏‎
‏‎     <lb n='11'/>
     ‎‏כהר״ר גומפיל בן הקצין‏‎
‏‎     <lb n='12'/>
     ‎‏כמר אליה׳ שייאר סג״ל‏‎
‏‎     <lb n='13'/>
     ‎‏נפטר בשם טוב ונקבר‏‎
‏‎     <lb n='14'/>
     ‎‏ביום ד׳ ך״ג סיון תע״ד לפ״ק‏‎
‏‎     <lb n='15'/>
     ‎‏תנצב״ה‏‎
‏‎    </ab>
   </div>
   <div type='translation'>
    <head>Übersetzung</head>
     <ab>
     <lb n='1'/>
     Hier stieg hinauf der Jüngling, der Meister, Herr Gumpel SeGaL.
     <lb n='2'/>
     Über
     <lb n='3'/>
     dieses Verhängnis weinet ständig mein Auge,
     <lb n='4'/>
     mein Herz ›brennt wie Feuerbrand‹, ist wie Brandmal,
     <lb n='5'/>
     ob der ›Schönheit, die vergangen ist im Staube‹,
     <lb n='6'/>
     ein Jüngling, ein Erwählter unter den Leviten,
     <lb n='7'/>
     .... beschäftigt Tat und Nacht mit Weisheit,
     <lb n='8'/>
     17 betrugen die Lebensjahre eines der Herausragenden,
     <lb n='9'/>
     im Hause seines Vaters ›bittere Trauer‹, ›Jammer
     <lb n='10'/>
     und Klage‹. Es ist der angesehene Jüngling,
     <lb n='11'/>
     der geehrte Meister, Herr Gumpel, Sohn des Einflußreichen,
     <lb n='12'/>
     des geehrten Herrn Elijahu Scheuer SeGaL,
     <lb n='13'/>
     verschieden ›mit gutem Namen‹ und begraben
     <lb n='14'/>
     am Tag 4, 23. Sivan 474 der kleinen Zählung.
     <lb n='15'/>
     Seine Seele sei eingebunden in das Bündel des Lebens
    </ab>
   </div>
   <div type="commentary" subtype="Zitate">
    <head>Zitate</head>
    <p>Zl 4: Jes 10,16</p>
    <p>Zl 5: bBer 5b</p>
    <p>Zl 9: Ez 27,31</p>
    <p>Zl 9f: Klgl 2,5</p>
    <p>Zl 13: bBer 17a</p>
   </div>
   <div type='commentary' subtype='Stilmittel'>
    <head>Stilmittel</head>
    <p>
     <label>Reim</label>
      auf -ijah in Zln 3/4, 6-8 und 10.
    </p>
    <p>
     <label>Akrostichon</label>
      in Zeilen 3-5, 7, 9: ‎‏גומפל‏‎ Gumpel
    </p>
   </div>
   <div type="commentary" subtype="Zeilenkommentar">
    <head>Zeilenkommentar</head>
    <p>Zl 8: erinnert an FFM</p>
   </div>
   <div type="commentary" subtype="Prosopographie">
    <head>Prosopographie</head>
   </div>
   <div type="bibliography">
    <head>Bibliographie</head>
    <p>to be done ...</p>
   </div>
  </body>
 </text>
</TEI>
