﻿<?xml version="1.0" encoding="UTF-8"?>
<?xml-model href="http://www.stoa.org/epidoc/schema/8.18/tei-epidoc.rng" schematypens="http://relaxng.org/ns/structure/1.0"?>
<TEI xmlns:xi="http://www.w3.org/2001/XInclude" xmlns:svg="http://www.w3.org/2000/svg" xmlns:math="http://www.w3.org/1998/Math/MathML" xmlns="http://www.tei-c.org/ns/1.0">
 <teiHeader>
  <fileDesc>
   <titleStmt>
    <title xml:lang='de'>Grabmal für David ben Jizchak, gest. 1699-07-21, Jüdischer Friedhof Hamburg-Altona, Königstraße</title>
    <respStmt xml:lang="de">
     <resp>herausgegeben vom</resp>
     <orgName ref="http://d-nb.info/gnd/212562-6">
      Salomon Ludwig Steinheim-Institut
      <address>
       <addrLine>Edmund-Körner-Platz 2</addrLine>
       <addrLine>D-45127 Essen</addrLine>
      </address>
     </orgName>
    </respStmt>
   </titleStmt>
    <editionStmt>
    <edition/>
   </editionStmt>
   <extent/>
   <publicationStmt>
    <publisher>
     <orgName ref="http://d-nb.info/gnd/212562-6">
      Salomon Ludwig Steinheim-Institut 
      <address>
       <addrLine>Edmund-Körner-Platz 2</addrLine>
       <addrLine>D-45127 Essen</addrLine>
      </address>
     </orgName>
    </publisher>
    <idno>hha-1563</idno>
    <idno type="url">http://www.steinheim-institut.de/cgi-bin/epidat?id=hha-1563</idno>
    <availability xml:lang="en" status="free">
     <licence>
      <ref target="http://creativecommons.org/licenses/by/4.0/">Distributed under a Creative Commons licence Attribution-BY 4.0</ref>
      <p>
       All reuse or distribution of this work must contain somewhere a link back to the URL 
       <ref>http://www.steinheim-institut.de/cgi-bin/epidat?id=hha-1563</ref>
      </p>
     </licence>
    </availability>
   </publicationStmt>
    <notesStmt>
    <note/>
   </notesStmt>
   <sourceDesc>
    <bibl>born digital</bibl>
     <msDesc>
     <msIdentifier/>
     <physDesc>
      <objectDesc>
       <supportDesc>
        <support>
         <p>
          <material>Stein</material>
         </p>
        </support>
        <condition>
         <p>
          <date>2006</date>
           unterer Teil in situ, oberer liegend (davor) Beschädigung schwer
         </p>
        </condition>
       </supportDesc>
        <layoutDesc>
        <layout/>
       </layoutDesc>
      </objectDesc>
      <handDesc>
       <handNote>Schrift vertieft</handNote>
      </handDesc>
     </physDesc>
     <history>
      <origin>
       <date notBefore='1699-07-21'>1699-07-21</date>
       <country type="ISO_3166" key="XA-DE-HH">
        Germany
        <region>Hamburg</region>
       </country>
       <settlement type='city' key='tgn:7012310'>
        Hamburg-Altona, Königstraße 
        <geogName>
         Jüdischer Friedhof
         <geo decls="#WGS">53.549373 9.950545</geo>
         <location>
          <geo decls='Planquadrat'>EP</geo>
         </location>
         <location>
          <geo decls='Feld Grabnummer'>S 1192</geo>
         </location>
        </geogName>
       </settlement>
      </origin>
     </history>
    </msDesc>
   </sourceDesc>
  </fileDesc>
  <encodingDesc>
   <p>Encoded according to the EpiDoc Guidelines, Schema Version 8.18</p>
   <classDecl>
    <taxonomy>
     <category xml:id='foto1'>
      <catDesc>
       <persName ref='http://d-nb.info/gnd/128472499' role='photographer'>
        Bert Sommer, 
        <orgName ref="http://d-nb.info/gnd/212562-6">Steinheim-Institut</orgName>
       </persName>
      </catDesc>
     </category>
     <category xml:id='foto6'>
      <catDesc>Fundstücke, Dan Bondy</catDesc>
     </category>
     <category xml:id='foto5'>
      <catDesc>Denkmalpflegerische Massnahme</catDesc>
     </category>
     <category xml:id='foto4'>
      <catDesc>^# Denkmalschutzamt Hamburg</catDesc>
     </category>
     <category xml:id='foto3'>
      <catDesc>Eduard Duckesz Glasplatten ^# CAHJP Jerusalem, Glasplatten: HMB/2452, Inv 2326 · Digitalisat: CDB/5-7</catDesc>
     </category>
     <category xml:id='foto2'>
      <catDesc>Historische Aufnahmen [Mikrofilme] ^# Staatsarchiv Hamburg, Bestand 741-4 Fotoarchiv, Signatur P 2333</catDesc>
     </category>
     <category xml:id='foto7'>
      <catDesc>Aufgenommen in der Synagoge Innsbruck</catDesc>
     </category>
    </taxonomy>
   </classDecl>
   <geoDecl xml:id="WGS" datum="WGS84">World Geodetic System</geoDecl>
  </encodingDesc>
  <profileDesc>
   <particDesc>
    <listPerson>
     <person xml:id="hha-1563-1" sex='1'>
      <persName>David ben Jizchak</persName>
       <event when='1699-07-21' type="dateofdeath">
       <desc/>
      </event>
     </person>
    </listPerson>
   </particDesc>
    <langUsage>
    <!-- According to bcp47 http://tools.ietf.org/html/bcp47 (Language) and ISO15924 (writing System)-->
    <language ident='he' usage='100'>Hebrew</language>
   </langUsage>
  </profileDesc>
   <revisionDesc>
   <change/>
  </revisionDesc>
 </teiHeader>
 <facsimile>
  <graphic url='http://steinheim-institut.de/daten/picshha/xl/1563_EP_0110120430.jpg'>
    <desc>
    <ref target='#foto1'/>
    <date when='2001-10-12'/>
    recto
   </desc>
  </graphic>
  <graphic url='http://steinheim-institut.de/daten/picshha/xl/mf/04/00000017.jpg'>
    <desc>
    <ref target='#foto2'/>
   </desc>
  </graphic>
  <graphic url='http://steinheim-institut.de/daten/picshha/xl/1561_EP_0110100116.jpg'>
    <desc>
    <ref target='#foto1'/>
    <date when='2001-10-10'/>
    Fragment recto
   </desc>
  </graphic>
 </facsimile>
 <text>
  <body>
   <div type='edition'>
    <head>Edition</head>
     <ab>
     <lb n='1'/>
     ‎‏לדוד‏‎
‏‎     <lb n='2'/>
     ‎‏משכיל‏‎
‏‎     <lb n='3'/>
     ‎‏דוד הלא מסתתר עמנו ׃‏‎
‏‎     <lb n='4'/>
     ‎‏והנה היה כאחד ממנו ׃‏‎
‏‎     <lb n='5'/>
     ‎‏דלת פתוח למצוא לשחק ׃‏‎
‏‎     <lb n='6'/>
     ‎‏רדף צדקה ויקיימנו ׃‏‎
‏‎     <lb n='7'/>
     ‎‏הותיק חסד יסובבנו ׃‏‎
‏‎     <lb n='8'/>
     ‎‏כהר״ר דוד ב׳ הר״ר יצחק ׃‏‎
‏‎     <lb n='9'/>
     ‎‏ז״ל נפטר ונקבר ביום ג׳‏‎
‏‎     <lb n='10'/>
     ‎‏ך״ד לחדש תמוז שנת‏‎
‏‎     <lb n='11'/>
     ‎‏תנ״ט לפ״ק‏‎
‏‎     <lb n='12'/>
     ‎‏תנצב״ה‏‎
‏‎    </ab>
   </div>
   <div type='translation'>
    <head>Übersetzung</head>
     <ab>
     <lb n='1'/>
     ›Für David
     <lb n='2'/>
     ein Gedicht,‹
     <lb n='3'/>
     ›David hat sich bei uns verborgen,‹
     <lb n='4'/>
     › und siehe, er ist wie unser einer geworden,und siehe, er ist wie unser einer geworden,‹
     <lb n='5'/>
     eine offene Tür fand er zum Himmel,
     <lb n='6'/>
     er war bestrebt Wohl zu tun und erfüllte es,
     <lb n='7'/>
     der Altgediente, ›von Liebeswerk umgeben,‹
     <lb n='8'/>
     der geehrte Meister, Herr David, Sohn des Meisters, Herrn Jizchak,
     <lb n='9'/>
     sein Andenken zum Segen, verschieden und begraben am Tag 3,
     <lb n='10'/>
     24. des Monats Tammus des Jahres
     <lb n='11'/>
     459 der kleinen Zählung.
     <lb n='12'/>
     Seine Seele sei eingebunden in das Bündel des Lebens
    </ab>
   </div>
   <div type="commentary" subtype="Zitate">
    <head>Zitate</head>
    <p>Zl 1f: Ps 32,1</p>
    <p>Zl 3: 1 Sam 23,19 u. Ps 54,2</p>
    <p>Zl 4: Nach Gen 3,22</p>
    <p>Zl 7: Ps 32,10</p>
   </div>
   <div type='commentary' subtype='Stilmittel'>
    <head>Stilmittel</head>
    <p>
     <label>Reim</label>
      auf -(m)einu in Zl(n) 3-4 und 6-7, auf -chak in Zl(n) 5+8 (Reimfolge aabaab unter Einbeziehung des Vatersnamens Jizchak).
    </p>
    <p>
     <label>Akrostichon</label>
      in Zeilen 3-5: ‎‏דוד‏‎ David
    </p>
   </div>
   <div type="commentary" subtype="Zeilenkommentar">
    <head>Zeilenkommentar</head>
    <p>Zl 1/2: In Ps 32,1 = Einleitung eines dem David zugeschriebenen Psalmes, hier als Überschrift über die Inschrift. Das Wort ‎‏משכיל‏‎ hat auch die Bedeutung "gelehrt" bzw. "verständig".</p>
   </div>
   <div type="commentary" subtype="Endkommentar">
    <head>Endkommentar</head>
    <p>Die histor. Aufnahme zeigt das Grabmal noch in situ und unbeschädigt.</p>
   </div>
   <div type="commentary" subtype="Prosopographie">
    <head>Prosopographie</head>
   </div>
   <div type="bibliography">
    <head>Bibliographie</head>
    <p>to be done ...</p>
   </div>
  </body>
 </text>
</TEI>
