﻿<?xml version="1.0" encoding="UTF-8"?>
<?xml-model href="http://www.stoa.org/epidoc/schema/8.18/tei-epidoc.rng" schematypens="http://relaxng.org/ns/structure/1.0"?>
<TEI xmlns:xi="http://www.w3.org/2001/XInclude" xmlns:svg="http://www.w3.org/2000/svg" xmlns:math="http://www.w3.org/1998/Math/MathML" xmlns="http://www.tei-c.org/ns/1.0">
 <teiHeader>
  <fileDesc>
   <titleStmt>
    <title xml:lang='de'>Grabmal für Jizchak ben Mosche Levi, gest. 1747-05-03, Jüdischer Friedhof Hamburg-Altona, Königstraße</title>
    <respStmt xml:lang="de">
     <resp>herausgegeben vom</resp>
     <orgName ref="http://d-nb.info/gnd/212562-6">
      Salomon Ludwig Steinheim-Institut
      <address>
       <addrLine>Edmund-Körner-Platz 2</addrLine>
       <addrLine>D-45127 Essen</addrLine>
      </address>
     </orgName>
    </respStmt>
   </titleStmt>
    <editionStmt>
    <edition/>
   </editionStmt>
   <extent/>
   <publicationStmt>
    <publisher>
     <orgName ref="http://d-nb.info/gnd/212562-6">
      Salomon Ludwig Steinheim-Institut 
      <address>
       <addrLine>Edmund-Körner-Platz 2</addrLine>
       <addrLine>D-45127 Essen</addrLine>
      </address>
     </orgName>
    </publisher>
    <idno>hha-1729</idno>
    <idno type="url">http://www.steinheim-institut.de/cgi-bin/epidat?id=hha-1729</idno>
    <availability xml:lang="en" status="free">
     <licence>
      <ref target="http://creativecommons.org/licenses/by/4.0/">Distributed under a Creative Commons licence Attribution-BY 4.0</ref>
      <p>
       All reuse or distribution of this work must contain somewhere a link back to the URL 
       <ref>http://www.steinheim-institut.de/cgi-bin/epidat?id=hha-1729</ref>
      </p>
     </licence>
    </availability>
   </publicationStmt>
    <notesStmt>
    <note/>
   </notesStmt>
   <sourceDesc>
    <bibl>born digital</bibl>
     <msDesc>
     <msIdentifier/>
     <physDesc>
      <objectDesc>
       <supportDesc>
        <support>
         <p>
          <material>Stein</material>
         </p>
        </support>
        <condition>
         <p>
          <date>2006</date>
           non in situ, liegend Beschädigung schwer (oberer fehlt)
         </p>
        </condition>
       </supportDesc>
        <layoutDesc>
        <layout/>
       </layoutDesc>
      </objectDesc>
      <handDesc>
       <handNote>Schrift erhaben</handNote>
      </handDesc>
      <decoDesc>
       <decoNote type='symbol'>Levitenkanne</decoNote>
      </decoDesc>
     </physDesc>
     <history>
      <origin>
       <date notBefore='1747-05-03'>1747-05-03</date>
       <country type="ISO_3166" key="XA-DE-HH">
        Germany
        <region>Hamburg</region>
       </country>
       <settlement type='city' key='tgn:7012310'>
        Hamburg-Altona, Königstraße 
        <geogName>
         Jüdischer Friedhof
         <geo decls="#WGS">53.549373 9.950545</geo>
         <location>
          <geo decls='Planquadrat'>FE</geo>
         </location>
         <location>
          <geo decls='Feld Grabnummer'>N 3066</geo>
         </location>
        </geogName>
       </settlement>
      </origin>
     </history>
    </msDesc>
   </sourceDesc>
  </fileDesc>
  <encodingDesc>
   <p>Encoded according to the EpiDoc Guidelines, Schema Version 8.18</p>
   <classDecl>
    <taxonomy>
     <category xml:id='foto1'>
      <catDesc>
       <persName ref='http://d-nb.info/gnd/128472499' role='photographer'>
        Bert Sommer, 
        <orgName ref="http://d-nb.info/gnd/212562-6">Steinheim-Institut</orgName>
       </persName>
      </catDesc>
     </category>
     <category xml:id='foto6'>
      <catDesc>Fundstücke, Dan Bondy</catDesc>
     </category>
     <category xml:id='foto5'>
      <catDesc>Denkmalpflegerische Massnahme</catDesc>
     </category>
     <category xml:id='foto4'>
      <catDesc>^# Denkmalschutzamt Hamburg</catDesc>
     </category>
     <category xml:id='foto3'>
      <catDesc>Eduard Duckesz Glasplatten ^# CAHJP Jerusalem, Glasplatten: HMB/2452, Inv 2326 · Digitalisat: CDB/5-7</catDesc>
     </category>
     <category xml:id='foto2'>
      <catDesc>Historische Aufnahmen [Mikrofilme] ^# Staatsarchiv Hamburg, Bestand 741-4 Fotoarchiv, Signatur P 2333</catDesc>
     </category>
     <category xml:id='foto7'>
      <catDesc>Aufgenommen in der Synagoge Innsbruck</catDesc>
     </category>
    </taxonomy>
   </classDecl>
   <geoDecl xml:id="WGS" datum="WGS84">World Geodetic System</geoDecl>
  </encodingDesc>
  <profileDesc>
   <particDesc>
    <listPerson>
     <person xml:id="hha-1729-1" sex='1'>
      <persName>Jizchak ben Mosche Levi</persName>
       <event when='1747-05-03' type="dateofdeath">
       <desc/>
      </event>
     </person>
    </listPerson>
   </particDesc>
    <langUsage>
    <!-- According to bcp47 http://tools.ietf.org/html/bcp47 (Language) and ISO15924 (writing System)-->
    <language ident='he' usage='100'>Hebrew</language>
   </langUsage>
  </profileDesc>
   <revisionDesc>
   <change/>
  </revisionDesc>
 </teiHeader>
 <facsimile>
  <graphic url='http://steinheim-institut.de/daten/picshha/xl/1729xFE_0110140234.jpg'>
    <desc>
    <ref target='#foto1'/>
    <date when='2001-10-14'/>
    schriftlos
   </desc>
  </graphic>
  <graphic url='http://steinheim-institut.de/daten/picshha/xl/mf/02/00000435.jpg'>
    <desc>
    <ref target='#foto2'/>
   </desc>
  </graphic>
  <graphic url='http://steinheim-institut.de/daten/picshha/xl/1871_FF_0309190223.jpg'>
    <desc>
    <ref target='#foto1'/>
    <date when='2003-09-19'/>
    Fragment recto
   </desc>
  </graphic>
  <graphic url='http://steinheim-institut.de/daten/picshha/xl/1849_FF_0110180133.jpg'>
    <desc>
    <ref target='#foto1'/>
    <date when='2001-10-18'/>
    Fragment recto
   </desc>
  </graphic>
 </facsimile>
 <text>
  <body>
   <div type='edition'>
    <head>Edition</head>
     <ab>
     <lb n='1'/>
     ‎‏[‎‏פ]״נ‏‎
‏‎     <lb n='2'/>
     ‎‏[‎‏איש זקן]‏‎
‏‎     <lb n='3'/>
     ‎‏חכם ונבון המוכתר‏‎
‏‎     <lb n='4'/>
     ‎‏בכתר תורה המפוארה‏‎
‏‎     <lb n='5'/>
     ‎‏הוציא שנותיו בשפה‏‎
‏‎     <lb n='6'/>
     ‎‏ברורה‏‎
‏‎     <lb n='7'/>
     ‎‏ה״ה פ״ו בהלברשטט‏‎
‏‎     <lb n='8'/>
     ‎‏כהר״ר יצחק בן המנהיג‏‎
‏‎     <lb n='9'/>
     ‎‏כהר״ר משה לוי נפטר‏‎
‏‎     <lb n='10'/>
     ‎‏יום ד׳ ך״ג אייר ונקבר‏‎
‏‎     <lb n='11'/>
     ‎‏יו׳ ה׳ ך״ד בו תק״ז לפ״ק‏‎
‏‎     <lb n='12'/>
     ‎‏תנצב״ה‏‎
‏‎    </ab>
   </div>
   <div type='translation'>
    <head>Übersetzung</head>
     <ab>
     <lb n='1'/>
     Hier ist begraben
     <lb n='2'/>
     ein betagter Mann,
     <lb n='3'/>
     ›weise und einsichtig‹, der Gekrönte
     <lb n='4'/>
     ›mit der Krone der prachtvollen Tora‹,
     <lb n='5'/>
     ›er lebte seine Jahre aus‹ ›mit klare
     <lb n='6'/>
     Sprache‹,
     <lb n='7'/>
     es ist der Vorsteher und Leiter in Halberstadt,
     <lb n='8'/>
     der geehrte Meister, Herr Jizchak, Sohn des Vorstehers,
     <lb n='9'/>
     des geehrten Meisters, Herrn Mosche Levi, verschieden
     <lb n='10'/>
     Tag 4, 23. Ijar, und begraben
     <lb n='11'/>
     Tag 5, 24. desselben, 507 der kleinen Zählung.
     <lb n='12'/>
     Seine Seele sei eingebunden in das Bündel des Lebens
    </ab>
   </div>
   <div type="commentary" subtype="Zitate">
    <head>Zitate</head>
    <p>Zl 3: Nach Gen 41,33</p>
    <p>Zl 4: Vgl. Av 4,13</p>
    <p>Zl 5: Vgl. bEr 63a u. bJom 9a</p>
    <p>Zl 5f: Zef 3,9</p>
   </div>
   <div type="commentary" subtype="Zeilenkommentar">
    <head>Zeilenkommentar</head>
    <p>Zl 5a: Zu bEr 63a: Meist in negativer Bedeutung verwendet, im Sinne von "das Jahr nicht überleben".</p>
   </div>
   <div type="commentary" subtype="Endkommentar">
    <head>Endkommentar</head>
    <p>Die histor. Aufnahme zeigt das Grabmal in situ und unbeschädigt. Die alte Grabsteinnummer ist eingraviert und mit Kreide aufgemalt.</p>
   </div>
   <div type="commentary" subtype="Prosopographie">
    <head>Prosopographie</head>
   </div>
   <div type="bibliography">
    <head>Bibliographie</head>
    <p>to be done ...</p>
   </div>
  </body>
 </text>
</TEI>
