﻿<?xml version="1.0" encoding="UTF-8"?>
<?xml-model href="http://www.stoa.org/epidoc/schema/8.18/tei-epidoc.rng" schematypens="http://relaxng.org/ns/structure/1.0"?>
<TEI xmlns:xi="http://www.w3.org/2001/XInclude" xmlns:svg="http://www.w3.org/2000/svg" xmlns:math="http://www.w3.org/1998/Math/MathML" xmlns="http://www.tei-c.org/ns/1.0">
 <teiHeader>
  <fileDesc>
   <titleStmt>
    <title xml:lang='de'>Grabmal für Mosche ben Süskind Rothenburg, gest. 1712-01-11, Jüdischer Friedhof Hamburg-Altona, Königstraße</title>
    <respStmt xml:lang="de">
     <resp>herausgegeben vom</resp>
     <orgName ref="http://d-nb.info/gnd/212562-6">
      Salomon Ludwig Steinheim-Institut
      <address>
       <addrLine>Edmund-Körner-Platz 2</addrLine>
       <addrLine>D-45127 Essen</addrLine>
      </address>
     </orgName>
    </respStmt>
   </titleStmt>
    <editionStmt>
    <edition/>
   </editionStmt>
   <extent/>
   <publicationStmt>
    <publisher>
     <orgName ref="http://d-nb.info/gnd/212562-6">
      Salomon Ludwig Steinheim-Institut 
      <address>
       <addrLine>Edmund-Körner-Platz 2</addrLine>
       <addrLine>D-45127 Essen</addrLine>
      </address>
     </orgName>
    </publisher>
    <idno>hha-1266</idno>
    <idno type="url">http://www.steinheim-institut.de/cgi-bin/epidat?id=hha-1266</idno>
    <availability xml:lang="en" status="free">
     <licence>
      <ref target="http://creativecommons.org/licenses/by/4.0/">Distributed under a Creative Commons licence Attribution-BY 4.0</ref>
      <p>
       All reuse or distribution of this work must contain somewhere a link back to the URL 
       <ref>http://www.steinheim-institut.de/cgi-bin/epidat?id=hha-1266</ref>
      </p>
     </licence>
    </availability>
   </publicationStmt>
    <notesStmt>
    <note/>
   </notesStmt>
   <sourceDesc>
    <bibl>born digital</bibl>
     <msDesc>
     <msIdentifier/>
     <physDesc>
      <objectDesc>
       <supportDesc>
        <support>
         <p>
          <material>Stein</material>
         </p>
        </support>
       </supportDesc>
        <layoutDesc>
        <layout/>
       </layoutDesc>
      </objectDesc>
      <handDesc>
       <handNote>Schrift erhaben</handNote>
      </handDesc>
      <decoDesc>
       <decoNote type='ornament'>floral</decoNote>
      </decoDesc>
     </physDesc>
     <history>
      <origin>
       <date notBefore='1712-01-11'>1712-01-11</date>
       <country type="ISO_3166" key="XA-DE-HH">
        Germany
        <region>Hamburg</region>
       </country>
       <settlement type='city' key='tgn:7012310'>
        Hamburg-Altona, Königstraße 
        <geogName>
         Jüdischer Friedhof
         <geo decls="#WGS">53.549373 9.950545</geo>
         <location>
          <geo decls='Planquadrat'>EM</geo>
         </location>
         <location>
          <geo decls='Feld Grabnummer'>S 1391</geo>
         </location>
        </geogName>
       </settlement>
      </origin>
     </history>
    </msDesc>
   </sourceDesc>
  </fileDesc>
  <encodingDesc>
   <p>Encoded according to the EpiDoc Guidelines, Schema Version 8.18</p>
   <classDecl>
    <taxonomy>
     <category xml:id='foto1'>
      <catDesc>
       <persName ref='http://d-nb.info/gnd/128472499' role='photographer'>
        Bert Sommer, 
        <orgName ref="http://d-nb.info/gnd/212562-6">Steinheim-Institut</orgName>
       </persName>
      </catDesc>
     </category>
     <category xml:id='foto6'>
      <catDesc>Fundstücke, Dan Bondy</catDesc>
     </category>
     <category xml:id='foto5'>
      <catDesc>Denkmalpflegerische Massnahme</catDesc>
     </category>
     <category xml:id='foto4'>
      <catDesc>^# Denkmalschutzamt Hamburg</catDesc>
     </category>
     <category xml:id='foto3'>
      <catDesc>Eduard Duckesz Glasplatten ^# CAHJP Jerusalem, Glasplatten: HMB/2452, Inv 2326 · Digitalisat: CDB/5-7</catDesc>
     </category>
     <category xml:id='foto2'>
      <catDesc>Historische Aufnahmen [Mikrofilme] ^# Staatsarchiv Hamburg, Bestand 741-4 Fotoarchiv, Signatur P 2333</catDesc>
     </category>
     <category xml:id='foto7'>
      <catDesc>Aufgenommen in der Synagoge Innsbruck</catDesc>
     </category>
    </taxonomy>
   </classDecl>
   <geoDecl xml:id="WGS" datum="WGS84">World Geodetic System</geoDecl>
  </encodingDesc>
  <profileDesc>
   <particDesc>
    <listPerson>
     <person xml:id="hha-1266-1" sex='1'>
      <persName>Mosche ben Süskind Rothenburg</persName>
       <event when='1712-01-11' type="dateofdeath">
       <desc/>
      </event>
     </person>
    </listPerson>
   </particDesc>
    <langUsage>
    <!-- According to bcp47 http://tools.ietf.org/html/bcp47 (Language) and ISO15924 (writing System)-->
    <language ident='he' usage='100'>Hebrew</language>
   </langUsage>
  </profileDesc>
   <revisionDesc>
   <change/>
  </revisionDesc>
 </teiHeader>
 <facsimile>
  <graphic url='http://steinheim-institut.de/daten/picshha/xl/1366xEM_0110120134.jpg'>
    <desc>
    <ref target='#foto1'/>
    <date when='2001-10-12'/>
    schriftlos
   </desc>
  </graphic>
  <graphic url='http://steinheim-institut.de/daten/picshha/xl/mf/04/00000235.jpg'>
    <desc>
    <ref target='#foto2'/>
   </desc>
  </graphic>
 </facsimile>
 <text>
  <body>
   <div type='edition'>
    <head>Edition</head>
     <ab>
     <lb n='1'/>
     ‎‏[‎‏קבורת]‏‎
‏‎     <lb n='2'/>
     ‎‏[‎‏משה רבנא ׃ חריף ודרשנא ׃]‏‎
‏‎     <lb n='3'/>
     ‎‏[‎‏שתרתו אמנא ׃ עבד כדינא ׃]‏‎
‏‎     <lb n='4'/>
     ‎‏[‎‏הנודע לנא ׃ ובכל מדינא ׃]‏‎
‏‎     <lb n='5'/>
     ‎‏[‎‏יחיד בדרנא ׃ רבן דגלנא ׃]‏‎
‏‎     <lb n='6'/>
     ‎‏[‎‏זה אמנא ׃ גבורתו ידענא ׃]‏‎
‏‎     <lb n='7'/>
     ‎‏[‎‏הגאון הגדול ׃ אב״ד ור״מ מ״ו]‏‎
‏‎     <lb n='8'/>
     ‎‏[‎‏מהור״ר משה ב׳ הגאון מוהר״ר]‏‎
‏‎     <lb n='9'/>
     ‎‏[‎‏זיסקינד רוטנבורג יי״א הלך]‏‎
‏‎     <lb n='10'/>
     ‎‏[‎‏לעולמו ליל ב׳ ונקבר יום ג׳ ד׳]‏‎
‏‎     <lb n='11'/>
     ‎‏[‎‏שבט תע״ב לפ״ק תנצב״ה]‏‎
‏‎    </ab>
   </div>
   <div type='translation'>
    <head>Übersetzung</head>
     <ab>
     <lb n='1'/>
     Grabstätte
     <lb n='2'/>
     unseres Lehrers Mosche, ein Scharfsinniger, ein Prediger,
     <lb n='3'/>
     ›SEINE Lehre war sein Kunsthandwerk‹, sein Dienst rechtens,
     <lb n='4'/>
     bei uns wohlbekannt, und auch in jedem Land,
     <lb n='5'/>
     einzigartig in unserer Zeit, Rabbiner des Exils,
     <lb n='6'/>
     das (ist) unser Volk; wir kannten sein Heldentum,
     <lb n='7'/>
     des großen überragenden Gelehrten, des Vorsitzenden der Gerichtsbarkeit und Lehrhausleiter, ...
     <lb n='8'/>
     unser Lehrer, der Meister, Herr Mosche, Sohn des überragenden Gelehrten, unseres Lehrers und Meisters, Herrn
     <lb n='9'/>
     Süskind Rothenburg, ... ›er ging hin 
     <lb n='10'/>
     in seine Welt‹ in der Nacht 2, und wurde begraben Tag 3, 4.
     <lb n='11'/>
     Schwat 472 der kleinen Zählung. Seine Seele sei eingebunden in das Bündel des Lebens
    </ab>
   </div>
   <div type="commentary" subtype="Zitate">
    <head>Zitate</head>
    <p>Zl 3: nach bBer 16b</p>
    <p>Zl 9f: Koh 12,5</p>
   </div>
   <div type='commentary' subtype='Stilmittel'>
    <head>Stilmittel</head>
    <p>
     <label>Reim</label>
      auf -na in Zln 2-6.
    </p>
    <p>
     <label>Akrostichon</label>
      in Zeilen 2-4: ‎‏משה‏‎ Mosche
    </p>
   </div>
   <div type="commentary" subtype="Zeilenkommentar">
    <head>Zeilenkommentar</head>
    <p>Zl 2: Anspielung auf den den größten Propheten, der allgemein Mosche Rabenu, unser Lehrer Mosche genannt wird.</p>
   </div>
   <div type="commentary" subtype="Endkommentar">
    <head>Endkommentar</head>
    <p>
     Vom Grabmal des Rabbiners Meir Rothenburg ist nur ein schriftloser Stumpf geblieben, das mit Hilfe der historische Aufnahme des daneben stehenden Grabmals (Nr. 
     <ref target="http://steinheim-institut.de/cgi-bin/epidat?id=hha-1267-t">hha-1267</ref>
     ) und dem heutigen Friedhofsplan identifiziert werden konnte.
    </p>
    <p>R. Mosche Rothenburg verfaßte Responsen, die im Responsen Band seines Vaters R. Mordechai Süskind Rothenburg (ab Nr. 25) veröffentlicht wurden. Sie wurden laut Duckesz gedruckt 456 (1695/96) in Hamburg, 1705/06 in Amsterdam und ein weiteres mal 1705/06. Er verfaßte auch chidusche tora (Novellaen zur Tora) und deraschot al hatora (Predigten zur Tora).</p>
   </div>
   <div type="commentary" subtype="Prosopographie">
    <head>Prosopographie</head>
   </div>
   <div type="bibliography">
    <head>Bibliographie</head>
    <p>to be done ...</p>
   </div>
  </body>
 </text>
</TEI>
