﻿<?xml version="1.0" encoding="UTF-8"?>
<?xml-model href="http://www.stoa.org/epidoc/schema/8.18/tei-epidoc.rng" schematypens="http://relaxng.org/ns/structure/1.0"?>
<TEI xmlns:xi="http://www.w3.org/2001/XInclude" xmlns:svg="http://www.w3.org/2000/svg" xmlns:math="http://www.w3.org/1998/Math/MathML" xmlns="http://www.tei-c.org/ns/1.0">
 <teiHeader>
  <fileDesc>
   <titleStmt>
    <title xml:lang='de'>Grabmal für Jaakow Jehuda Löb Pfersee, gest. 1778-11-12, Jüdischer Friedhof Hamburg-Altona, Königstraße</title>
    <respStmt xml:lang="de">
     <resp>herausgegeben vom</resp>
     <orgName ref="http://d-nb.info/gnd/212562-6">
      Salomon Ludwig Steinheim-Institut
      <address>
       <addrLine>Edmund-Körner-Platz 2</addrLine>
       <addrLine>D-45127 Essen</addrLine>
      </address>
     </orgName>
    </respStmt>
   </titleStmt>
    <editionStmt>
    <edition/>
   </editionStmt>
   <extent/>
   <publicationStmt>
    <publisher>
     <orgName ref="http://d-nb.info/gnd/212562-6">
      Salomon Ludwig Steinheim-Institut 
      <address>
       <addrLine>Edmund-Körner-Platz 2</addrLine>
       <addrLine>D-45127 Essen</addrLine>
      </address>
     </orgName>
    </publisher>
    <idno>hha-1582</idno>
    <idno type="url">http://www.steinheim-institut.de/cgi-bin/epidat?id=hha-1582</idno>
    <availability xml:lang="en" status="free">
     <licence>
      <ref target="http://creativecommons.org/licenses/by/4.0/">Distributed under a Creative Commons licence Attribution-BY 4.0</ref>
      <p>
       All reuse or distribution of this work must contain somewhere a link back to the URL 
       <ref>http://www.steinheim-institut.de/cgi-bin/epidat?id=hha-1582</ref>
      </p>
     </licence>
    </availability>
   </publicationStmt>
    <notesStmt>
    <note/>
   </notesStmt>
   <sourceDesc>
    <bibl>born digital</bibl>
     <msDesc>
     <msIdentifier/>
     <physDesc>
      <objectDesc>
       <supportDesc>
        <support>
         <p>
          <material>Sandstein</material>
          <dimensions>
           <dim>1,000 x 0,560 x 0,130 m</dim>
          </dimensions>
         </p>
        </support>
        <condition>
         <p>
          <date>2006</date>
           in situ
         </p>
        </condition>
       </supportDesc>
        <layoutDesc>
        <layout/>
       </layoutDesc>
      </objectDesc>
      <handDesc>
       <handNote>Schrift erhaben</handNote>
      </handDesc>
     </physDesc>
     <history>
      <origin>
       <date notBefore='1778-11-12'>1778-11-12</date>
       <country type="ISO_3166" key="XA-DE-HH">
        Germany
        <region>Hamburg</region>
       </country>
       <settlement type='city' key='tgn:7012310'>
        Hamburg-Altona, Königstraße 
        <geogName>
         Jüdischer Friedhof
         <geo decls="#WGS">53.549373 9.950545</geo>
         <location>
          <geo decls='Planquadrat'>FD</geo>
         </location>
         <location>
          <geo decls='Feld Grabnummer'>N 3087</geo>
         </location>
        </geogName>
       </settlement>
      </origin>
     </history>
    </msDesc>
   </sourceDesc>
  </fileDesc>
  <encodingDesc>
   <p>Encoded according to the EpiDoc Guidelines, Schema Version 8.18</p>
   <classDecl>
    <taxonomy>
     <category xml:id='foto1'>
      <catDesc>
       <persName ref='http://d-nb.info/gnd/128472499' role='photographer'>
        Bert Sommer, 
        <orgName ref="http://d-nb.info/gnd/212562-6">Steinheim-Institut</orgName>
       </persName>
      </catDesc>
     </category>
     <category xml:id='foto6'>
      <catDesc>Fundstücke, Dan Bondy</catDesc>
     </category>
     <category xml:id='foto5'>
      <catDesc>Denkmalpflegerische Massnahme</catDesc>
     </category>
     <category xml:id='foto4'>
      <catDesc>^# Denkmalschutzamt Hamburg</catDesc>
     </category>
     <category xml:id='foto3'>
      <catDesc>Eduard Duckesz Glasplatten ^# CAHJP Jerusalem, Glasplatten: HMB/2452, Inv 2326 · Digitalisat: CDB/5-7</catDesc>
     </category>
     <category xml:id='foto2'>
      <catDesc>Historische Aufnahmen [Mikrofilme] ^# Staatsarchiv Hamburg, Bestand 741-4 Fotoarchiv, Signatur P 2333</catDesc>
     </category>
     <category xml:id='foto7'>
      <catDesc>Aufgenommen in der Synagoge Innsbruck</catDesc>
     </category>
    </taxonomy>
   </classDecl>
   <geoDecl xml:id="WGS" datum="WGS84">World Geodetic System</geoDecl>
  </encodingDesc>
  <profileDesc>
   <particDesc>
    <listPerson>
     <person xml:id="hha-1582-1" sex='1'>
      <persName>Jaakow Jehuda Löb Pfersee</persName>
       <event when='1778-11-12' type="dateofdeath">
       <desc/>
      </event>
     </person>
    </listPerson>
   </particDesc>
    <langUsage>
    <!-- According to bcp47 http://tools.ietf.org/html/bcp47 (Language) and ISO15924 (writing System)-->
    <language ident='he' usage='100'>Hebrew</language>
   </langUsage>
  </profileDesc>
   <revisionDesc>
   <change/>
  </revisionDesc>
 </teiHeader>
 <facsimile>
  <graphic url='http://steinheim-institut.de/daten/picshha/xl/1582_FD_0110160123.jpg'>
    <desc>
    <ref target='#foto1'/>
    <date when='2001-10-16'/>
    recto
   </desc>
  </graphic>
  <graphic url='http://steinheim-institut.de/daten/picshha/xl/mf/02/00000463.jpg'>
    <desc>
    <ref target='#foto2'/>
   </desc>
  </graphic>
  <graphic url='http://steinheim-institut.de/daten/picshha/xl/mf/02/00000464.jpg'>
    <desc>
    <ref target='#foto2'/>
   </desc>
  </graphic>
 </facsimile>
 <text>
  <body>
   <div type='edition'>
    <head>Edition</head>
     <ab>
     <lb n='1'/>
     ‎‏פ״נ‏‎
‏‎     <lb n='2'/>
     ‎‏הדיין הגדול בעל המחבר ספר לשם‏‎
‏‎     <lb n='3'/>
     ‎‏זבח הרבני המופלג חריף ובקי מהו״ר‏‎
‏‎     <lb n='4'/>
     ‎‏יעקב יהודא ליב פפערשא זצ״ל‏‎
‏‎     <lb n='5'/>
     ‎‏יהוד׳ שעילה עלה למעלה למעלה‏‎
‏‎     <lb n='6'/>
     ‎‏עמקי תורה וסודותי׳ דלה דלה‏‎
‏‎     <lb n='7'/>
     ‎‏קיבץ וריבץ תורת ה׳ לכל בני הגולה‏‎
‏‎     <lb n='8'/>
     ‎‏בעל המחב׳ לשם זבח בדעה צלולה‏‎
‏‎     <lb n='9'/>
     ‎‏ישב באוהל של תורה בבית המדרש‏‎
‏‎     <lb n='10'/>
     ‎‏הוא על כל קוץ וקוץ תילי תילי׳ דרש‏‎
‏‎     <lb n='11'/>
     ‎‏וכל דבר הצפון מהחכמי׳ הוא הי׳ מפורש‏‎
‏‎     <lb n='12'/>
     ‎‏דיינא ונחית לעומקו דדינ׳ וכל דבר שור׳‏‎
‏‎     <lb n='13'/>
     ‎‏האיר עיני חכמים וסוד ה׳ ירש‏‎
‏‎     <lb n='14'/>
     ‎‏קדוש וטהור מבטן אמו ושונאי ה׳‏‎
‏‎     <lb n='15'/>
     ‎‏גרש ׃ נפטר ונקבר ביו׳ ה׳ ך״ב מרחשון‏‎
‏‎     <lb n='16'/>
     ‎‏תקל״ט לפ״ק‏‎
‏‎     <lb n='17'/>
     ‎‏תנצב״ה‏‎
‏‎    </ab>
   </div>
   <div type='translation'>
    <head>Übersetzung</head>
     <ab>
     <lb n='1'/>
     Hier ist begraben
     <lb n='2'/>
     der große Rabbinatsassessor, Verfasser des Werkes Leschem
     <lb n='3'/>
     Sewach, der ausgezeichnete Rabbinische, scharfsinnig und kundig, unser Lehrer, der Meister, Herr
     <lb n='4'/>
     Jaakow Jehuda Löb Pfersee, das Andenken des Gerechten zum Segen,
     <lb n='5'/>
     Jehuda der gelobt hat, stieg hinauf, hoch zur Höhe,
     <lb n='6'/>
     aus den Tiefen der Tora und ihre Geheimnisse schöpfte, ja er schöpfte,
     <lb n='7'/>
     er faßte zusammen und verbreitete die Tora des Ewigen an allen Kindern des Exils,
     <lb n='8'/>
     Verfasser von Leschem Sewach mit klarem Verstand,
     <lb n='9'/>
     im Zelte der Tora saß er in der Klause,
     <lb n='10'/>
     über jedes Häkchen und Häkchen konnte er Haufen über Haufen erforschen,
     <lb n='11'/>
     und alles was den Weisen verborgen blieb, er legte es aus,
     <lb n='12'/>
     ein Richter, der in die Tiefe des Rechtes eindringt, und bei jeder Sache auf den Grund geht,
     <lb n='13'/>
     er erleuchtete die Augen der Weisen und den Rat des Ewigen erhalten,
     <lb n='14'/>
     geheiligt und rein vom Mutterleibe an, und die Feinde des Ewigen
     <lb n='15'/>
     verjagte er, verschieden und begraben am Ta 5, 22. Marcheschvan
     <lb n='16'/>
     539 der kleinen Zählung.
     <lb n='17'/>
     Seine Seele sei eingebunden in das Bündel des Lebens
    </ab>
   </div>
   <div type='commentary' subtype='Stilmittel'>
    <head>Stilmittel</head>
    <p>
     <label>Reim</label>
      auf -ala in Zln 5-8 und auf -rasch in Zln 9-13,15.
    </p>
    <p>
     <label>Akrostichon</label>
      in Zeilen 5-13: ‎‏יעקב יהודה‏‎ Jaakow Jehuda
    </p>
   </div>
   <div type="commentary" subtype="Zeilenkommentar">
    <head>Zeilenkommentar</head>
    <p>Zln 2b/3a und 8: Sein Werk Leschem Sevach (‎‏לשם זבח‏‎) enthält Novellen zum Talmud; übersetzt lautet der Titel etwa: "Um des Opfers willen", genauer meint es das Schlachtopfer, s. z.B. Lev. 17,8. Es wurde gedruckt 1766/67 bei Mosche Bonn. sein Werk ist u.a. bei Vinograd, Altona Nr. 84 und bei Friedberg, Bet Eked Sepharim, S. 525 (l 866) nachgewiesen.</p>
    <p>Zl 5a: bShab 33b; dort von R. Jehuda gesagt, der die Römer lobte; Anspielung auf den Namen. Gelobt, wörtlich hochgelobt, verherrlicht; das Wort hat dieselbe Wurzel wie die drei nachfolgenden Worte.</p>
    <p>Zl 6a: Ex 2,19; der Ausdruck ‎‏דלה דלה‏‎.</p>
    <p>Zl 7: Vgl. bTmura 16a.</p>
    <p>Zl 9: Ex 33,11 und bSchab 83b; eine Umschreibung seiner Tätigkeit als Klausrabbiner.</p>
    <p>Zl 10: bEr 21b;</p>
    <p>Zl 12a: bBK 39a; über Jose bar Chanina gesagt.</p>
    <p>Zl 13b: Vgl. Ps 25,14.</p>
    <p>Zln 14b/15a: Eine Anspielung auf den Streit zwischen Eibeschütz und Emden, s.u.</p>
   </div>
   <div type="commentary" subtype="Endkommentar">
    <head>Endkommentar</head>
    <p>R. Jaakow Jehuda Löb Pfersee, ein Schüler des R. Jaakow Kohen in Frankfurt a.M. galt als hervorragender Rabbinatsassessor, gehörte dem Lehrerkollegium der Alten Klause und wurde 1756 zum ersten Rabbiner der neuen Klause ernannt. Im Streit zwischen Emden und Eibeschütz ergriff für letzteren Partei.</p>
   </div>
   <div type="commentary" subtype="Prosopographie">
    <head>Prosopographie</head>
   </div>
   <div type="bibliography">
    <head>Bibliographie</head>
    <p>to be done ...</p>
   </div>
  </body>
 </text>
</TEI>
