<?xml version="1.0"?>
<TEI xmlns="http://www.tei-c.org/ns/1.0"><teiHeader><fileDesc><titleStmt><title>Ioannes Dantiscus' Texts and Correspondence</title><editor>Anna Skolimowska et al.</editor></titleStmt><editionStmt><edition><date>2010-2014</date></edition></editionStmt><publicationStmt><p>unknown</p></publicationStmt><sourceDesc><p>Transcribed from manuscript and edited</p></sourceDesc></fileDesc></teiHeader><text xmlns="">

<body>

<div type="salutation">
<p>
 <pb id="21122_000_IDL1811BCz_244p318.jpg" n="BCz, 244, p. 318"/> 
</p>
<p>
Magnifice Domine, amice carissime et 
<app>
<lem><expan>honoran<ex>de</ex></expan></lem>
<rdg><expan>honoran<ex>dissim</ex>e</expan></rdg>
</app>. Salutem et omnem felicitatem.
</p>
</div>

<div type="main_content">
<p>
<div type="incipit">
<ref type="letter" target="4511">Litteras</ref> Magnificentiae Vestrae heri accepi, ex quibus mihi mens et sententia</div> Magnificentiae Vestrae quantum placuit, litterae meae, quarum exemplum addidi, ad conterraneos meos declarabunt. Quae si videbuntur, ut reddantur, id ipsu<supplied reason="text damaged">m</supplied> Magnificentia Vestra curabit. Similiter faciet et cum <ref type="letter" target="1757">litteris pro nobili domino <name type="person" key="1483">Ioanne Rabe</name> ad <rs type="person" key="24">maiestatem regiam</rs></ref>, quorum etiam est copia. De rebus meis Magnificentia Vestra sic habeat: hodie praemisi <rs type="person" key="341">fratrem meum Georgium</rs> <name type="place" key="1">Heilsbergum</name>, ut videat, quo in ordine sint omnia. Cum inde redierit, eo profectionem hinc meam maturabo. <rs type="person" key="266">Alterum meum fratrem Bernardum</rs> XVI Novembris praeter<supplied reason="text damaged">i</supplied>ti misi cum mea et
<rs type="person" key="275">reverendissimi domini electi Culmensis</rs> expeditione pecuniaria <name type="place" key="2">Cracoviam</name>, unde illa <name type="place" key="7">Romam</name> perferetur. Quod reliquum est, Magnificentiam Vestram optime valere cupio, utque nobis quam diutissime vivat, oro; curet valetudinem suam, quantum potest accuratius. 
</p>
</div>

<div type="datum">
<p>
<name type="place" key="15">Lubaviae</name>, I-a Decembris anno 1537.
</p>
</div>

</body>

</text></TEI>
