<?xml version="1.0"?>
<TEI xmlns="http://www.tei-c.org/ns/1.0"><teiHeader><fileDesc><titleStmt><title>Ioannes Dantiscus' Texts and Correspondence</title><editor>Anna Skolimowska et al.</editor></titleStmt><editionStmt><edition><date>2010-2014</date></edition></editionStmt><publicationStmt><p>unknown</p></publicationStmt><sourceDesc><p>Transcribed from manuscript and edited</p></sourceDesc></fileDesc></teiHeader><text xmlns="">

<body>

<div type="postscript">
<p> <pb n="APG 300, 53, 268, p. 137"/> </p>
<p>
Uns fellet eins ein, / nachdem seine konigliche <expan>m<ex>aieste</ex>t</expan> also gnediglich nachgibt, / das ausbleiben in dem ersten termin / ist zuvorhoffen die gedachten hern burgermeister keine beschwerung von seiner <expan>ko<ex>nigliche</ex>n</expan> <expan>m<ex>aieste</ex>t</expan> haben wurden / und sehen vor gut an / sie sich gestelleten und comparirtten am ersten sie konnen / und ist unser bitten <expan>E<ex>wer</ex></expan> <expan>G<ex>naden</ex></expan> dis unser bedencken / den geladenen herren burgermeister zu Dantzig zuschreiben wolten / und in auch solchs rathenn. / 
</p>
</div>

</body>

</text></TEI>
