<?xml version="1.0"?>
<TEI xmlns="http://www.tei-c.org/ns/1.0"><teiHeader><fileDesc><titleStmt><title>Ioannes Dantiscus' Texts and Correspondence</title><editor>Anna Skolimowska et al.</editor></titleStmt><editionStmt><edition><date>2010-2014</date></edition></editionStmt><publicationStmt><p>unknown</p></publicationStmt><sourceDesc><p>Transcribed from manuscript and edited</p></sourceDesc></fileDesc></teiHeader><text xmlns="">

<front>

<div type="address">
<p> <pb id="13193_000_APG_300_53_268p126.jpg" n="APG 300, 53, 268, p. 126"/> </p>
<p>
Denn ersamen und namhaftigen herren <rs type="person" key="991">burgermeistern und rathmannen der koniglichen stadt Dantzig</rs>, / unnsernn besondern, guten freunden.
</p>
</div>

</front>

<body>

<div type="salutation">
<p>
 <pb id="13193_000_APG_300_53_268p123.jpg" n="APG 300, 53, 268, p. 123"/> 
</p>
<p>
Unsern freuntlichen grus und alles guts zuvoran. / Ersame, namhafftige herren, besondere, gute freunde. /
</p>
</div>

<div type="main_content">
<p>
<div type="incipit">
Unser <ref type="letter" target="4410">schreiben</ref>, das wir den XVI des vorgangnen monats mit zuschickung der copeien koniglichs briefs an die hern <rs type="person" key="1008">rethe dieser lande</rs> / gethan</div>, / haben <expan>E<ex>wer</ex></expan> <expan>E<ex>rbarkei</ex>t</expan>, wie wir uns vorsehen, erhalten, / woraus <expan>E<ex>wer</ex></expan> <expan>E<ex>rbarkei</ex>t</expan> unser gutduncken, / das wir den hern rethen zugeschrieben, vornommen. / Mitler zeit ist uns von dem hochwirdigen hern <rs type="person" key="275">bischoff von Colmsehe</rs> / und von den <expan>gros<ex>mechti</ex>g<ex>en</ex></expan> hern <rs type="person" key="144">marienburgischen</rs> und <rs type="person" key="148">pommerellischen woiwoden</rs>, / dorneben auch der edlen, wolgebornen hern <rs type="person" key="1094">colmischen</rs>, / <rs type="person" key="225">elbingischen</rs> unnd <rs type="person" key="16">dantzker castellanen</rs> mit anzeigung irer stim und <foreign xml:lang="la">voto</foreign> / in der zwei hern burgermeister sache / in irem <ref type="letter" target="2611">schreiben</ref> zukommen, / welche <foreign xml:lang="la">vota</foreign> wir zusammen gebracht und <rs type="person" key="24">koniglicher <expan>m<ex>aieste</ex>t</expan></rs>, unserm allergnedigsten herren, / wie eingelegte abschrifft mitbringt, / durch eigenen reittenden <rs type="person" key="1094">boten</rs> eilents <ref type="letter" target="91">zugeschrieben</ref>, / das wir <expan>E<ex>wer</ex></expan> <expan>E<ex>rbarkei</ex>t</expan> nicht haben wollen in freuntlicher weis und zuneigung vorhalten. / Und nimpt uns wunder, / wie uns auch negst von dem hern <rs type="person" key="16">dantzker castellan</rs> vormeldet, / das wir so fast in dieser sach vordechtlich werden geacht, weil wir mit den geladenen personen nichts anders, dan gute freuntlicheit wissen. / Es solt <pb id="13193_000_APG_300_53_268p124.jpg" n="APG 300, 53, 268, p. 124"/> jo hirinnen bedacht werden, / das wir <rs type="person" key="24">konigliche <expan>m<ex>aieste</ex>t</expan></rs> und irer <expan>m<ex>aieste</ex>t</expan> willen nicht in unser gewalt haben. / Vor imants, der vormeint, / das wir in etwan mit ungrund <rs type="person" key="24"><expan>ko<ex>nigliche</ex>r</expan> <expan>m<ex>aieste</ex>t</expan></rs> hetten angegeben, / der nehme uns bei hochgedachter <expan>ko<ex>nigliche</ex>r</expan> <expan>m<ex>aieste</ex>t</expan> zu rechte vor, / do wir mit gotlicher hulffe unser unschuld, eher und gut glimpff, / das nicht wenig in der <rs type="place" key="24">stad</rs> bei <expan>E<ex>wer</ex></expan> <expan>E<ex>rbarkei</ex>t</expan> nachrede genommen, / wol werden wissen zuvorantworten. / Als dan wirt erfaren, / wer, / von wem, / ader in was gestalt solch angeben gescheen, / und ehe dan solchs geschicht, ist unser freuntlich bitt, / wolten sich nicht lassen einfuren / anders von uns zugleuben, / dan wie von den, / der <expan>E<ex>wer</ex></expan> <expan>E<ex>rbarkei</ex>t</expan> und der guten <rs type="place" key="24">stad</rs>, unserm vaterlandt, in aller billigkeit vil ehre und guts gonnen. / Mocht wir auch die wissen, / die solchen argwahn uff uns haben / und uns also vordechtlich, / gleich, wie wir <expan>E<ex>wer</ex></expan> <expan>E<ex>rbarkei</ex>t</expan> und der <rs type="place" key="24">stadt</rs> / (: das in ufrichtigen sachen weit sol von uns sein :) gantz widdrig weren, / ausbreitten, / weil sie uns bisher vor <rs type="person" key="24">koniglicher <expan>m<ex>aieste</ex>t</expan></rs> nicht vorclagt, / wolten wir sie vor irer <expan>m<ex>aieste</ex>t</expan> gericht vorladen und in doselbst / mit forderung billichs abtrags / <pb id="13193_000_APG_300_53_268p125.jpg" n="APG 300, 53, 268, p. 125"/> solchen argwahn rechtlich ablegen. / Dis hab wir auch zu vorhaltung unser lieb und freuntschaft, / die wir zu <expan>E<ex>wer</ex></expan> <expan>E<ex>rbarkei</ex>t</expan> und unserm <rs type="place" key="24">vaterlande</rs> tragen, / der notturfft nach / derselben <expan>E<ex>wer</ex></expan> <expan>E<ex>rbarkei</ex>t</expan>, die wir gotlichen gnaden bevelhen, / nicht wollen unangezeigt lassen. / 
</p>
</div>

<div type="datum">
<p>
<expan>Dat<ex>um</ex></expan> aus unserm schlos <name type="place" key="1">Heilsperg</name>, den andern tag <foreign xml:lang="la">Marcii</foreign> 1543.
</p>
</div>

<div type="signature">
<p>
<name type="person" key="1">Joannes</name>, von Gottes gnaden bischoff zu <name type="place" key="577">Ermlanndt</name> /
</p>
</div>

</body>

</text></TEI>
