<?xml version="1.0"?>
<TEI xmlns="http://www.tei-c.org/ns/1.0"><teiHeader><fileDesc><titleStmt><title>Ioannes Dantiscus' Texts and Correspondence</title><editor>Anna Skolimowska et al.</editor></titleStmt><editionStmt><edition><date>2010-2014</date></edition></editionStmt><publicationStmt><p>unknown</p></publicationStmt><sourceDesc><p>Transcribed from manuscript and edited</p></sourceDesc></fileDesc></teiHeader><text xmlns="">	

<front>

<div type="address">
<p>
 <pb id="16022_000_AAWO_ABD6f141v.jpg" n="AAWO, AB, D.6, f. 141v"/> 
</p>
<p>
Reverendissimo Domino, domino <name type="person" key="1">Ioanni episcopo Culmensi</name>
</p>
</div>

</front>
<body>

<div type="salutation">
<p>
 <pb id="16022_000_AAWO_ABD6f141r.jpg" n="AAWO, AB, D.6, f. 141r"/> 
</p>
<p>
Salutem.
</p>
</div>

<div type="main_content">
<p>
<div type="incipit">
Gratiam tibi habeo, qui me in hoc casu afflictum <ref type="letter" target="6891">consolaris</ref></div>. Ego, quod ad me attinet, si solus essem, aequiore animo ferrem, nunc etiam laturus, utcumque sors ceciderit, innitens meae integritati, cui scio nihil impingi posse. Quicquid enim factum est aut fieri decretum, id sane bona fuit intentione et in opere bono.  
</p>
<p>
Si scirem tibi non esse gravem praesentiam meam ob tua <choice><reg type="lemma">negotia</reg><orig>negocia</orig></choice>, advolarem brevi, nunc etiam adventurus ad te hora decima. Quod de palatio ais, nihil est, nam <rs type="person" key="30">caesar</rs> abiit <choice><reg type="lemma">venatum</reg><orig>vaenatum</orig></choice>. Si ad <name type="person" key="306">dominum de Nassau</name> ire decreveris aut ad <rs type="person" key="270">cardinalem Leodiensem</rs>, qui heri advenit, <choice><reg type="lemma">renuntia</reg><orig>renuncia</orig></choice> mihi et ero tibi umbra. Alterutrum autem cuperem a te fieri, ut saltem, si quid in futurum adversum me struatur, <rs type="person" key="306 270">iis</rs> patronis possim elidere. Sperabo interim in Deum et consilio tuo, quod debeo, obsequar.
</p>
</div>

<div type="signature">
<p>
Humilis inservitor <name type="person" key="719">Cornelius <supplied reason="paper damaged">Duplicius Scepperus</supplied></name>
</p>
</div>

</body>

</text></TEI>
