﻿<?xml version="1.0" encoding="UTF-8"?>
<?xml-model href="http://www.stoa.org/epidoc/schema/8.18/tei-epidoc.rng" schematypens="http://relaxng.org/ns/structure/1.0"?>
<TEI xmlns:xi="http://www.w3.org/2001/XInclude" xmlns:svg="http://www.w3.org/2000/svg" xmlns:math="http://www.w3.org/1998/Math/MathML" xmlns="http://www.tei-c.org/ns/1.0">
 <teiHeader>
  <fileDesc>
   <titleStmt>
    <title xml:lang='de'>Grabmal für Isaac Gans, gest. 1909-08-25, Jüdischer Friedhof Dormagen</title>
    <respStmt xml:lang="de">
     <resp>herausgegeben vom</resp>
     <orgName ref="http://d-nb.info/gnd/212562-6">
      Salomon Ludwig Steinheim-Institut
      <address>
       <addrLine>Edmund-Körner-Platz 2</addrLine>
       <addrLine>D-45127 Essen</addrLine>
      </address>
     </orgName>
    </respStmt>
   </titleStmt>
    <editionStmt>
    <edition/>
   </editionStmt>
   <extent/>
   <publicationStmt>
    <publisher>
     <orgName ref="http://d-nb.info/gnd/212562-6">
      Salomon Ludwig Steinheim-Institut 
      <address>
       <addrLine>Edmund-Körner-Platz 2</addrLine>
       <addrLine>D-45127 Essen</addrLine>
      </address>
     </orgName>
    </publisher>
    <idno>e03-5</idno>
    <idno type="url">http://www.steinheim-institut.de/cgi-bin/epidat?id=e03-5</idno>
    <availability xml:lang="en" status="free">
     <licence>
      <ref target="http://creativecommons.org/licenses/by/4.0/">Distributed under a Creative Commons licence Attribution-BY 4.0</ref>
      <p>
       All reuse or distribution of this work must contain somewhere a link back to the URL 
       <ref>http://www.steinheim-institut.de/cgi-bin/epidat?id=e03-5</ref>
      </p>
     </licence>
    </availability>
   </publicationStmt>
    <notesStmt>
    <note/>
   </notesStmt>
   <sourceDesc>
    <bibl>born digital</bibl>
     <msDesc>
     <msIdentifier/>
     <physDesc>
      <objectDesc>
       <supportDesc>
        <support>
         <p>
          <material>Stein</material>
          <objectType>Kissenstein</objectType>
          Kissenstein mit Umrandung aus Scheinmauerwerk (Vgl. auch das Grabmal der Gattin).
         </p>
        </support>
        <condition>
         <p>
          <date>1985</date>
           
          <damage agent='Verwitterung'>Verwitterung leicht.</damage>
         </p>
        </condition>
       </supportDesc>
        <layoutDesc>
        <layout/>
       </layoutDesc>
      </objectDesc>
      <handDesc>
       <handNote>Schrift vertieft</handNote>
      </handDesc>
     </physDesc>
     <history>
      <origin>
       <date notBefore='1909-08-25'>1909-08-25</date>
       <country type="ISO_3166" key="XA-DE-NW">
        Germany
        <region>North Rhine-Westphalia</region>
       </country>
       <settlement type='city' key='tgn:1038848'>
        Dormagen 
        <geogName>
         Jüdischer Friedhof
         <geo decls="#WGS">51.100669 6.834092</geo>
        </geogName>
       </settlement>
      </origin>
     </history>
    </msDesc>
   </sourceDesc>
  </fileDesc>
  <encodingDesc>
   <p>Encoded according to the EpiDoc Guidelines, Schema Version 8.18</p>
   <classDecl>
    <taxonomy>
     <category xml:id='foto1'>
      <catDesc>
       <persName ref='http://d-nb.info/gnd/128472499' role='photographer'>Bert Sommer</persName>
      </catDesc>
     </category>
     <category xml:id='foto2'>
      <catDesc>
       Epigraphisches Bildarchiv, 
       <orgName ref="http://d-nb.info/gnd/212562-6">Steinheim-Institut</orgName>
      </catDesc>
     </category>
    </taxonomy>
   </classDecl>
   <geoDecl xml:id="WGS" datum="WGS84">World Geodetic System</geoDecl>
  </encodingDesc>
  <profileDesc>
   <particDesc>
    <listPerson>
     <person xml:id="e03-5-1" sex='1'>
      <persName>Isaac Gans</persName>
       <event when='1909-08-25' type="dateofdeath">
       <desc/>
      </event>
     </person>
    </listPerson>
   </particDesc>
    <langUsage>
    <!-- According to bcp47 http://tools.ietf.org/html/bcp47 (Language) and ISO15924 (writing System)-->
    <language ident='de' usage='100'>German</language>
   </langUsage>
  </profileDesc>
   <revisionDesc>
   <change/>
  </revisionDesc>
 </teiHeader>
 <facsimile>
  <graphic url='http://steinheim-institut.de/daten/picse03/xl/0005_E03_070719EPS4143hb.jpg'>
    <desc>
    <ref target='#foto1'/>
    <date when='2007-07-19'/>
    recto
   </desc>
  </graphic>
  <graphic url='http://steinheim-institut.de/daten/maps/svg/e03.svg' xml:id="map">
    <desc type='map'>
    <date when='2014-03-19T21:35:21'/>
   </desc>
  </graphic>
 </facsimile>
 <text>
  <body>
   <div type='edition'>
    <head>Edition</head>
     <ab>
     <lb n='1'/>
     Hier ruht
     <lb n='2'/>
     mein lieber Gatte
     <lb n='3'/>
     unser guter Vater
     <lb n='4'/>
     Herr Isaac Gans
     <lb n='5'/>
     geb. 4. März 1846
     <lb n='6'/>
     zu Emmerich
     <lb n='7'/>
     gest. 25. Aug. 1909
     <lb n='8'/>
     zu Dormagen.
    </ab>
   </div>
   <div type="commentary" subtype="Prosopographie">
    <head>Prosopographie</head>
    <p>Der aus Emmerich stammende Isaac Gans war verheiratet mit Henriette geb. Herz. 1885 wurde ihr Sohn Jacob geboren, der schon 1896 als Kind starb. Sein jüngerer Bruder, der 1888 geborene Oscar Gans, war seit 1919 Professor an der Universitäts-Hautklinik in Heidelberg und zeichnete sich vor allem durch Forschungen über die Hautatmung aus, die ihn auch nach Minnesota führten. 1930 kehrte er nach Deutschland zurück und lehrte an der Universität Frankfurt. Während der NS-Zeit flüchtete er nach Bombay, nach dem Krieg kehrte er an die Uni Frankfurt zurück; er starb 1983. Sein Handbuch der Dermatologie gilt noch heute als Standardwerk. Im Februar 2009 wurde in Dormagen eine Straße nach ihm benannt.</p>
   </div>
   <div type="bibliography">
    <head>Bibliographie</head>
    <p>to be done ...</p>
   </div>
  </body>
 </text>
</TEI>
