﻿<?xml version="1.0" encoding="UTF-8"?>
<?xml-model href="http://www.stoa.org/epidoc/schema/8.18/tei-epidoc.rng" schematypens="http://relaxng.org/ns/structure/1.0"?>
<TEI xmlns:xi="http://www.w3.org/2001/XInclude" xmlns:svg="http://www.w3.org/2000/svg" xmlns:math="http://www.w3.org/1998/Math/MathML" xmlns="http://www.tei-c.org/ns/1.0">
 <teiHeader>
  <fileDesc>
   <titleStmt>
    <title xml:lang='de'>Grabmal für Reische bat Awraham ∞ Meschullam ben Jaakow (Rosa Herz geb. Wolff), gest. 1897-05-02, Jüdischer Friedhof Dormagen</title>
    <respStmt xml:lang="de">
     <resp>herausgegeben vom</resp>
     <orgName ref="http://d-nb.info/gnd/212562-6">
      Salomon Ludwig Steinheim-Institut
      <address>
       <addrLine>Edmund-Körner-Platz 2</addrLine>
       <addrLine>D-45127 Essen</addrLine>
      </address>
     </orgName>
    </respStmt>
   </titleStmt>
    <editionStmt>
    <edition/>
   </editionStmt>
   <extent/>
   <publicationStmt>
    <publisher>
     <orgName ref="http://d-nb.info/gnd/212562-6">
      Salomon Ludwig Steinheim-Institut 
      <address>
       <addrLine>Edmund-Körner-Platz 2</addrLine>
       <addrLine>D-45127 Essen</addrLine>
      </address>
     </orgName>
    </publisher>
    <idno>e03-2</idno>
    <idno type="url">http://www.steinheim-institut.de/cgi-bin/epidat?id=e03-2</idno>
    <availability xml:lang="en" status="free">
     <licence>
      <ref target="http://creativecommons.org/licenses/by/4.0/">Distributed under a Creative Commons licence Attribution-BY 4.0</ref>
      <p>
       All reuse or distribution of this work must contain somewhere a link back to the URL 
       <ref>http://www.steinheim-institut.de/cgi-bin/epidat?id=e03-2</ref>
      </p>
     </licence>
    </availability>
   </publicationStmt>
    <notesStmt>
    <note/>
   </notesStmt>
   <sourceDesc>
    <bibl>born digital</bibl>
     <msDesc>
     <msIdentifier/>
     <physDesc>
      <objectDesc>
       <supportDesc>
        <support>
         <p>
          <material>Stein</material>
          <objectType>Kissenstein</objectType>
          Kissenstein mit Umrandung aus Scheinmauerwerk (vgl. auch das Grabmal des Gatten).
         </p>
        </support>
        <condition>
         <p>
          <date>1985</date>
           Gut erhalten.
         </p>
         <p>
          <date>2007</date>
           
          <damage agent='Verwitterung'>Verwitterung leicht.</damage>
         </p>
        </condition>
       </supportDesc>
        <layoutDesc>
        <layout/>
       </layoutDesc>
      </objectDesc>
      <handDesc>
       <handNote>Schrift vertieft</handNote>
      </handDesc>
     </physDesc>
     <history>
      <origin>
       <date notBefore='1897-05-02'>1897-05-02</date>
       <country type="ISO_3166" key="XA-DE-NW">
        Germany
        <region>North Rhine-Westphalia</region>
       </country>
       <settlement type='city' key='tgn:1038848'>
        Dormagen 
        <geogName>
         Jüdischer Friedhof
         <geo decls="#WGS">51.100669 6.834092</geo>
        </geogName>
       </settlement>
      </origin>
     </history>
    </msDesc>
   </sourceDesc>
  </fileDesc>
  <encodingDesc>
   <p>Encoded according to the EpiDoc Guidelines, Schema Version 8.18</p>
   <classDecl>
    <taxonomy>
     <category xml:id='foto1'>
      <catDesc>
       <persName ref='http://d-nb.info/gnd/128472499' role='photographer'>Bert Sommer</persName>
      </catDesc>
     </category>
     <category xml:id='foto2'>
      <catDesc>
       Epigraphisches Bildarchiv, 
       <orgName ref="http://d-nb.info/gnd/212562-6">Steinheim-Institut</orgName>
      </catDesc>
     </category>
    </taxonomy>
   </classDecl>
   <geoDecl xml:id="WGS" datum="WGS84">World Geodetic System</geoDecl>
  </encodingDesc>
  <profileDesc>
   <particDesc>
    <listPerson>
     <person xml:id="e03-2-1" sex='2'>
      <persName>Reische bat Awraham ∞ Meschullam ben Jaakow (Rosa Herz geb. Wolff)</persName>
       <event when='1897-05-02' type="dateofdeath">
       <desc/>
      </event>
     </person>
    </listPerson>
   </particDesc>
    <langUsage>
    <!-- According to bcp47 http://tools.ietf.org/html/bcp47 (Language) and ISO15924 (writing System)-->
    <language ident='he' usage='57'>Hebrew</language>
    <language ident='de' usage='42'>German</language>
   </langUsage>
  </profileDesc>
   <revisionDesc>
   <change/>
  </revisionDesc>
 </teiHeader>
 <facsimile>
  <graphic url='http://steinheim-institut.de/daten/picse03/xl/0002_e03_070719EPS4130hb.jpg'>
    <desc>
    <ref target='#foto1'/>
    <date when='2007-07-19'/>
    recto
   </desc>
  </graphic>
  <graphic url='http://steinheim-institut.de/daten/maps/svg/e03.svg' xml:id="map">
    <desc type='map'>
    <date when='2014-03-19T21:35:21'/>
   </desc>
  </graphic>
 </facsimile>
 <text>
  <body>
   <div type='edition'>
    <head>Edition</head>
     <ab>
     <lb n='1'/>
     ‎‏פ״נ‏‎
‏‎     <lb n='2'/>
     ‎‏אשה ישרה ונעימה‏‎
‏‎     <lb n='3'/>
     ‎‏הלכה בדרך תמימה‏‎
‏‎     <lb n='4'/>
     ‎‏מ׳ רייזכא בת אברהם‏‎
‏‎     <lb n='5'/>
     ‎‏אשת משולם בר יעקב‏‎
‏‎     <lb n='6'/>
     ‎‏מתה ביום א׳ דר״ח אייר‏‎
‏‎     <lb n='7'/>
     ‎‏תרנ״ז לפ״ק‏‎
‏‎     <lb n='8'/>
     ‎‏תנצב״ה‏‎
‏‎     <lb n='9'/>
     Frau Rosa Herz
     <lb n='10'/>
     geb. Wolff
     <lb n='11'/>
     geb. zu Glesch 5. April 1823,
     <lb n='12'/>
     gest. zu Dormagen 2. Mai 1897.
    </ab>
   </div>
   <div type='translation'>
    <head>Übersetzung</head>
     <ab>
     <lb n='1'/>
     Hier ist begraben
     <lb n='2'/>
     eine aufrechte und anmutsvolle Frau,
     <lb n='3'/>
     ›sie ging auf makellosem Wege‹,
     <lb n='4'/>
     Frau Reische, Tochter des Awraham,
     <lb n='5'/>
     Gattin des Meschullam, Sohn des Jaakow,
     <lb n='6'/>
     gestorben am 1. Tag des Neumonds Ijar
     <lb n='7'/>
     657 der kleinen Zählung.
     <lb n='8'/>
     Ihre Seele sei eingebunden in das Bündel des Lebens
    </ab>
   </div>
   <div type="commentary" subtype="Zitate">
    <head>Zitate</head>
    <p>Zl 3: Ps 101,6</p>
   </div>
   <div type="commentary" subtype="Prosopographie">
    <head>Prosopographie</head>
   </div>
   <div type="bibliography">
    <head>Bibliographie</head>
    <p>to be done ...</p>
   </div>
  </body>
 </text>
</TEI>
