﻿<?xml version="1.0" encoding="UTF-8"?>
<?xml-model href="http://www.stoa.org/epidoc/schema/8.18/tei-epidoc.rng" schematypens="http://relaxng.org/ns/structure/1.0"?>
<TEI xmlns:xi="http://www.w3.org/2001/XInclude" xmlns:svg="http://www.w3.org/2000/svg" xmlns:math="http://www.w3.org/1998/Math/MathML" xmlns="http://www.tei-c.org/ns/1.0">
 <teiHeader>
  <fileDesc>
   <titleStmt>
    <title xml:lang='de'>Grabmal für Chaja bat Awraham (Lina Willner geb. Adler), gest. 1931-01-11, Jüdischer Friedhof Dormagen</title>
    <respStmt xml:lang="de">
     <resp>herausgegeben vom</resp>
     <orgName ref="http://d-nb.info/gnd/212562-6">
      Salomon Ludwig Steinheim-Institut
      <address>
       <addrLine>Edmund-Körner-Platz 2</addrLine>
       <addrLine>D-45127 Essen</addrLine>
      </address>
     </orgName>
    </respStmt>
   </titleStmt>
    <editionStmt>
    <edition/>
   </editionStmt>
   <extent/>
   <publicationStmt>
    <publisher>
     <orgName ref="http://d-nb.info/gnd/212562-6">
      Salomon Ludwig Steinheim-Institut 
      <address>
       <addrLine>Edmund-Körner-Platz 2</addrLine>
       <addrLine>D-45127 Essen</addrLine>
      </address>
     </orgName>
    </publisher>
    <idno>e03-13</idno>
    <idno type="url">http://www.steinheim-institut.de/cgi-bin/epidat?id=e03-13</idno>
    <availability xml:lang="en" status="free">
     <licence>
      <ref target="http://creativecommons.org/licenses/by/4.0/">Distributed under a Creative Commons licence Attribution-BY 4.0</ref>
      <p>
       All reuse or distribution of this work must contain somewhere a link back to the URL 
       <ref>http://www.steinheim-institut.de/cgi-bin/epidat?id=e03-13</ref>
      </p>
     </licence>
    </availability>
   </publicationStmt>
    <notesStmt>
    <note/>
   </notesStmt>
   <sourceDesc>
    <bibl>born digital</bibl>
     <msDesc>
     <msIdentifier/>
     <physDesc>
      <objectDesc>
       <supportDesc>
        <support>
         <p>
          <material>Stein</material>
          <objectType>Stele</objectType>
          Leicht sich nach unten verjüngende, gesockelte Stele mit geradem Abschluss und aufgesetzter, hochrechteckiger Schrifttafel.
         </p>
        </support>
        <condition>
         <p>
          <date>1985</date>
           Das Grabmal war umgestürzt und lag auf der Schriftseite.
         </p>
         <p>
          <date>2007</date>
           Das Grabmal wurde neu aufgestellt, gut erhalten.
         </p>
        </condition>
       </supportDesc>
        <layoutDesc>
        <layout/>
       </layoutDesc>
      </objectDesc>
      <handDesc>
       <handNote>Schrift vertieft</handNote>
      </handDesc>
     </physDesc>
     <history>
      <origin>
       <date notBefore='1931-01-11'>1931-01-11</date>
       <country type="ISO_3166" key="XA-DE-NW">
        Germany
        <region>North Rhine-Westphalia</region>
       </country>
       <settlement type='city' key='tgn:1038848'>
        Dormagen 
        <geogName>
         Jüdischer Friedhof
         <geo decls="#WGS">51.100669 6.834092</geo>
        </geogName>
       </settlement>
      </origin>
     </history>
    </msDesc>
   </sourceDesc>
  </fileDesc>
  <encodingDesc>
   <p>Encoded according to the EpiDoc Guidelines, Schema Version 8.18</p>
   <classDecl>
    <taxonomy>
     <category xml:id='foto1'>
      <catDesc>
       <persName ref='http://d-nb.info/gnd/128472499' role='photographer'>Bert Sommer</persName>
      </catDesc>
     </category>
     <category xml:id='foto2'>
      <catDesc>
       Epigraphisches Bildarchiv, 
       <orgName ref="http://d-nb.info/gnd/212562-6">Steinheim-Institut</orgName>
      </catDesc>
     </category>
    </taxonomy>
   </classDecl>
   <geoDecl xml:id="WGS" datum="WGS84">World Geodetic System</geoDecl>
  </encodingDesc>
  <profileDesc>
   <particDesc>
    <listPerson>
     <person xml:id="e03-13-1" sex='2'>
      <persName>Chaja bat Awraham (Lina Willner geb. Adler)</persName>
       <event when='1931-01-11' type="dateofdeath">
       <desc/>
      </event>
     </person>
    </listPerson>
   </particDesc>
    <langUsage>
    <!-- According to bcp47 http://tools.ietf.org/html/bcp47 (Language) and ISO15924 (writing System)-->
    <language ident='he' usage='73'>Hebrew</language>
    <language ident='de' usage='26'>German</language>
   </langUsage>
  </profileDesc>
   <revisionDesc>
   <change/>
  </revisionDesc>
 </teiHeader>
 <facsimile>
  <graphic url='http://steinheim-institut.de/daten/picse03/xl/0013_E03_070719EPS4084hb.jpg'>
    <desc>
    <ref target='#foto1'/>
    <date when='2007-07-19'/>
    recto
   </desc>
  </graphic>
  <graphic url='http://steinheim-institut.de/daten/maps/svg/e03.svg' xml:id="map">
    <desc type='map'>
    <date when='2014-03-19T21:35:21'/>
   </desc>
  </graphic>
 </facsimile>
 <text>
  <body>
   <div type='edition'>
    <head>Edition</head>
     <ab>
     <lb n='1'/>
     ‎‏פ״נ‏‎
‏‎     <lb n='2'/>
     ‎‏אשה צנועה בכל דרכיה‏‎
‏‎     <lb n='3'/>
     ‎‏ישרה ותמימה במעשיה‏‎
‏‎     <lb n='4'/>
     ‎‏דרשה טוב בבעלה כל ימיה‏‎
‏‎     <lb n='5'/>
     ‎‏והדריכה למישרים את בניה‏‎
‏‎     <lb n='6'/>
     ‎‏ה״ה מרת חייה בת אברהם‏‎
‏‎     <lb n='7'/>
     ‎‏ממשפחת וויללנער‏‎
‏‎     <lb n='8'/>
     ‎‏נפטרה ביום כ״ב טבת תרצ״א‏‎
‏‎     <lb n='9'/>
     ‎‏ונקברה ביום כ״ד בו‏‎
‏‎     <lb n='10'/>
     Lina Willner
     <lb n='11'/>
     geb. Adler
     <lb n='12'/>
     geb. 1. Nov. 1874 - gest. 11. Jan. 1931
     <lb n='13'/>
     ‎‏תנצב״ה‏‎
‏‎    </ab>
   </div>
   <div type='translation'>
    <head>Übersetzung</head>
     <ab>
     <lb n='1'/>
     Hier ist begraben
     <lb n='2'/>
     eine Frau, züchtig auf all ihren Wegen,
     <lb n='3'/>
     aufrecht und lauter in ihren Taten,
     <lb n='4'/>
     ›auf das Beste ihres Gatten bedacht all ihre Tage‹ ,
     <lb n='5'/>
     und sie leitete ihre Kinder zur Geradheit,
     <lb n='6'/>
     es ist Frau Chaja, Tochter des Awraham
     <lb n='7'/>
     aus der Familie Willner,
     <lb n='8'/>
     verschieden am 22. Tag des Tewet 691
     <lb n='9'/>
     und begraben am 24. Tag desselben.
     <lb n='13'/>
     Ihre Seele sei eingebunden in das Bündel des Lebens
    </ab>
   </div>
   <div type="commentary" subtype="Zitate">
    <head>Zitate</head>
    <p>Zl 4: nach Est. 10,3</p>
   </div>
   <div type='commentary' subtype='Stilmittel'>
    <head>Stilmittel</head>
    <p>
     <label>Reim</label>
      auf - ejha in Zln 2-5.
    </p>
   </div>
   <div type="commentary" subtype="Endkommentar">
    <head>Endkommentar</head>
    <p>
     Die Eulogie geht vermutlich auf eine Musterinschrift zurück. Solche Musterinschriften waren oft den Kompendien jüdischer Totenliturgie und Trauergebräuchen beigegeben, die sich seit Anfang des 18. Jahrhunderts wachsender Beliebtheit erfreuten und weite Verbreitung fanden. Diese Inschrift hier findet sich in identischer Form zum Beispiel im "Tozeoth Chajim" von Seligmann Baer (dritte verbesserte und vermehrte Auflage Rödelheim 1871, S. 341: "Musterinschrift für eine Frau", siehe 
     <ref target="http://steinheim-institut.de/cgi-bin/epidat?id=mu2-0019-t">mu2-0019</ref>
     ).
    </p>
   </div>
   <div type="commentary" subtype="Prosopographie">
    <head>Prosopographie</head>
   </div>
   <div type="bibliography">
    <head>Bibliographie</head>
    <p>to be done ...</p>
   </div>
  </body>
 </text>
</TEI>
