﻿<?xml version="1.0" encoding="UTF-8"?>
<?xml-model href="http://www.stoa.org/epidoc/schema/8.18/tei-epidoc.rng" schematypens="http://relaxng.org/ns/structure/1.0"?>
<TEI xmlns:xi="http://www.w3.org/2001/XInclude" xmlns:svg="http://www.w3.org/2000/svg" xmlns:math="http://www.w3.org/1998/Math/MathML" xmlns="http://www.tei-c.org/ns/1.0">
 <teiHeader>
  <fileDesc>
   <titleStmt>
    <title xml:lang='de'>Grabmal für , gest. 1735-09-20, Jüdischer Friedhof Adelebsen, Im Steilhang</title>
    <respStmt xml:lang="de">
     <resp>herausgegeben vom</resp>
     <orgName ref="http://d-nb.info/gnd/212562-6">
      Salomon Ludwig Steinheim-Institut
      <address>
       <addrLine>Edmund-Körner-Platz 2</addrLine>
       <addrLine>D-45127 Essen</addrLine>
      </address>
     </orgName>
    </respStmt>
   </titleStmt>
    <editionStmt>
    <edition/>
   </editionStmt>
   <extent/>
   <publicationStmt>
    <publisher>
     <orgName ref="http://d-nb.info/gnd/212562-6">
      Salomon Ludwig Steinheim-Institut 
      <address>
       <addrLine>Edmund-Körner-Platz 2</addrLine>
       <addrLine>D-45127 Essen</addrLine>
      </address>
     </orgName>
    </publisher>
    <idno>ad2-191</idno>
    <idno type="url">http://www.steinheim-institut.de/cgi-bin/epidat?id=ad2-191</idno>
    <availability xml:lang="en" status="free">
     <licence>
      <ref target="http://creativecommons.org/licenses/by/4.0/">Distributed under a Creative Commons licence Attribution-BY 4.0</ref>
      <p>
       All reuse or distribution of this work must contain somewhere a link back to the URL 
       <ref>http://www.steinheim-institut.de/cgi-bin/epidat?id=ad2-191</ref>
      </p>
     </licence>
    </availability>
   </publicationStmt>
    <notesStmt>
    <note/>
   </notesStmt>
   <sourceDesc>
    <bibl>born digital</bibl>
     <msDesc>
     <msIdentifier/>
     <physDesc>
      <objectDesc>
       <supportDesc>
        <support>
         <p>
          <material>Stein</material>
          <dimensions>
           <dim>H 175; B 84; T 17</dim>
          </dimensions>
         </p>
        </support>
       </supportDesc>
        <layoutDesc>
        <layout/>
       </layoutDesc>
      </objectDesc>
     </physDesc>
     <history>
      <origin>
       <date notBefore='1735-09-20'>1735-09-20</date>
       <country type="ISO_3166" key="XA-DE-NI">
        Germany
        <region>Lower Saxony</region>
       </country>
       <settlement type='city' key='tgn:1038112'>
        Adelebsen, Im Steilhang 
        <geogName>
         Jüdischer Friedhof
         <geo decls="#WGS">51.575771 9.74058</geo>
        </geogName>
       </settlement>
      </origin>
     </history>
    </msDesc>
   </sourceDesc>
  </fileDesc>
  <encodingDesc>
   <p>Encoded according to the EpiDoc Guidelines, Schema Version 8.18</p>
   <classDecl>
    <taxonomy>
     <category xml:id='foto1'>
      <catDesc>Berndt Schaller</catDesc>
     </category>
     <category xml:id='foto2'>
      <catDesc>Ralf König</catDesc>
     </category>
    </taxonomy>
   </classDecl>
   <geoDecl xml:id="WGS" datum="WGS84">World Geodetic System</geoDecl>
  </encodingDesc>
  <profileDesc>
    <langUsage>
    <!-- According to bcp47 http://tools.ietf.org/html/bcp47 (Language) and ISO15924 (writing System)-->
    <language ident='he' usage='100'>Hebrew</language>
   </langUsage>
  </profileDesc>
   <revisionDesc>
   <change/>
  </revisionDesc>
 </teiHeader>
 <facsimile>
  <graphic url='http://steinheim-institut.de/daten/picsad2/xl/Ad0191.jpg'>
    <desc>
    <ref target='#foto1'/>
    recto
   </desc>
  </graphic>
 </facsimile>
 <text>
  <body>
   <div type='edition'>
    <head>Edition</head>
     <ab>
     <lb n='1'/>
     ‎‏פ״נ‏‎
‏‎     <lb n='2'/>
     ‎‏ונקבר׳ האשה‏‎
‏‎     <lb n='3'/>
     ‎‏החשוב׳ מרת גיטל‏‎
‏‎     <lb n='4'/>
     ‎‏בת מוהל ר׳ נפתלי‏‎
‏‎     <lb n='5'/>
     ‎‏הכהן תנצבה׳ יו׳ ה׳‏‎
‏‎     <lb n='6'/>
     ‎‏בחודש כסליו שנת‏‎
‏‎     <lb n='7'/>
     ‎‏תיו צדיה ואו לפק׳‏‎
‏‎    </ab>
   </div>
   <div type='translation'>
    <head>Übersetzung</head>
     <ab>
     <lb n='1'/>
     Hier ist geborgen
     <lb n='2'/>
     und wurde begrabe(n) die Frau,
     <lb n='3'/>
     die angesehene, Frau Gitel,
     <lb n='4'/>
     Tochter des Beschneiders H. Naphtali
     <lb n='5'/>
     ha-Kohen S.S.E.B.L. am Ta[g] 5
     <lb n='6'/>
     im Monat Kislew des Jahres
     <lb n='7'/>
     496 n.kl.Z.
    </ab>
   </div>
   <div type="commentary" subtype="Zeilenkommentar">
    <head>Zeilenkommentar</head>
    <p>Z. 4: Bei ‎‏מוהל‏‎ könnte der letzte Buchstabe auch als ‎‏ר‏‎ (r) statt ‎‏ל‏‎ (l) gelesen werden: ‎‏מוהר‏‎ = Abk. für ‎‏מורנו הרב‏‎ (morenu ha-rav) "unser Lehrer, der Herr".</p>
    <p>
     Z. 5: Ein zur Gruppe der Kohanim (s.u. S. 330) gehöriger Naphtali ist für Adelebsen urkundlich nicht belegt; gleiches gilt für den vielleicht mit ihm identischen Herz Kaz (s. (Grab 
     <ref target="http://steinheim-institut.de/cgi-bin/epidat?id=ad2-0190-t">ad2-0190</ref>
     ))
    </p>
    <p>Z. 7: Zur Angabe des Sterbejahres sind die Zahlbuchstaben in Kantschrift wiedergegeben: ‎‏ת֯יו צד֯יה וא֯ו‏‎ = taw (400) [tiw (so Kimchi)]- zade (90) - waw (6) = 496 - 5. Kislew 5496 = 20.9.1735</p>
   </div>
   <div type="commentary" subtype="Prosopographie">
    <head>Prosopographie</head>
   </div>
   <div type="bibliography">
    <head>Bibliographie</head>
    <p>to be done ...</p>
   </div>
  </body>
 </text>
</TEI>
