﻿<?xml version="1.0" encoding="UTF-8"?>
<?xml-model href="http://www.stoa.org/epidoc/schema/8.18/tei-epidoc.rng" schematypens="http://relaxng.org/ns/structure/1.0"?>
<TEI xmlns:xi="http://www.w3.org/2001/XInclude" xmlns:svg="http://www.w3.org/2000/svg" xmlns:math="http://www.w3.org/1998/Math/MathML" xmlns="http://www.tei-c.org/ns/1.0">
 <teiHeader>
  <fileDesc>
   <titleStmt>
    <title xml:lang='de'>Grabmal für , gest. 1733-05-03, Jüdischer Friedhof Adelebsen, Im Steilhang</title>
    <respStmt xml:lang="de">
     <resp>herausgegeben vom</resp>
     <orgName ref="http://d-nb.info/gnd/212562-6">
      Salomon Ludwig Steinheim-Institut
      <address>
       <addrLine>Edmund-Körner-Platz 2</addrLine>
       <addrLine>D-45127 Essen</addrLine>
      </address>
     </orgName>
    </respStmt>
   </titleStmt>
    <editionStmt>
    <edition/>
   </editionStmt>
   <extent/>
   <publicationStmt>
    <publisher>
     <orgName ref="http://d-nb.info/gnd/212562-6">
      Salomon Ludwig Steinheim-Institut 
      <address>
       <addrLine>Edmund-Körner-Platz 2</addrLine>
       <addrLine>D-45127 Essen</addrLine>
      </address>
     </orgName>
    </publisher>
    <idno>ad2-192</idno>
    <idno type="url">http://www.steinheim-institut.de/cgi-bin/epidat?id=ad2-192</idno>
    <availability xml:lang="en" status="free">
     <licence>
      <ref target="http://creativecommons.org/licenses/by/4.0/">Distributed under a Creative Commons licence Attribution-BY 4.0</ref>
      <p>
       All reuse or distribution of this work must contain somewhere a link back to the URL 
       <ref>http://www.steinheim-institut.de/cgi-bin/epidat?id=ad2-192</ref>
      </p>
     </licence>
    </availability>
   </publicationStmt>
    <notesStmt>
    <note/>
   </notesStmt>
   <sourceDesc>
    <bibl>born digital</bibl>
     <msDesc>
     <msIdentifier/>
     <physDesc>
      <objectDesc>
       <supportDesc>
        <support>
         <p>
          <material>Stein</material>
          <dimensions>
           <dim>H 179; B 90; T 18</dim>
          </dimensions>
         </p>
        </support>
        <condition>
         <p>Buchstaben in Umrissschrift, nur noch schwer lesbar</p>
        </condition>
       </supportDesc>
        <layoutDesc>
        <layout/>
       </layoutDesc>
      </objectDesc>
     </physDesc>
     <history>
      <origin>
       <date notBefore='1733-05-03'>1733-05-03</date>
       <country type="ISO_3166" key="XA-DE-NI">
        Germany
        <region>Lower Saxony</region>
       </country>
       <settlement type='city' key='tgn:1038112'>
        Adelebsen, Im Steilhang 
        <geogName>
         Jüdischer Friedhof
         <geo decls="#WGS">51.575771 9.74058</geo>
        </geogName>
       </settlement>
      </origin>
     </history>
    </msDesc>
   </sourceDesc>
  </fileDesc>
  <encodingDesc>
   <p>Encoded according to the EpiDoc Guidelines, Schema Version 8.18</p>
   <classDecl>
    <taxonomy>
     <category xml:id='foto1'>
      <catDesc>Berndt Schaller</catDesc>
     </category>
     <category xml:id='foto2'>
      <catDesc>Ralf König</catDesc>
     </category>
    </taxonomy>
   </classDecl>
   <geoDecl xml:id="WGS" datum="WGS84">World Geodetic System</geoDecl>
  </encodingDesc>
  <profileDesc>
    <langUsage>
    <!-- According to bcp47 http://tools.ietf.org/html/bcp47 (Language) and ISO15924 (writing System)-->
    <language ident='he' usage='100'>Hebrew</language>
   </langUsage>
  </profileDesc>
   <revisionDesc>
   <change/>
  </revisionDesc>
 </teiHeader>
 <facsimile>
  <graphic url='http://steinheim-institut.de/daten/picsad2/xl/Ad0192.jpg'>
    <desc>
    <ref target='#foto1'/>
    recto
   </desc>
  </graphic>
 </facsimile>
 <text>
  <body>
   <div type='edition'>
    <head>Edition</head>
     <ab>
     <lb n='1'/>
     ‎‏היום‏‎
‏‎     <lb n='2'/>
     ‎‏יום א י׳ח ל׳ג׳‏‎
‏‎     <lb n='3'/>
     ‎‏בעומר נפטר׳‏‎
‏‎     <lb n='4'/>
     ‎‏ונקבר׳ האשה‏‎
‏‎     <lb n='5'/>
     ‎‏חשובה צנועה מר[ת]‏‎
‏‎     <lb n='6'/>
     ‎‏פרומט ש׳ת׳צ׳ג‏‎
‏‎     <lb n='7'/>
     ‎‏ונשמתה תהא‏‎
‏‎     <lb n='8'/>
     ‎‏בצרור החיים‏‎
‏‎     <lb n='9'/>
     ‎‏עד עולם אס‏‎
‏‎    </ab>
   </div>
   <div type='translation'>
    <head>Übersetzung</head>
     <ab>
     <lb n='1'/>
     Heute
     <lb n='2'/>
     am Tag 1, 18.[Ijjar] dem 33.Tag
     <lb n='3'/>
     der Omer-Zeit verschie(d)
     <lb n='4'/>
     und wurde begrab(en) die Frau,
     <lb n='5'/>
     die angesehene, züchtige, Fra[u]
     <lb n='6'/>
     Fromet (im) J(ahr) 493.
     <lb n='7'/>
     Und ihre Seele sei
     <lb n='8'/>
     im Bündel des Lebens
     <lb n='9'/>
     in Ewigkeit. A(men) S(ela).
    </ab>
   </div>
   <div type="commentary" subtype="Zeilenkommentar">
    <head>Zeilenkommentar</head>
    <p>Z. 2f.: Omer-Zeit: Tage zwischen Pessach und Schavuot/Pfingsten. Der 33. Tag, Lag ba-Omer genannt (nach der hebräischen Zahlenangabe ‎‏ל׳ג׳‏‎ / lag), fällt auf den 18. Ijjar und zeichnet sich dadurch aus, dass an ihm die für die übrigen Tage üblichen Trauerriten ausgesetzt werden und Festlichkeiten (Hochzeiten u.ä) erlaubt sind.</p>
    <p>Z. 6: Auffällig: keine Angaben über die Familienverhältnisse. Auch der Versuch, aus der Jahreszahl ‎‏ש׳ת׳צ׳ג‏‏‎‎‏‎ den Familienname zu entnehmen, führt zu keinem Ergebnis.</p>
   </div>
   <div type="commentary" subtype="Prosopographie">
    <head>Prosopographie</head>
   </div>
   <div type="bibliography">
    <head>Bibliographie</head>
    <p>to be done ...</p>
   </div>
  </body>
 </text>
</TEI>
