﻿<?xml version="1.0" encoding="UTF-8"?>
<?xml-model href="http://www.stoa.org/epidoc/schema/8.18/tei-epidoc.rng" schematypens="http://relaxng.org/ns/structure/1.0"?>
<TEI xmlns:xi="http://www.w3.org/2001/XInclude" xmlns:svg="http://www.w3.org/2000/svg" xmlns:math="http://www.w3.org/1998/Math/MathML" xmlns="http://www.tei-c.org/ns/1.0">
 <teiHeader>
  <fileDesc>
   <titleStmt>
    <title xml:lang='de'>Grabmal für , gest. 1737-06-25, Jüdischer Friedhof Adelebsen, Im Steilhang</title>
    <respStmt xml:lang="de">
     <resp>herausgegeben vom</resp>
     <orgName ref="http://d-nb.info/gnd/212562-6">
      Salomon Ludwig Steinheim-Institut
      <address>
       <addrLine>Edmund-Körner-Platz 2</addrLine>
       <addrLine>D-45127 Essen</addrLine>
      </address>
     </orgName>
    </respStmt>
   </titleStmt>
    <editionStmt>
    <edition/>
   </editionStmt>
   <extent/>
   <publicationStmt>
    <publisher>
     <orgName ref="http://d-nb.info/gnd/212562-6">
      Salomon Ludwig Steinheim-Institut 
      <address>
       <addrLine>Edmund-Körner-Platz 2</addrLine>
       <addrLine>D-45127 Essen</addrLine>
      </address>
     </orgName>
    </publisher>
    <idno>ad2-193</idno>
    <idno type="url">http://www.steinheim-institut.de/cgi-bin/epidat?id=ad2-193</idno>
    <availability xml:lang="en" status="free">
     <licence>
      <ref target="http://creativecommons.org/licenses/by/4.0/">Distributed under a Creative Commons licence Attribution-BY 4.0</ref>
      <p>
       All reuse or distribution of this work must contain somewhere a link back to the URL 
       <ref>http://www.steinheim-institut.de/cgi-bin/epidat?id=ad2-193</ref>
      </p>
     </licence>
    </availability>
   </publicationStmt>
    <notesStmt>
    <note/>
   </notesStmt>
   <sourceDesc>
    <bibl>born digital</bibl>
     <msDesc>
     <msIdentifier/>
     <physDesc>
      <objectDesc>
       <supportDesc>
        <support>
         <p>
          <material>Stein</material>
          <dimensions>
           <dim>H 179; B 89; T 14 ;H 44; B 70</dim>
          </dimensions>
         </p>
        </support>
       </supportDesc>
        <layoutDesc>
        <layout/>
       </layoutDesc>
      </objectDesc>
     </physDesc>
     <history>
      <origin>
       <date notBefore='1737-06-25'>1737-06-25</date>
       <country type="ISO_3166" key="XA-DE-NI">
        Germany
        <region>Lower Saxony</region>
       </country>
       <settlement type='city' key='tgn:1038112'>
        Adelebsen, Im Steilhang 
        <geogName>
         Jüdischer Friedhof
         <geo decls="#WGS">51.575771 9.74058</geo>
        </geogName>
       </settlement>
      </origin>
     </history>
    </msDesc>
   </sourceDesc>
  </fileDesc>
  <encodingDesc>
   <p>Encoded according to the EpiDoc Guidelines, Schema Version 8.18</p>
   <classDecl>
    <taxonomy>
     <category xml:id='foto1'>
      <catDesc>Berndt Schaller</catDesc>
     </category>
     <category xml:id='foto2'>
      <catDesc>Ralf König</catDesc>
     </category>
    </taxonomy>
   </classDecl>
   <geoDecl xml:id="WGS" datum="WGS84">World Geodetic System</geoDecl>
  </encodingDesc>
  <profileDesc>
    <langUsage>
    <!-- According to bcp47 http://tools.ietf.org/html/bcp47 (Language) and ISO15924 (writing System)-->
    <language ident='he' usage='100'>Hebrew</language>
   </langUsage>
  </profileDesc>
   <revisionDesc>
   <change/>
  </revisionDesc>
 </teiHeader>
 <facsimile>
  <graphic url='http://steinheim-institut.de/daten/picsad2/xl/Ad0193.jpg'>
    <desc>
    <ref target='#foto1'/>
    recto
   </desc>
  </graphic>
 </facsimile>
 <text>
  <body>
   <div type='edition'>
    <head>Edition</head>
     <ab>
     <lb n='1'/>
     ‎‏האי׳‏‎
‏‎     <lb n='2'/>
     ‎‏מאיר בר יהוד׳‏‎
‏‎     <lb n='3'/>
     ‎‏ליב זל יו׳ ג׳ כ׳ו‏‎
‏‎     <lb n='4'/>
     ‎‏סיון תצז לפק תנצב׳‏‎
‏‎    </ab>
   </div>
   <div type='translation'>
    <head>Übersetzung</head>
     <ab>
     <lb n='1'/>
     Der Man[n]
     <lb n='2'/>
     Meïr, Sohn des Jehud(a)
     <lb n='3'/>
     Leib s.G. [Er verschied am] Tag 3, 26.
     <lb n='4'/>
     Siwan 497 n.kl.Z. S.S.E.B.(L.)
    </ab>
   </div>
   <div type="commentary" subtype="Prosopographie">
    <head>Prosopographie</head>
    <p>Meyer Levi(n), erstmals 1719 erwähnt als "Meyer Iude", scheint aber bereits um 1700 in Adelebsen ansässig gewesen zu sein, vgl. die Angaben über Alter und Geburtsort seiner Kinder (L 1762). Dass er als "Meyer Levin" noch in einem Schreiben der hannoverschen Justizkanzlei vom 21.10.1737 (s. S. 21 Dokument 2*) genannt wird, dürfte auf bereits zurückliegenden Ermittlungen beruhen.</p>
   </div>
   <div type="bibliography">
    <head>Bibliographie</head>
    <p>to be done ...</p>
   </div>
  </body>
 </text>
</TEI>
