﻿<?xml version="1.0" encoding="UTF-8"?>
<?xml-model href="http://www.stoa.org/epidoc/schema/8.18/tei-epidoc.rng" schematypens="http://relaxng.org/ns/structure/1.0"?>
<TEI xmlns:xi="http://www.w3.org/2001/XInclude" xmlns:svg="http://www.w3.org/2000/svg" xmlns:math="http://www.w3.org/1998/Math/MathML" xmlns="http://www.tei-c.org/ns/1.0">
 <teiHeader>
  <fileDesc>
   <titleStmt>
    <title xml:lang='de'>Grabmal für Merle bat Schmuel Hakohen (Marianne Meyer geb. Samuel), gest. 1837-09-06, Jüdischer Friedhof Altena</title>
    <respStmt xml:lang="de">
     <resp>herausgegeben vom</resp>
     <orgName ref="http://d-nb.info/gnd/212562-6">
      Salomon Ludwig Steinheim-Institut
      <address>
       <addrLine>Edmund-Körner-Platz 2</addrLine>
       <addrLine>D-45127 Essen</addrLine>
      </address>
     </orgName>
    </respStmt>
   </titleStmt>
    <editionStmt>
    <edition/>
   </editionStmt>
   <extent/>
   <publicationStmt>
    <publisher>
     <orgName ref="http://d-nb.info/gnd/212562-6">
      Salomon Ludwig Steinheim-Institut 
      <address>
       <addrLine>Edmund-Körner-Platz 2</addrLine>
       <addrLine>D-45127 Essen</addrLine>
      </address>
     </orgName>
    </publisher>
    <idno>alt-1</idno>
    <idno type="url">http://www.steinheim-institut.de/cgi-bin/epidat?id=alt-1</idno>
    <availability xml:lang="en" status="free">
     <licence>
      <ref target="http://creativecommons.org/licenses/by/4.0/">Distributed under a Creative Commons licence Attribution-BY 4.0</ref>
      <p>
       All reuse or distribution of this work must contain somewhere a link back to the URL 
       <ref>http://www.steinheim-institut.de/cgi-bin/epidat?id=alt-1</ref>
      </p>
     </licence>
    </availability>
   </publicationStmt>
    <notesStmt>
    <note/>
   </notesStmt>
   <sourceDesc>
    <bibl>born digital</bibl>
     <msDesc>
     <msIdentifier/>
     <physDesc>
      <objectDesc>
       <supportDesc>
        <support>
         <p>
          <material>Stein</material>
          Große Stele mit leicht eingezogenem Rundbogenabschluss.
         </p>
        </support>
        <condition>
         <p>
          <date>2012</date>
           Leichte Verwitterungsspuren, leichte Beschädigungen am äußeren Rand.
         </p>
        </condition>
       </supportDesc>
        <layoutDesc>
        <layout/>
       </layoutDesc>
      </objectDesc>
      <handDesc>
       <handNote>Schrift vertieft</handNote>
      </handDesc>
     </physDesc>
     <history>
      <origin>
       <date notBefore='1837-09-06'>1837-09-06</date>
       <country type="ISO_3166" key="XA-DE-NW">
        Germany
        <region>North Rhine-Westphalia</region>
       </country>
       <settlement type='city' key='tgn:7006098'>
        Altena 
        <geogName>
         Jüdischer Friedhof
         <geo decls="#WGS">51.304016 7.671876</geo>
        </geogName>
       </settlement>
      </origin>
     </history>
    </msDesc>
   </sourceDesc>
  </fileDesc>
  <encodingDesc>
   <p>Encoded according to the EpiDoc Guidelines, Schema Version 8.18</p>
   <classDecl>
    <taxonomy>
     <category xml:id='foto2'>
      <catDesc>Nathanja Hüttenmeister</catDesc>
     </category>
     <category xml:id='foto1'>
      <catDesc>Jürgen Wagner, Altena</catDesc>
     </category>
    </taxonomy>
   </classDecl>
   <geoDecl xml:id="WGS" datum="WGS84">World Geodetic System</geoDecl>
  </encodingDesc>
  <profileDesc>
   <particDesc>
    <listPerson>
     <person xml:id="alt-1-1" sex='2'>
      <persName>Merle bat Schmuel Hakohen (Marianne Meyer geb. Samuel)</persName>
       <event when='1837-09-06' type="dateofdeath">
       <desc/>
      </event>
     </person>
    </listPerson>
   </particDesc>
    <langUsage>
    <!-- According to bcp47 http://tools.ietf.org/html/bcp47 (Language) and ISO15924 (writing System)-->
    <language ident='he' usage='100'>Hebrew</language>
   </langUsage>
  </profileDesc>
   <revisionDesc>
   <change/>
  </revisionDesc>
 </teiHeader>
 <facsimile>
  <graphic url='http://steinheim-institut.de/daten/picsalt/xl/0001_alt.png'>
    <desc>
    <ref target='#foto1'/>
    recto
   </desc>
  </graphic>
 </facsimile>
 <text>
  <body>
   <div type='edition'>
    <head>Edition</head>
     <ab>
     <lb n='1'/>
     ‎‏פ״נ‏‎
‏‎     <lb n='2'/>
     ‎‏אשת חיל עטרת בעלה‏‎
‏‎     <lb n='3'/>
     ‎‏מירלה‏‎
‏‎     <lb n='4'/>
     ‎‏בת ר׳ שמואל הכהן ז״ל‏‎
‏‎     <lb n='5'/>
     ‎‏תנצב״ה ס׳‏‎
‏‎     <lb n='6'/>
     ‎‏מלחמה נתנה לעניים‏‎
‏‎     <lb n='7'/>
     ‎‏ידיה שלחה לאביונים‏‎
‏‎     <lb n='8'/>
     ‎‏רדפה שלום רחקה ממריבה‏‎
‏‎     <lb n='9'/>
     ‎‏לבשה יראה לבשה ענוה‏‎
‏‎     <lb n='10'/>
     ‎‏הלכה לפני ה׳ כל הימים ׃‏‎
‏‎     <lb n='11'/>
     ‎‏נפטרה והלכה לעולמה יום ה׳‏‎
‏‎     <lb n='12'/>
     ‎‏ו׳ אלול שנת לא אמות כי אחיה‏‎
‏‎     <lb n='13'/>
     ‎‏בנוה אבי לפ״ק ׃‏‎
‏‎    </ab>
   </div>
   <div type='translation'>
    <head>Übersetzung</head>
     <ab>
     <lb n='1'/>
     Hier ist begraben
     <lb n='2'/>
     ›die tüchtige Gattin, Krone ihres Gatten‹,
     <lb n='3'/>
     Merle,
     <lb n='4'/>
     Tochter des Herrn Schmuel Hakohen, sein Andenken zum Segen
     <lb n='5'/>
     Ihre Seele sei eingebunden in das Bündel des Lebens, S(ela)
     <lb n='6'/>
     Von ihrem Brot gab sie den Armen,
     <lb n='7'/>
     ›ihre Hände streckte sie aus den Bedürftigen‹,
     <lb n='8'/>
     ›sie strebte nach Frieden‹, hielt sich fern von Streit,
     <lb n='9'/>
     ›Ehrfurcht kleidete sie, Demut kleidete sie‹,
     <lb n='10'/>
     sie wandelte vor dem Ewigen alle Tage
     <lb n='11'/>
     <supplied reason='subaudible'>Marianne Meyer geb. Samuel</supplied>
     Sie verschied und ›ging hin in ihre Welt‹ Tag 5,
     <lb n='12'/>
     6. Elul des Jahres "›Ich sterbe nicht, nein ich lebe‹
     <lb n='13'/>
     in der Wohnung meines Vaters" der kleinen Zählung.
    </ab>
   </div>
   <div type="commentary" subtype="Zitate">
    <head>Zitate</head>
    <p>Zl 2: Spr 12,4</p>
    <p>Zl 7: Spr 31,20</p>
    <p>Zl 8: Av 1,12</p>
    <p>Zl 9: Nach Av 6,1</p>
    <p>Zl 11: Koh 12,5</p>
    <p>Zl 12: Ps 118,17</p>
   </div>
   <div type='commentary' subtype='Stilmittel'>
    <head>Stilmittel</head>
    <p>
     <label>Reim</label>
      auf -im in Zln 6-7 und 10, auf -w/va in Zln 8-9.
    </p>
    <p>
     <label>Akrostichon</label>
      in Zeilen 6-10: ‎‏מירלה‏‎ Mirelh
    </p>
   </div>
   <div type="commentary" subtype="Endkommentar">
    <head>Endkommentar</head>
    <p>Das Sterbejahr ist mit einem Chronogramm angegeben, allerdings scheinen alle Buchstaben des Chronogramms markiert zu sein, das ergäbe zusammen den Zahlenwert 608. Doch Marianne Meyer starb 1837, das entspricht dem jüdischen Jahr 597.</p>
   </div>
   <div type="commentary" subtype="Prosopographie">
    <head>Prosopographie</head>
    <p>Marianne Samuel stammte aus Wattenscheid und war in dessen zweiter Ehe verheiratet mit dem Metzger Salomon Meyer. Aus der Ehe gingen acht Kinder hervor: Die 1789 geborene Schönchen heiratete Jacob Schwarz aus Plettenberg. Der 1790 geborene Herz starb 1839. Der 1791 geborene Isaac nannte sich später Rosenbaum und heiratete Gertrud Boeheimer. Die 1796 geborene Henriette Jetta heiratete Meyer Joel Goldberg. Die 1797 geborene Sara heiratete in erster Ehe Ezechiel Moses, in zweiter Ehe Abraham Hanf. Im Jahr 1800 wurde Sprinz geboren und 1803 kamen die Zwillinge Sara und Bela zur Welt, Bela starb jedoch schon im folgenden Jahr.</p>
   </div>
   <div type="bibliography">
    <head>Bibliographie</head>
    <p>to be done ...</p>
   </div>
  </body>
 </text>
</TEI>
