﻿<?xml version="1.0" encoding="UTF-8"?>
<?xml-model href="http://www.stoa.org/epidoc/schema/8.18/tei-epidoc.rng" schematypens="http://relaxng.org/ns/structure/1.0"?>
<TEI xmlns:xi="http://www.w3.org/2001/XInclude" xmlns:svg="http://www.w3.org/2000/svg" xmlns:math="http://www.w3.org/1998/Math/MathML" xmlns="http://www.tei-c.org/ns/1.0">
 <teiHeader>
  <fileDesc>
   <titleStmt>
    <title xml:lang='de'>Grabmal für Rechle bat Awraham ∞ Josef Ber (Regina Bär geb. Mayer(?)), gest. 1881-03-26, Jüdischer Friedhof Bad Münstereifel-Arloff</title>
    <respStmt xml:lang="de">
     <resp>herausgegeben vom</resp>
     <orgName ref="http://d-nb.info/gnd/212562-6">
      Salomon Ludwig Steinheim-Institut
      <address>
       <addrLine>Edmund-Körner-Platz 2</addrLine>
       <addrLine>D-45127 Essen</addrLine>
      </address>
     </orgName>
    </respStmt>
   </titleStmt>
    <editionStmt>
    <edition/>
   </editionStmt>
   <extent/>
   <publicationStmt>
    <publisher>
     <orgName ref="http://d-nb.info/gnd/212562-6">
      Salomon Ludwig Steinheim-Institut 
      <address>
       <addrLine>Edmund-Körner-Platz 2</addrLine>
       <addrLine>D-45127 Essen</addrLine>
      </address>
     </orgName>
    </publisher>
    <idno>arl-1</idno>
    <idno type="url">http://www.steinheim-institut.de/cgi-bin/epidat?id=arl-1</idno>
    <availability xml:lang="en" status="free">
     <licence>
      <ref target="http://creativecommons.org/licenses/by/4.0/">Distributed under a Creative Commons licence Attribution-BY 4.0</ref>
      <p>
       All reuse or distribution of this work must contain somewhere a link back to the URL 
       <ref>http://www.steinheim-institut.de/cgi-bin/epidat?id=arl-1</ref>
      </p>
     </licence>
    </availability>
   </publicationStmt>
    <notesStmt>
    <note/>
   </notesStmt>
   <sourceDesc>
    <bibl>born digital</bibl>
     <msDesc>
     <msIdentifier/>
     <physDesc>
      <objectDesc>
       <supportDesc>
        <support>
         <p>
          <material>Stein</material>
          <dimensions>
           <dim>H: 115 B: 55 T: 17</dim>
          </dimensions>
         </p>
        </support>
        <condition>
         <p>
           Beschädigung schwer 
          <damage agent='Verwitterung'>Verwitterung stark</damage>
         </p>
        </condition>
       </supportDesc>
        <layoutDesc>
        <layout/>
       </layoutDesc>
      </objectDesc>
     </physDesc>
     <history>
      <origin>
       <date notBefore='1881-03-26'>1881-03-26</date>
       <country type="ISO_3166" key="XA-DE-NW">
        Germany
        <region>North Rhine-Westphalia</region>
       </country>
       <settlement type='city' key='tgn:7012589'>
        Bad Münstereifel-Arloff 
        <geogName>
         Jüdischer Friedhof
         <geo decls="#WGS">50.59517 6.800081</geo>
        </geogName>
       </settlement>
      </origin>
     </history>
    </msDesc>
   </sourceDesc>
  </fileDesc>
  <encodingDesc>
   <p>Encoded according to the EpiDoc Guidelines, Schema Version 8.18</p>
   <classDecl>
    <taxonomy>
     <category xml:id='foto1'>
      <catDesc>
       <persName ref='http://d-nb.info/gnd/128472499' role='photographer'>Bert Sommer</persName>
      </catDesc>
     </category>
    </taxonomy>
   </classDecl>
   <geoDecl xml:id="WGS" datum="WGS84">World Geodetic System</geoDecl>
  </encodingDesc>
  <profileDesc>
   <particDesc>
    <listPerson>
     <person xml:id="arl-1-1" sex='2'>
      <persName>Rechle bat Awraham ∞ Josef Ber (Regina Bär geb. Mayer(?))</persName>
       <event when='1881-03-26' type="dateofdeath">
       <desc/>
      </event>
     </person>
    </listPerson>
   </particDesc>
    <langUsage>
    <!-- According to bcp47 http://tools.ietf.org/html/bcp47 (Language) and ISO15924 (writing System)-->
    <language ident='he' usage='66'>Hebrew</language>
    <language ident='de' usage='33'>German</language>
   </langUsage>
  </profileDesc>
   <revisionDesc>
   <change/>
  </revisionDesc>
 </teiHeader>
 <facsimile>
  <graphic url='http://steinheim-institut.de/daten/picsarl/xl/0001_ARL_080731EPS1124hb.png'>
    <desc>
    <ref target='#foto1'/>
    recto
   </desc>
  </graphic>
  <graphic url='http://steinheim-institut.de/daten/picsarl/xl/0001dARL_080731EPS1125qb.png'>
    <desc>
    <ref target='#foto1'/>
    Detail
   </desc>
  </graphic>
  <graphic url='http://steinheim-institut.de/daten/picsarl/xl/0001dARL_080731EPS1127qb.png'>
    <desc>
    <ref target='#foto1'/>
    Detail
   </desc>
  </graphic>
 </facsimile>
 <text>
  <body>
   <div type='edition'>
    <head>Edition</head>
     <ab>
     <lb n='1'/>
     ‎‏פ״נ‏‎
‏‎     <lb n='2'/>
     ‎‏אשת חיל תפארת בעלה ובניה‏‎
‏‎     <lb n='3'/>
     ‎‏תמימה ישרה ... במעשיה‏‎
‏‎     <lb n='4'/>
     ‎‏לעני ולאביון פרשה כפיה‏‎
‏‎     <lb n='5'/>
     ‎‏לגמול חסד ואמת כל ימיה‏‎
‏‎     <lb n='6'/>
     ‎‏ה״ה מרת רעכלה בת אברהם‏‎
‏‎     <lb n='7'/>
     ‎‏אשת יוסף(?) בער ... ושיבה‏‎
‏‎     <lb n='8'/>
     ‎‏... ‎‏ביום ש״ק כ״ה ואדר‏‎
‏‎     <lb n='9'/>
     ‎‏תרמ״א לפ״ק‏‎
‏‎     <lb n='10'/>
     ‎‏תנצב״ה‏‎
‏‎     <lb n='11'/>
     Hier ruht
     <lb n='12'/>
     unsere unvergessliche Mutter
     <lb n='13'/>
     Regina Bär geb. Mayer(?)
     <lb n='14'/>
     gest. 25. März ...
     <lb n='15'/>
     im 59(?() Lebensjahre
     <lb n='16'/>
     Friede ihre Asche!
    </ab>
   </div>
   <div type='translation'>
    <head>Übersetzung</head>
     <ab>
     <lb n='1'/>
     Hier ist begraben
     <lb n='2'/>
     ›die tüchtige Gattin‹ , Zierde ihres Gatten und ihrer Kinder,
     <lb n='3'/>
     lauter aufrecht ... in ihren Taten,
     <lb n='4'/>
     ›dem Armen und dem Bedürftigen öffnete sie ihre Hände‹ ,
     <lb n='5'/>
     ›um wahrhaftiges Liebeswerk zu erweisen all ihre Tage‹ ,
     <lb n='6'/>
     es ist Frau Rechle, Tochter des Awraham,
     <lb n='7'/>
     Gattin des Josef Ber ... Greisenalter
     <lb n='8'/>
     ... am Tage des heiligen Schabbat, 25. Ve-Adar
     <lb n='9'/>
     641 der kleinen Zählung.
     <lb n='10'/>
     Ihre Seele sei eingebunden in das Bündel des Lebens
    </ab>
   </div>
   <div type="commentary" subtype="Zitate">
    <head>Zitate</head>
    <p>Zl 2: Spr 31,10</p>
    <p>Zl 4: Spr 21,20</p>
    <p>Zl 5: Vgl. Gen 24,49 u. ARN 4.</p>
   </div>
   <div type="commentary" subtype="Prosopographie">
    <head>Prosopographie</head>
   </div>
   <div type="bibliography">
    <head>Bibliographie</head>
    <p>to be done ...</p>
   </div>
  </body>
 </text>
</TEI>
