﻿<?xml version="1.0" encoding="UTF-8"?>
<?xml-model href="http://www.stoa.org/epidoc/schema/8.18/tei-epidoc.rng" schematypens="http://relaxng.org/ns/structure/1.0"?>
<TEI xmlns:xi="http://www.w3.org/2001/XInclude" xmlns:svg="http://www.w3.org/2000/svg" xmlns:math="http://www.w3.org/1998/Math/MathML" xmlns="http://www.tei-c.org/ns/1.0">
 <teiHeader>
  <fileDesc>
   <titleStmt>
    <title xml:lang='de'>Grabmal für Jizchak ben Awraham Hakohen (Isac Kahn), gest. 1890-01-27, Jüdischer Friedhof Bad Münstereifel-Arloff</title>
    <respStmt xml:lang="de">
     <resp>herausgegeben vom</resp>
     <orgName ref="http://d-nb.info/gnd/212562-6">
      Salomon Ludwig Steinheim-Institut
      <address>
       <addrLine>Edmund-Körner-Platz 2</addrLine>
       <addrLine>D-45127 Essen</addrLine>
      </address>
     </orgName>
    </respStmt>
   </titleStmt>
    <editionStmt>
    <edition/>
   </editionStmt>
   <extent/>
   <publicationStmt>
    <publisher>
     <orgName ref="http://d-nb.info/gnd/212562-6">
      Salomon Ludwig Steinheim-Institut 
      <address>
       <addrLine>Edmund-Körner-Platz 2</addrLine>
       <addrLine>D-45127 Essen</addrLine>
      </address>
     </orgName>
    </publisher>
    <idno>arl-4</idno>
    <idno type="url">http://www.steinheim-institut.de/cgi-bin/epidat?id=arl-4</idno>
    <availability xml:lang="en" status="free">
     <licence>
      <ref target="http://creativecommons.org/licenses/by/4.0/">Distributed under a Creative Commons licence Attribution-BY 4.0</ref>
      <p>
       All reuse or distribution of this work must contain somewhere a link back to the URL 
       <ref>http://www.steinheim-institut.de/cgi-bin/epidat?id=arl-4</ref>
      </p>
     </licence>
    </availability>
   </publicationStmt>
    <notesStmt>
    <note/>
   </notesStmt>
   <sourceDesc>
    <bibl>born digital</bibl>
     <msDesc>
     <msIdentifier/>
     <physDesc>
      <objectDesc>
       <supportDesc>
        <support>
         <p>
          <material>Stein</material>
          <dimensions>
           <dim>H: 92 B: 50 T: 12</dim>
          </dimensions>
         </p>
        </support>
       </supportDesc>
        <layoutDesc>
        <layout/>
       </layoutDesc>
      </objectDesc>
      <decoDesc>
       <decoNote type='symbol'>Priesterhände</decoNote>
      </decoDesc>
     </physDesc>
     <history>
      <origin>
       <date notBefore='1890-01-27'>1890-01-27</date>
       <country type="ISO_3166" key="XA-DE-NW">
        Germany
        <region>North Rhine-Westphalia</region>
       </country>
       <settlement type='city' key='tgn:7012589'>
        Bad Münstereifel-Arloff 
        <geogName>
         Jüdischer Friedhof
         <geo decls="#WGS">50.59517 6.800081</geo>
        </geogName>
       </settlement>
      </origin>
     </history>
    </msDesc>
   </sourceDesc>
  </fileDesc>
  <encodingDesc>
   <p>Encoded according to the EpiDoc Guidelines, Schema Version 8.18</p>
   <classDecl>
    <taxonomy>
     <category xml:id='foto1'>
      <catDesc>
       <persName ref='http://d-nb.info/gnd/128472499' role='photographer'>Bert Sommer</persName>
      </catDesc>
     </category>
    </taxonomy>
   </classDecl>
   <geoDecl xml:id="WGS" datum="WGS84">World Geodetic System</geoDecl>
  </encodingDesc>
  <profileDesc>
   <particDesc>
    <listPerson>
     <person xml:id="arl-4-1" sex='1'>
      <persName>Jizchak ben Awraham Hakohen (Isac Kahn)</persName>
       <event when='1890-01-27' type="dateofdeath">
       <desc/>
      </event>
     </person>
    </listPerson>
   </particDesc>
    <langUsage>
    <!-- According to bcp47 http://tools.ietf.org/html/bcp47 (Language) and ISO15924 (writing System)-->
    <language ident='he' usage='78'>Hebrew</language>
    <language ident='de' usage='21'>German</language>
   </langUsage>
  </profileDesc>
   <revisionDesc>
   <change/>
  </revisionDesc>
 </teiHeader>
 <facsimile>
  <graphic url='http://steinheim-institut.de/daten/picsarl/xl/0004_ARL_080731EPS1121hb.png'>
    <desc>
    <ref target='#foto1'/>
    recto
   </desc>
  </graphic>
 </facsimile>
 <text>
  <body>
   <div type='edition'>
    <head>Edition</head>
     <ab>
     <lb n='1'/>
     ‎‏פ״ט‏‎
‏‎     <lb n='2'/>
     ‎‏איש עניו בכל עניניו‏‎
‏‎     <lb n='3'/>
     ‎‏צדיק בכל דרכיו‏‎
‏‎     <lb n='4'/>
     ‎‏וחסיד בכל מעשיו‏‎
‏‎     <lb n='5'/>
     ‎‏ה״ה יצחק בר אברהם הכהן‏‎
‏‎     <lb n='6'/>
     ‎‏נפטר ביום ב׳ ו׳ שבט‏‎
‏‎     <lb n='7'/>
     ‎‏ונקבר ביום ג׳ ז׳ שבט‏‎
‏‎     <lb n='8'/>
     ‎‏תר״נ ׃ לפ״ק ׃‏‎
‏‎     <lb n='9'/>
     ‎‏׃ תנצב״ה ׃‏‎
‏‎     <lb n='10'/>
     Isac Kahn
     <lb n='11'/>
     geb. 16/8 1814, gest. 27/1 1890.
    </ab>
   </div>
   <div type='translation'>
    <head>Übersetzung</head>
     <ab>
     <lb n='1'/>
     Hier ist geborgen
     <lb n='2'/>
     ein Mann, demutsvoll in all seinen Belangen,
     <lb n='3'/>
     ›gerecht in all seinen Wegen‹ ,
     <lb n='4'/>
     ›und fromm in all seinen Taten‹ ,
     <lb n='5'/>
     es ist Jizchak, Sohn des Awraham Hakohen,
     <lb n='6'/>
     verschieden am Tag 2, 6. Schwat
     <lb n='7'/>
     und begraben am Tag 3, 7. Schwat
     <lb n='8'/>
     650 der kleinen Zählung. 
     <lb n='9'/>
     Seine Seele sei eingebunden in das Bündel des Lebens
    </ab>
   </div>
   <div type="commentary" subtype="Zitate">
    <head>Zitate</head>
    <p>Zl 3: Ps 145,17</p>
    <p>Zl 4: Ps 145,17</p>
   </div>
   <div type="commentary" subtype="Prosopographie">
    <head>Prosopographie</head>
   </div>
   <div type="bibliography">
    <head>Bibliographie</head>
    <p>to be done ...</p>
   </div>
  </body>
 </text>
</TEI>
