﻿<?xml version="1.0" encoding="UTF-8"?>
<?xml-model href="http://www.stoa.org/epidoc/schema/8.18/tei-epidoc.rng" schematypens="http://relaxng.org/ns/structure/1.0"?>
<TEI xmlns:xi="http://www.w3.org/2001/XInclude" xmlns:svg="http://www.w3.org/2000/svg" xmlns:math="http://www.w3.org/1998/Math/MathML" xmlns="http://www.tei-c.org/ns/1.0">
 <teiHeader>
  <fileDesc>
   <titleStmt>
    <title xml:lang='de'>Grabmal für Juspa [Josef] ben Michael (Joseph Sulzbacher), gest. 1787-07-11, Jüdischer Friedhof Bayreuth</title>
    <respStmt xml:lang="de">
     <resp>herausgegeben vom</resp>
     <orgName ref="http://d-nb.info/gnd/212562-6">
      Salomon Ludwig Steinheim-Institut
      <address>
       <addrLine>Edmund-Körner-Platz 2</addrLine>
       <addrLine>D-45127 Essen</addrLine>
      </address>
     </orgName>
    </respStmt>
   </titleStmt>
    <editionStmt>
    <edition/>
   </editionStmt>
   <extent/>
   <publicationStmt>
    <publisher>
     <orgName ref="http://d-nb.info/gnd/212562-6">
      Salomon Ludwig Steinheim-Institut 
      <address>
       <addrLine>Edmund-Körner-Platz 2</addrLine>
       <addrLine>D-45127 Essen</addrLine>
      </address>
     </orgName>
    </publisher>
    <idno>bay-364</idno>
    <idno type="url">http://www.steinheim-institut.de/cgi-bin/epidat?id=bay-364</idno>
    <availability xml:lang="en" status="free">
     <licence>
      <ref target="http://creativecommons.org/licenses/by/4.0/">Distributed under a Creative Commons licence Attribution-BY 4.0</ref>
      <p>
       All reuse or distribution of this work must contain somewhere a link back to the URL 
       <ref>http://www.steinheim-institut.de/cgi-bin/epidat?id=bay-364</ref>
      </p>
     </licence>
    </availability>
   </publicationStmt>
    <notesStmt>
    <note/>
   </notesStmt>
   <sourceDesc>
    <bibl>born digital</bibl>
     <msDesc>
     <msIdentifier/>
     <physDesc>
      <objectDesc>
       <supportDesc>
        <support>
         <p>
          <material>Stein</material>
         </p>
        </support>
        <condition>
         <p>
           Beschädigung schwer. Das Grabmal weist in der Oberkante drei Vertiefungen auf, vermutlich fehlt ein (metallener?) Aufsatz. 
          <damage agent='Verwitterung'>Verwitterung stark</damage>
         </p>
        </condition>
       </supportDesc>
        <layoutDesc>
        <layout/>
       </layoutDesc>
      </objectDesc>
     </physDesc>
     <history>
      <origin>
       <date notBefore='1787-07-11'>1787-07-11</date>
       <country type="ISO_3166" key="XA-DE-BY">
        Germany
        <region>Bavaria</region>
       </country>
       <settlement type='city' key='tgn:7004326'>
        Bayreuth 
        <geogName>
         Jüdischer Friedhof
         <geo decls="#WGS">49.934064 11.594224</geo>
        </geogName>
       </settlement>
      </origin>
     </history>
    </msDesc>
   </sourceDesc>
  </fileDesc>
  <encodingDesc>
   <p>Encoded according to the EpiDoc Guidelines, Schema Version 8.18</p>
   <classDecl>
    <taxonomy>
     <category xml:id='foto1'>
      <catDesc>
       <persName ref='http://d-nb.info/gnd/128472499' role='photographer'>Bert Sommer</persName>
      </catDesc>
     </category>
     <category xml:id='foto2'>
      <catDesc>Nathanja Hüttenmeister</catDesc>
     </category>
    </taxonomy>
   </classDecl>
   <geoDecl xml:id="WGS" datum="WGS84">World Geodetic System</geoDecl>
  </encodingDesc>
  <profileDesc>
   <particDesc>
    <listPerson>
     <person xml:id="bay-364-1" sex='1'>
      <persName>Juspa [Josef] ben Michael (Joseph Sulzbacher)</persName>
       <event when='1787-07-11' type="dateofdeath">
       <desc/>
      </event>
     </person>
    </listPerson>
   </particDesc>
    <langUsage>
    <!-- According to bcp47 http://tools.ietf.org/html/bcp47 (Language) and ISO15924 (writing System)-->
    <language ident='he' usage='100'>Hebrew</language>
    <language ident='de' usage=''>German</language>
   </langUsage>
  </profileDesc>
   <revisionDesc>
   <change/>
  </revisionDesc>
 </teiHeader>
 <facsimile>
  <graphic url='http://steinheim-institut.de/daten/picsbay/xl/0364_BTh_090520L1000745hb.png'>
    <desc>
    <ref target='#foto1'/>
    <date when='2009-05-20'/>
    recto
   </desc>
  </graphic>
 </facsimile>
 <text>
  <body>
   <div type='edition'>
    <head>Edition</head>
     <ab>
     <lb n='1'/>
     ‎‏פ״ט‏‎
‏‎     <lb n='2'/>
     ‎‏...[‎‏יוזפא] בר מיכאל‏‎
‏‎     <lb n='3'/>
     ‎‏יוסף ... ישרה‏‎
‏‎     <lb n='4'/>
     ‎‏ע.ה ... לקח אותו‏‎
‏‎     <lb n='5'/>
     ‎‏אלקי׳ ...ן בדרי‏‎
‏‎     <lb n='6'/>
     ‎‏קמי ... יום [ד׳] כ״ה תמוז‏‎
‏‎     <lb n='7'/>
     ‎‏תקמ״ז לפ״ק‏‎
‏‎     <lb n='8'/>
     [---]
    </ab>
   </div>
   <div type='translation'>
    <head>Übersetzung</head>
     <ab>
     <lb n='1'/>
     Hier ist geborgen
     <lb n='2'/>
     ... Juspa 
     <supplied reason='subaudible'>Josef</supplied>
     , Sohn des Michael,
     <lb n='3'/>
     Josef ... aufrecht
     <lb n='4'/>
     ... es nahm ihn
     <lb n='5'/>
     der Ewige ... ›in der ersten
     <lb n='6'/>
     Reihe‹ ... Tag 4, 25. Tammus
     <lb n='7'/>
     <supplied reason='subaudible'>Joseph Sulzbacher</supplied>
     547 der kleinen Zählung.
     <lb n='8'/>
     [---]
    </ab>
   </div>
   <div type="commentary" subtype="Zitate">
    <head>Zitate</head>
    <p>Zl 5f: bSuk 45b, bKid 36b u.ö.</p>
   </div>
   <div type="commentary" subtype="Zeilenkommentar">
    <head>Zeilenkommentar</head>
    <p>Zln 5/6: Aramäisch; gemeint sind die Reihen der ganz Frommen, die vor dem Ewigen weilen. Hier jedoch spielt das Zitat auch darauf an, dass mit dieser Beisetzung, der zweiten auf diesem Friedhof nach einem Kindergrabstein, die Bestattungen auf dem Hauptfeld des Friedhofs aufgenommen wurden.</p>
   </div>
   <div type="commentary" subtype="Prosopographie">
    <head>Prosopographie</head>
    <p>Der Junggeselle Josef Juspa, Sohn des Michael ‎‏ז״ב‏‎ (Sulzbacher) und der Breinle, starb im Alter von 24 Jahren und war laut altem hebräischen Begräbnisregister der erste, der auf diesem Friedhof beigesetzt wurde, "nahe der Mauer auf dem nordwestlichen Feld". Später wurden seine Eltern rechts und links von ihm begraben.</p>
   </div>
   <div type="bibliography">
    <head>Bibliographie</head>
    <p>to be done ...</p>
   </div>
  </body>
 </text>
</TEI>
