﻿<?xml version="1.0" encoding="UTF-8"?>
<?xml-model href="http://www.stoa.org/epidoc/schema/8.18/tei-epidoc.rng" schematypens="http://relaxng.org/ns/structure/1.0"?>
<TEI xmlns:xi="http://www.w3.org/2001/XInclude" xmlns:svg="http://www.w3.org/2000/svg" xmlns:math="http://www.w3.org/1998/Math/MathML" xmlns="http://www.tei-c.org/ns/1.0">
 <teiHeader>
  <fileDesc>
   <titleStmt>
    <title xml:lang='de'>Grabmal für Telze bat Mordechai Tachauer SeGaL (Telze Tachauer), gest. 1787-04-04, Jüdischer Friedhof Bayreuth</title>
    <respStmt xml:lang="de">
     <resp>herausgegeben vom</resp>
     <orgName ref="http://d-nb.info/gnd/212562-6">
      Salomon Ludwig Steinheim-Institut
      <address>
       <addrLine>Edmund-Körner-Platz 2</addrLine>
       <addrLine>D-45127 Essen</addrLine>
      </address>
     </orgName>
    </respStmt>
   </titleStmt>
    <editionStmt>
    <edition/>
   </editionStmt>
   <extent/>
   <publicationStmt>
    <publisher>
     <orgName ref="http://d-nb.info/gnd/212562-6">
      Salomon Ludwig Steinheim-Institut 
      <address>
       <addrLine>Edmund-Körner-Platz 2</addrLine>
       <addrLine>D-45127 Essen</addrLine>
      </address>
     </orgName>
    </publisher>
    <idno>bay-1</idno>
    <idno type="url">http://www.steinheim-institut.de/cgi-bin/epidat?id=bay-1</idno>
    <availability xml:lang="en" status="free">
     <licence>
      <ref target="http://creativecommons.org/licenses/by/4.0/">Distributed under a Creative Commons licence Attribution-BY 4.0</ref>
      <p>
       All reuse or distribution of this work must contain somewhere a link back to the URL 
       <ref>http://www.steinheim-institut.de/cgi-bin/epidat?id=bay-1</ref>
      </p>
     </licence>
    </availability>
   </publicationStmt>
    <notesStmt>
    <note/>
   </notesStmt>
   <sourceDesc>
    <bibl>born digital</bibl>
     <msDesc>
     <msIdentifier/>
     <physDesc>
      <objectDesc>
       <supportDesc>
        <support>
         <p>
          <material>Stein</material>
         </p>
        </support>
        <condition>
         <p>Das Grabmal weist in der Oberkante eine Vertiefung auf, vermutlich fehlt ein (metallener?) Aufsatz.</p>
        </condition>
       </supportDesc>
        <layoutDesc>
        <layout/>
       </layoutDesc>
      </objectDesc>
     </physDesc>
     <history>
      <origin>
       <date notBefore='1787-04-04'>1787-04-04</date>
       <country type="ISO_3166" key="XA-DE-BY">
        Germany
        <region>Bavaria</region>
       </country>
       <settlement type='city' key='tgn:7004326'>
        Bayreuth 
        <geogName>
         Jüdischer Friedhof
         <geo decls="#WGS">49.934064 11.594224</geo>
        </geogName>
       </settlement>
      </origin>
     </history>
    </msDesc>
   </sourceDesc>
  </fileDesc>
  <encodingDesc>
   <p>Encoded according to the EpiDoc Guidelines, Schema Version 8.18</p>
   <classDecl>
    <taxonomy>
     <category xml:id='foto1'>
      <catDesc>
       <persName ref='http://d-nb.info/gnd/128472499' role='photographer'>Bert Sommer</persName>
      </catDesc>
     </category>
     <category xml:id='foto2'>
      <catDesc>Nathanja Hüttenmeister</catDesc>
     </category>
    </taxonomy>
   </classDecl>
   <geoDecl xml:id="WGS" datum="WGS84">World Geodetic System</geoDecl>
  </encodingDesc>
  <profileDesc>
   <particDesc>
    <listPerson>
     <person xml:id="bay-1-1" sex='2'>
      <persName>Telze bat Mordechai Tachauer SeGaL (Telze Tachauer)</persName>
       <event when='1787-04-04' type="dateofdeath">
       <desc/>
      </event>
     </person>
    </listPerson>
   </particDesc>
    <langUsage>
    <!-- According to bcp47 http://tools.ietf.org/html/bcp47 (Language) and ISO15924 (writing System)-->
    <language ident='he' usage='100'>Hebrew</language>
   </langUsage>
  </profileDesc>
   <revisionDesc>
   <change/>
  </revisionDesc>
 </teiHeader>
 <facsimile>
  <graphic url='http://steinheim-institut.de/daten/picsbay/xl/0001_BTh_090522L1001362hb.png'>
    <desc>
    <ref target='#foto1'/>
    <date when='2009-05-22'/>
    recto
   </desc>
  </graphic>
 </facsimile>
 <text>
  <body>
   <div type='edition'>
    <head>Edition</head>
     <ab>
     <lb n='1'/>
     ‎‏אבן‏‎
‏‎     <lb n='2'/>
     ‎‏פינה‏‎
‏‎     <lb n='3'/>
     ‎‏מצבה ראשונה ׃ ילד‏‎
‏‎     <lb n='4'/>
     ‎‏שעשועי׳ ׃ בת רביעית‏‎
‏‎     <lb n='5'/>
     ‎‏שנה ׃ פה גנוזה וטמונה ׃‏‎
‏‎     <lb n='6'/>
     ‎‏טאלצי בת כ״ה מרדכי‏‎
‏‎     <lb n='7'/>
     ‎‏טאכי סג״ל‏‎
‏‎     <lb n='8'/>
     ‎‏נפטר ונ׳ ביום שני דפסח‏‎
‏‎     <lb n='9'/>
     ‎‏תקמ״ז לפ״ק‏‎
‏‎     <lb n='10'/>
     ‎‏תנצב״ה‏‎
‏‎    </ab>
   </div>
   <div type='translation'>
    <head>Übersetzung</head>
     <ab>
     <lb n='1'/>
     Eck-
     <lb n='2'/>
     stein,
     <lb n='3'/>
     erste Stele, ›ein Kind
     <lb n='4'/>
     der Liebkosungen‹, vierjährig.
     <lb n='5'/>
     Hier ist verwahrt und geborgen
     <lb n='6'/>
     Telze, Tochter des geehrten Herrn Mordechai
     <lb n='7'/>
     Tachauer SeGaL,
     <lb n='8'/>
     verschieden und begraben am zweiten Tag von Pessach
     <lb n='9'/>
     547 der kleinen Zählung.
     <lb n='10'/>
     <supplied reason='subaudible'>Telze Tachauer</supplied>
     Ihre Seele sei eingebunden in das Bündel des Lebens
    </ab>
   </div>
   <div type="commentary" subtype="Zitate">
    <head>Zitate</head>
    <p>Zl 3f: Jer 31,19</p>
   </div>
   <div type="commentary" subtype="Zeilenkommentar">
    <head>Zeilenkommentar</head>
    <p>Zl 7: Tachauer, etwa "tachi" geschrieben.</p>
   </div>
   <div type="commentary" subtype="Endkommentar">
    <head>Endkommentar</head>
    <p>
     Das Grabmal wurde vermutlich restauriert: 1840 wurden dem Gemeindediener und Steinhauer Leser Löwenstein (Grabstein Nr. 
     <ref target="http://steinheim-institut.de/cgi-bin/epidat?id=bay-0441-t">bay-0441</ref>
     ) "für Renovierung und Untersatz des ältesten Grabsteins" vier Gulden aus der Begräbniskasse ausgezahlt. (CAHJP D/Ba 28/222).
    </p>
   </div>
   <div type="commentary" subtype="Prosopographie">
    <head>Prosopographie</head>
    <p>Telze war eine Tochter des hiesigen Handelsmanns Marx Tachauer (Dachauer) aus dessen ersten Ehe mit der 1797 im Kindbett gestorbenen Kreinle. Sie war die erste, die auf diesem Friedhof beigesetzt wurde. Im alten hebräischen Begräbnisregister, das erst mit Juli 1787 einsetzt, ist sie noch nicht verzeichnet.</p>
   </div>
   <div type="bibliography">
    <head>Bibliographie</head>
    <p>to be done ...</p>
   </div>
  </body>
 </text>
</TEI>
