﻿<?xml version="1.0" encoding="UTF-8"?>
<?xml-model href="http://www.stoa.org/epidoc/schema/8.18/tei-epidoc.rng" schematypens="http://relaxng.org/ns/structure/1.0"?>
<TEI xmlns:xi="http://www.w3.org/2001/XInclude" xmlns:svg="http://www.w3.org/2000/svg" xmlns:math="http://www.w3.org/1998/Math/MathML" xmlns="http://www.tei-c.org/ns/1.0">
 <teiHeader>
  <fileDesc>
   <titleStmt>
    <title xml:lang='de'>Grabmal für ... bat Jehuda ∞ ..., gest. 1754, Jüdischer Friedhof Beelitz</title>
    <respStmt xml:lang="de">
     <resp>herausgegeben vom</resp>
     <orgName ref="http://d-nb.info/gnd/212562-6">
      Salomon Ludwig Steinheim-Institut
      <address>
       <addrLine>Edmund-Körner-Platz 2</addrLine>
       <addrLine>D-45127 Essen</addrLine>
      </address>
     </orgName>
    </respStmt>
   </titleStmt>
    <editionStmt>
    <edition/>
   </editionStmt>
   <extent/>
   <publicationStmt>
    <publisher>
     <orgName ref="http://d-nb.info/gnd/212562-6">
      Salomon Ludwig Steinheim-Institut 
      <address>
       <addrLine>Edmund-Körner-Platz 2</addrLine>
       <addrLine>D-45127 Essen</addrLine>
      </address>
     </orgName>
    </publisher>
    <idno>bee-7</idno>
    <idno type="url">http://www.steinheim-institut.de/cgi-bin/epidat?id=bee-7</idno>
    <availability xml:lang="en" status="free">
     <licence>
      <ref target="http://creativecommons.org/licenses/by/4.0/">Distributed under a Creative Commons licence Attribution-BY 4.0</ref>
      <p>
       All reuse or distribution of this work must contain somewhere a link back to the URL 
       <ref>http://www.steinheim-institut.de/cgi-bin/epidat?id=bee-7</ref>
      </p>
     </licence>
    </availability>
   </publicationStmt>
    <notesStmt>
    <note/>
   </notesStmt>
   <sourceDesc>
    <bibl>born digital</bibl>
     <msDesc>
     <msIdentifier/>
     <physDesc>
      <objectDesc>
       <supportDesc>
        <support>
         <p>
          <material>Sandstein</material>
          <dimensions>
           <dim>124 x 59,5 x 15 cm</dim>
          </dimensions>
          Schmalhohe Stele mit geschweiftem und eingezogenen Flachbogenabschluss und vertieftem Schriftfeld mit profiliertem Rahmen.
         </p>
        </support>
        <condition>
         <p>
           
          <damage agent='Verwitterung'>1990: Verwitterung schwer, insbesondere im unteren Teil des Grabsteins.</damage>
         </p>
        </condition>
       </supportDesc>
        <layoutDesc>
        <layout/>
       </layoutDesc>
      </objectDesc>
     </physDesc>
     <history>
      <origin>
       <date notBefore='1754'>1754</date>
       <country type="ISO_3166" key="XA-DE-BB">
        Germany
        <region>Brandenburg</region>
       </country>
       <settlement type='city' key='tgn:1036422'>
        Beelitz 
        <geogName>
         Jüdischer Friedhof
         <geo decls="#WGS">52.236477 12.97412</geo>
        </geogName>
       </settlement>
      </origin>
     </history>
    </msDesc>
   </sourceDesc>
  </fileDesc>
  <encodingDesc>
   <p>Encoded according to the EpiDoc Guidelines, Schema Version 8.18</p>
   <classDecl>
    <taxonomy>
     <category xml:id='foto1'>
      <catDesc>Georg Philipp Ilg</catDesc>
     </category>
    </taxonomy>
   </classDecl>
   <geoDecl xml:id="WGS" datum="WGS84">World Geodetic System</geoDecl>
  </encodingDesc>
  <profileDesc>
   <particDesc>
    <listPerson>
     <person xml:id="bee-7-1" sex='2'>
      <persName>... bat Jehuda ∞ ...</persName>
       <event when='1754' type="dateofdeath">
       <desc/>
      </event>
     </person>
    </listPerson>
   </particDesc>
    <langUsage>
    <!-- According to bcp47 http://tools.ietf.org/html/bcp47 (Language) and ISO15924 (writing System)-->
    <language ident='he' usage='97'>Hebrew</language>
    <language ident='de' usage='2'>German</language>
   </langUsage>
  </profileDesc>
   <revisionDesc>
   <change/>
  </revisionDesc>
 </teiHeader>
 <facsimile>
  <graphic url='http://steinheim-institut.de/daten/picsbee/xl/0007_bee_1990.png'>
    <desc>
    <ref target='#foto1'/>
    recto
   </desc>
  </graphic>
 </facsimile>
 <text>
  <body>
   <div type='edition'>
    <head>Edition</head>
     <ab>
     <lb n='1'/>
     ‎‏פה‏‎
‏‎     <lb n='2'/>
     ‎‏טמונה וצפונה ׃ חשובה‏‎
‏‎     <lb n='3'/>
     ‎‏והגונה ׃ אשה אין דמיונה ׃‏‎
‏‎     <lb n='4'/>
     ‎‏בצדקה ואמונה ׃ היתה לראש‏‎
‏‎     <lb n='5'/>
     ‎‏פנה ׃ תנוח נשמתה בגן עדנה ׃‏‎
‏‎     <lb n='6'/>
     ‎‏[...] ‎‏האשה הצנועה‏‎
‏‎     <lb n='7'/>
     ‎‏והיקרה ׃ היתה לבעלה עטרת‏‎
‏‎     <lb n='8'/>
     ‎‏[...] ‎‏ר׳ יהודא‏‎
‏‎     <lb n='9'/>
     ‎‏אשת [...] שיטרבק?‏‎
‏‎     <lb n='10'/>
     ‎‏[...] ‎‏ונקברת‏‎
‏‎     <lb n='11'/>
     ‎‏[...] ‎‏תקט״ו‏‎ [...]‏‎
‏‎     <lb n='12'/>
     ‎‏[...]‏‎
    </ab>
   </div>
   <div type='translation'>
    <head>Übersetzung</head>
     <ab>
     <lb n='1'/>
     Hier ist geborgen
     <lb n='2'/>
     und verwahrt die Angesehene
     <lb n='3'/>
     und Würdige, eine Frau, es gibt nicht ihresgleichen
     <lb n='4'/>
     an Wohltätigkeit und Treuen, ›sie ward zum
     <lb n='5'/>
     Eckstein‹, es ruhe ihre Seele in ihrem Garten Eden,
     <lb n='6'/>
     ... die züchtige Frau
     <lb n='7'/>
     und die teure, sie war ›ihrem Gatten eine Krone‹,
     <lb n='8'/>
     ..., (Tochter des) Herrn Jehuda,
     <lb n='9'/>
     Gattin des ...,
     <lb n='10'/>
     ... und begraben
     <lb n='11'/>
     ... 515 ...
     <lb n='12'/>
     ...
    </ab>
   </div>
   <div type="commentary" subtype="Zitate">
    <head>Zitate</head>
    <p>Zl 4f: Ps 118,22</p>
    <p>Zl 7: Spr 12,4</p>
   </div>
   <div type='commentary' subtype='Stilmittel'>
    <head>Stilmittel</head>
    <p>
     <label>Reim</label>
      auf -a in Zln 1-8.
    </p>
   </div>
   <div type="commentary" subtype="Prosopographie">
    <head>Prosopographie</head>
   </div>
   <div type="bibliography">
    <head>Bibliographie</head>
    <p>to be done ...</p>
   </div>
  </body>
 </text>
</TEI>
