﻿<?xml version="1.0" encoding="UTF-8"?>
<?xml-model href="http://www.stoa.org/epidoc/schema/8.18/tei-epidoc.rng" schematypens="http://relaxng.org/ns/structure/1.0"?>
<TEI xmlns:xi="http://www.w3.org/2001/XInclude" xmlns:svg="http://www.w3.org/2000/svg" xmlns:math="http://www.w3.org/1998/Math/MathML" xmlns="http://www.tei-c.org/ns/1.0">
 <teiHeader>
  <fileDesc>
   <titleStmt>
    <title xml:lang='de'>Grabmal für Perle ∞ Jaakow ben Schlomo (Sibylla Kaufmann geb. Heumann), gest. 1892-11-08, Jüdischer Friedhof Hellenthal-Blumenthal</title>
    <respStmt xml:lang="de">
     <resp>herausgegeben vom</resp>
     <orgName ref="http://d-nb.info/gnd/212562-6">
      Salomon Ludwig Steinheim-Institut
      <address>
       <addrLine>Edmund-Körner-Platz 2</addrLine>
       <addrLine>D-45127 Essen</addrLine>
      </address>
     </orgName>
    </respStmt>
   </titleStmt>
    <editionStmt>
    <edition/>
   </editionStmt>
   <extent/>
   <publicationStmt>
    <publisher>
     <orgName ref="http://d-nb.info/gnd/212562-6">
      Salomon Ludwig Steinheim-Institut 
      <address>
       <addrLine>Edmund-Körner-Platz 2</addrLine>
       <addrLine>D-45127 Essen</addrLine>
      </address>
     </orgName>
    </publisher>
    <idno>blu-18</idno>
    <idno type="url">http://www.steinheim-institut.de/cgi-bin/epidat?id=blu-18</idno>
    <availability xml:lang="en" status="free">
     <licence>
      <ref target="http://creativecommons.org/licenses/by/4.0/">Distributed under a Creative Commons licence Attribution-BY 4.0</ref>
      <p>
       All reuse or distribution of this work must contain somewhere a link back to the URL 
       <ref>http://www.steinheim-institut.de/cgi-bin/epidat?id=blu-18</ref>
      </p>
     </licence>
    </availability>
   </publicationStmt>
    <notesStmt>
    <note/>
   </notesStmt>
   <sourceDesc>
    <bibl>born digital</bibl>
     <msDesc>
     <msIdentifier/>
     <physDesc>
      <objectDesc>
       <supportDesc>
        <support>
         <p>
          <material>Stein</material>
         </p>
        </support>
        <condition>
         <p>
           
          <damage agent='Verwitterung'>Stark verwittert, Risse wurden mit Steinkitt zugemacht, so daß eine ganze Reihe von Buchstaben nicht mehr zu erkennen ist.</damage>
         </p>
        </condition>
       </supportDesc>
        <layoutDesc>
        <layout/>
       </layoutDesc>
      </objectDesc>
     </physDesc>
     <history>
      <origin>
       <date notBefore='1892-11-08'>1892-11-08</date>
       <country type="ISO_3166" key="XA-DE-NW">
        Germany
        <region>North Rhine-Westphalia</region>
       </country>
       <settlement type='city' key='tgn:7213692'>
        Hellenthal-Blumenthal 
        <geogName>
         Jüdischer Friedhof
         <geo decls="#WGS">50.489872 6.456034</geo>
        </geogName>
       </settlement>
      </origin>
     </history>
    </msDesc>
   </sourceDesc>
  </fileDesc>
  <encodingDesc>
   <p>Encoded according to the EpiDoc Guidelines, Schema Version 8.18</p>
   <classDecl>
    <taxonomy>
     <category xml:id='foto1'>
      <catDesc>Karl Reger</catDesc>
     </category>
    </taxonomy>
   </classDecl>
   <geoDecl xml:id="WGS" datum="WGS84">World Geodetic System</geoDecl>
  </encodingDesc>
  <profileDesc>
   <particDesc>
    <listPerson>
     <person xml:id="blu-18-1" sex='2'>
      <persName>Perle ∞ Jaakow ben Schlomo (Sibylla Kaufmann geb. Heumann)</persName>
       <event when='1892-11-08' type="dateofdeath">
       <desc/>
      </event>
     </person>
    </listPerson>
   </particDesc>
    <langUsage>
    <!-- According to bcp47 http://tools.ietf.org/html/bcp47 (Language) and ISO15924 (writing System)-->
    <language ident='he' usage='63'>Hebrew</language>
    <language ident='de' usage='36'>German</language>
   </langUsage>
  </profileDesc>
   <revisionDesc>
   <change/>
  </revisionDesc>
 </teiHeader>
 <facsimile>
  <graphic url='http://steinheim-institut.de/daten/picsblu/xl/0018_blu_2011.png'>
    <desc>
    <ref target='#foto1'/>
    recto
   </desc>
  </graphic>
 </facsimile>
 <text>
  <body>
   <div type='edition'>
    <head>Edition</head>
     <ab>
     <lb n='1'/>
     ‎‏פ״[נ]‏‎
‏‎     <lb n='2'/>
     ‎‏אשה חשובה עטר[ת]‏‎
‏‎     <lb n='3'/>
     ‎‏בעלה וב[נ]יה [י]ראת אל[הים]‏‎
‏‎     <lb n='4'/>
     ‎‏[‎‏ב]כל [ימ]יה [ה״ה] מרת‏‎
‏‎     <lb n='5'/>
     ‎‏פערלה [א]שת [...] י[ע]קב‏‎
‏‎     <lb n='6'/>
     ‎‏בר שלמ[ה] מתה ב[ז]קנה‏‎
‏‎     <lb n='7'/>
     ‎‏י׳ כ״ח [ח]ש[ון] תר[נ״ג] לפ״[ק]‏‎
‏‎     <lb n='8'/>
     ‎‏תנצב״ה‏‎
‏‎     <lb n='9'/>
     Hier ruhet friedlich
     <lb n='10'/>
     Sibylla Kaufmann
     <lb n='11'/>
     g[eb]. Heumann
     <lb n='12'/>
     gest. [a]m 18. Nov. 1892
     <lb n='13'/>
     [...] ihre [...]
    </ab>
   </div>
   <div type='translation'>
    <head>Übersetzung</head>
     <ab>
     <lb n='1'/>
     Hier ist begraben
     <lb n='2'/>
     eine angesehene Frau, ›Krone
     <lb n='3'/>
     ihres Gatten‹ und ihrer Kinder, gottesfürchtig
     <lb n='4'/>
     all ihre Tage, es ist Frau
     <lb n='5'/>
     Perle, Gattin des ... Jaakow,
     <lb n='6'/>
     Sohn des Schlomo, gestorben betagt
     <lb n='7'/>
     am 28. Tag des Cheschvan 653 der kleinen Zählung.
     <lb n='8'/>
     Ihre Seele sei eingebunden in das Bündel des Lebens
    </ab>
   </div>
   <div type="commentary" subtype="Zitate">
    <head>Zitate</head>
    <p>Zl 2f: Spr 12,4</p>
   </div>
   <div type="commentary" subtype="Prosopographie">
    <head>Prosopographie</head>
   </div>
   <div type="bibliography">
    <head>Bibliographie</head>
    <p>to be done ...</p>
   </div>
  </body>
 </text>
</TEI>
