﻿<?xml version="1.0" encoding="UTF-8"?>
<?xml-model href="http://www.stoa.org/epidoc/schema/8.18/tei-epidoc.rng" schematypens="http://relaxng.org/ns/structure/1.0"?>
<TEI xmlns:xi="http://www.w3.org/2001/XInclude" xmlns:svg="http://www.w3.org/2000/svg" xmlns:math="http://www.w3.org/1998/Math/MathML" xmlns="http://www.tei-c.org/ns/1.0">
 <teiHeader>
  <fileDesc>
   <titleStmt>
    <title xml:lang='de'>Grabmal für Merle bat Natan ∞ Vöss? genannt Philipp (Mina Philipp), gest. 1893-02-01, Jüdischer Friedhof Hellenthal-Blumenthal</title>
    <respStmt xml:lang="de">
     <resp>herausgegeben vom</resp>
     <orgName ref="http://d-nb.info/gnd/212562-6">
      Salomon Ludwig Steinheim-Institut
      <address>
       <addrLine>Edmund-Körner-Platz 2</addrLine>
       <addrLine>D-45127 Essen</addrLine>
      </address>
     </orgName>
    </respStmt>
   </titleStmt>
    <editionStmt>
    <edition/>
   </editionStmt>
   <extent/>
   <publicationStmt>
    <publisher>
     <orgName ref="http://d-nb.info/gnd/212562-6">
      Salomon Ludwig Steinheim-Institut 
      <address>
       <addrLine>Edmund-Körner-Platz 2</addrLine>
       <addrLine>D-45127 Essen</addrLine>
      </address>
     </orgName>
    </publisher>
    <idno>blu-44</idno>
    <idno type="url">http://www.steinheim-institut.de/cgi-bin/epidat?id=blu-44</idno>
    <availability xml:lang="en" status="free">
     <licence>
      <ref target="http://creativecommons.org/licenses/by/4.0/">Distributed under a Creative Commons licence Attribution-BY 4.0</ref>
      <p>
       All reuse or distribution of this work must contain somewhere a link back to the URL 
       <ref>http://www.steinheim-institut.de/cgi-bin/epidat?id=blu-44</ref>
      </p>
     </licence>
    </availability>
   </publicationStmt>
    <notesStmt>
    <note/>
   </notesStmt>
   <sourceDesc>
    <bibl>born digital</bibl>
     <msDesc>
     <msIdentifier/>
     <physDesc>
      <objectDesc>
       <supportDesc>
        <support>
         <p>
          <material>Stein</material>
         </p>
        </support>
       </supportDesc>
        <layoutDesc>
        <layout/>
       </layoutDesc>
      </objectDesc>
     </physDesc>
     <history>
      <origin>
       <date notBefore='1893-02-01'>1893-02-01</date>
       <country type="ISO_3166" key="XA-DE-NW">
        Germany
        <region>North Rhine-Westphalia</region>
       </country>
       <settlement type='city' key='tgn:7213692'>
        Hellenthal-Blumenthal 
        <geogName>
         Jüdischer Friedhof
         <geo decls="#WGS">50.489872 6.456034</geo>
        </geogName>
       </settlement>
      </origin>
     </history>
    </msDesc>
   </sourceDesc>
  </fileDesc>
  <encodingDesc>
   <p>Encoded according to the EpiDoc Guidelines, Schema Version 8.18</p>
   <classDecl>
    <taxonomy>
     <category xml:id='foto1'>
      <catDesc>Karl Reger</catDesc>
     </category>
    </taxonomy>
   </classDecl>
   <geoDecl xml:id="WGS" datum="WGS84">World Geodetic System</geoDecl>
  </encodingDesc>
  <profileDesc>
   <particDesc>
    <listPerson>
     <person xml:id="blu-44-1" sex='2'>
      <persName>Merle bat Natan ∞ Vöss? genannt Philipp (Mina Philipp)</persName>
       <event when='1893-02-01' type="dateofdeath">
       <desc/>
      </event>
     </person>
    </listPerson>
   </particDesc>
    <langUsage>
    <!-- According to bcp47 http://tools.ietf.org/html/bcp47 (Language) and ISO15924 (writing System)-->
    <language ident='he' usage='80'>Hebrew</language>
    <language ident='de' usage='19'>German</language>
   </langUsage>
  </profileDesc>
   <revisionDesc>
   <change/>
  </revisionDesc>
 </teiHeader>
 <facsimile>
  <graphic url='http://steinheim-institut.de/daten/picsblu/xl/0044_blu_2011.png'>
    <desc>
    <ref target='#foto1'/>
    recto
   </desc>
  </graphic>
  <graphic url='http://steinheim-institut.de/daten/picsblu/xl/0044dblu_2011.png'>
    <desc>
    <ref target='#foto1'/>
    Detail
   </desc>
  </graphic>
 </facsimile>
 <text>
  <body>
   <div type='edition'>
    <head>Edition</head>
     <ab>
     <lb n='1'/>
     ‎‏פ״ט‏‎
‏‎     <lb n='2'/>
     ‎‏אשה צנועה בכל דרכיה‏‎
‏‎     <lb n='3'/>
     ‎‏ישרה ותמימה במעשיה‏‎
‏‎     <lb n='4'/>
     ‎‏דרשה טוב בעלה כל ימיה‏‎
‏‎     <lb n='5'/>
     ‎‏ה״ה מרת מערלע בת ר׳ נתן‏‎
‏‎     <lb n='6'/>
     ‎‏אשת ר׳ בא״ס המכונה פיליף‏‎
‏‎     <lb n='7'/>
     ‎‏מתה בש״ט בת ע״ו שנה‏‎
‏‎     <lb n='8'/>
     ‎‏ביום ד׳ חמשה עשר‏‎
‏‎     <lb n='9'/>
     ‎‏בשבט שנת תרנ״ג לפ״ק‏‎
‏‎     <lb n='10'/>
     ‎‏תנצב״ה‏‎
‏‎     <lb n='11'/>
     Hier ruht
     <lb n='12'/>
     Frau Mina Philipp
     <lb n='13'/>
     gest. 1. Februar 1893
    </ab>
   </div>
   <div type='translation'>
    <head>Übersetzung</head>
     <ab>
     <lb n='1'/>
     Hier ist geborgen
     <lb n='2'/>
     eine Frau, züchtig auf all ihren Wegen,
     <lb n='3'/>
     aufrecht und lauter in ihren Taten,
     <lb n='4'/>
     ›auf das Beste ihres Gatten war sie bedacht all ihre Tage‹,
     <lb n='5'/>
     es ist Frau Merle, Tochter des Herrn Natan,
     <lb n='6'/>
     Gattin des Herrn Vöss?, genannt Philipp,
     <lb n='7'/>
     gestorben ›mit gutem Namen‹ im Alter von 76 Jahren
     <lb n='8'/>
     am Tag 4, fünfzehnter im Schwat
     <lb n='9'/>
     des Jahres 653 der kleinen Zählung.
     <lb n='10'/>
     Ihre Seele sei eingebunden in das Bündel des Lebens
    </ab>
   </div>
   <div type="commentary" subtype="Zitate">
    <head>Zitate</head>
    <p>Zl 4: nach Est 10,3</p>
    <p>Zl 7: bBer 17a</p>
   </div>
   <div type='commentary' subtype='Stilmittel'>
    <head>Stilmittel</head>
    <p>
     <label>Reim</label>
      auf -ejha in Zln 2-4.
    </p>
   </div>
   <div type="commentary" subtype="Zeilenkommentar">
    <head>Zeilenkommentar</head>
    <p>Zl 5: Die Wiedergabe des Namens ist nicht ganz sicher, er könnte auch ‎‏מעדלע‏‎ / "Mädle" gelautet haben.</p>
    <p>Zl 6: Die Wiedergabe des Namens ist nicht sicher. Es könnte sich um eine ungewöhnliche Schreibweise des schon seit der Antike bei Juden beliebten, griechischen Namens "Phöbus" handeln, der häufig mit dem bürgerlichen Namen Philipp zusammengeht, aber auch um eine Abkürzung.</p>
   </div>
   <div type="commentary" subtype="Endkommentar">
    <head>Endkommentar</head>
    <p>
     Aufgrund der Grabmalgestaltung und des Namens Philipp besteht vermutlich eine Verbindung zu Phillip Rothschild (Grabstein Nr. 
     <ref target="http://steinheim-institut.de/cgi-bin/epidat?id=blu-0031-t">blu-0031</ref>
     ) (der Gatte?).
    </p>
   </div>
   <div type="commentary" subtype="Prosopographie">
    <head>Prosopographie</head>
   </div>
   <div type="bibliography">
    <head>Bibliographie</head>
    <p>to be done ...</p>
   </div>
  </body>
 </text>
</TEI>
