﻿<?xml version="1.0" encoding="UTF-8"?>
<?xml-model href="http://www.stoa.org/epidoc/schema/8.18/tei-epidoc.rng" schematypens="http://relaxng.org/ns/structure/1.0"?>
<TEI xmlns:xi="http://www.w3.org/2001/XInclude" xmlns:svg="http://www.w3.org/2000/svg" xmlns:math="http://www.w3.org/1998/Math/MathML" xmlns="http://www.tei-c.org/ns/1.0">
 <teiHeader>
  <fileDesc>
   <titleStmt>
    <title xml:lang='de'>Grabmal für Mirjam Sara ∞ Chajim ben Arje Awraham, gest. 1823-03-07, Jüdischer Friedhof Bad Münstereifel</title>
    <respStmt xml:lang="de">
     <resp>herausgegeben vom</resp>
     <orgName ref="http://d-nb.info/gnd/212562-6">
      Salomon Ludwig Steinheim-Institut
      <address>
       <addrLine>Edmund-Körner-Platz 2</addrLine>
       <addrLine>D-45127 Essen</addrLine>
      </address>
     </orgName>
    </respStmt>
   </titleStmt>
    <editionStmt>
    <edition/>
   </editionStmt>
   <extent/>
   <publicationStmt>
    <publisher>
     <orgName ref="http://d-nb.info/gnd/212562-6">
      Salomon Ludwig Steinheim-Institut 
      <address>
       <addrLine>Edmund-Körner-Platz 2</addrLine>
       <addrLine>D-45127 Essen</addrLine>
      </address>
     </orgName>
    </publisher>
    <idno>bme-37</idno>
    <idno type="url">http://www.steinheim-institut.de/cgi-bin/epidat?id=bme-37</idno>
    <availability xml:lang="en" status="free">
     <licence>
      <ref target="http://creativecommons.org/licenses/by/4.0/">Distributed under a Creative Commons licence Attribution-BY 4.0</ref>
      <p>
       All reuse or distribution of this work must contain somewhere a link back to the URL 
       <ref>http://www.steinheim-institut.de/cgi-bin/epidat?id=bme-37</ref>
      </p>
     </licence>
    </availability>
   </publicationStmt>
    <notesStmt>
    <note/>
   </notesStmt>
   <sourceDesc>
    <bibl>born digital</bibl>
     <msDesc>
     <msIdentifier/>
     <physDesc>
      <objectDesc>
       <supportDesc>
        <support>
         <p>
          <material>Stein</material>
          <dimensions>
           <dim>H: 129 B: 54 T: 12</dim>
          </dimensions>
         </p>
        </support>
       </supportDesc>
        <layoutDesc>
        <layout/>
       </layoutDesc>
      </objectDesc>
     </physDesc>
     <history>
      <origin>
       <date notBefore='1823-03-07'>1823-03-07</date>
       <country type="ISO_3166" key="XA-DE-NW">
        Germany
        <region>North Rhine-Westphalia</region>
       </country>
       <settlement type='city' key='tgn:7012589'>
        Bad Münstereifel 
        <geogName>
         Jüdischer Friedhof
         <geo decls="#WGS">50.557018 6.767275</geo>
        </geogName>
       </settlement>
      </origin>
     </history>
    </msDesc>
   </sourceDesc>
  </fileDesc>
  <encodingDesc>
   <p>Encoded according to the EpiDoc Guidelines, Schema Version 8.18</p>
   <classDecl>
    <taxonomy>
     <category xml:id='foto1'>
      <catDesc>
       <persName ref='http://d-nb.info/gnd/128472499' role='photographer'>Bert Sommer</persName>
      </catDesc>
     </category>
    </taxonomy>
   </classDecl>
   <geoDecl xml:id="WGS" datum="WGS84">World Geodetic System</geoDecl>
  </encodingDesc>
  <profileDesc>
   <particDesc>
    <listPerson>
     <person xml:id="bme-37-1" sex='2'>
      <persName>Mirjam Sara ∞ Chajim ben Arje Awraham</persName>
       <event when='1823-03-07' type="dateofdeath">
       <desc/>
      </event>
     </person>
    </listPerson>
   </particDesc>
    <langUsage>
    <!-- According to bcp47 http://tools.ietf.org/html/bcp47 (Language) and ISO15924 (writing System)-->
    <language ident='he' usage='100'>Hebrew</language>
   </langUsage>
  </profileDesc>
   <revisionDesc>
   <change/>
  </revisionDesc>
 </teiHeader>
 <facsimile>
  <graphic url='http://steinheim-institut.de/daten/picsbme/xl/0037_BME_080628EPS0549hb.png'>
    <desc>
    <ref target='#foto1'/>
    recto
   </desc>
  </graphic>
 </facsimile>
 <text>
  <body>
   <div type='edition'>
    <head>Edition</head>
     <ab>
     <lb n='1'/>
     ‎‏זאת‏‎
‏‎     <lb n='2'/>
     ‎‏מצבת האשה מרים‏‎
‏‎     <lb n='3'/>
     ‎‏שרה בת ר׳ חיים ז״ל היתה‏‎
‏‎     <lb n='4'/>
     ‎‏עטרת בעלה ר׳ נתן ב״ר‏‎
‏‎     <lb n='5'/>
     ‎‏ארי׳ אברהם ז״ל ותפארת‏‎
‏‎     <lb n='6'/>
     ‎‏בניה ותלך מרים ואת‏‎
‏‎     <lb n='7'/>
     ‎‏כל הטוב בידה לחיי‏‎
‏‎     <lb n='8'/>
     ‎‏עד ביום וי״ו עש״ק כ״ד‏‎
‏‎     <lb n='9'/>
     ‎‏אדר תקפ״ג לפ״ק‏‎
‏‎     <lb n='10'/>
     ‎‏תנצב״ה‏‎
‏‎    </ab>
   </div>
   <div type='translation'>
    <head>Übersetzung</head>
     <ab>
     <lb n='1'/>
     Dies
     <lb n='2'/>
     ist das Grabmal der Frau Mirjam
     <lb n='3'/>
     Sara, Tochter des Herrn Chajim, sein Andenken zum Segen, war sie
     <lb n='4'/>
     ›die Krone ihres Gatten‹ , Herrn Natan, Sohn des Herrn
     <lb n='5'/>
     Arje Awraham, sein Andenken zum Segen, ›und Zierde 
     <lb n='6'/>
     ihrer Kinder‹ , und Mirjam ging hin ›und all 
     <lb n='7'/>
     das Gute in ihrer Hand‹ zum ewigen
     <lb n='8'/>
     Leben am Tag sechs, dem Rüsttag des heiligen Schabbat, 24.
     <lb n='9'/>
     Adar 583 der kleinen Zählung.
     <lb n='10'/>
     Ihre Seele sei eingebunden in das Bündel des Lebens
    </ab>
   </div>
   <div type="commentary" subtype="Zitate">
    <head>Zitate</head>
    <p>Zl 4: Spr 12,4</p>
    <p>Zl 5f: Spr 17,6</p>
    <p>Zl 6f: nach Ex 15,20</p>
   </div>
   <div type="commentary" subtype="Prosopographie">
    <head>Prosopographie</head>
   </div>
   <div type="bibliography">
    <head>Bibliographie</head>
    <p>to be done ...</p>
   </div>
  </body>
 </text>
</TEI>
