﻿<?xml version="1.0" encoding="UTF-8"?>
<?xml-model href="http://www.stoa.org/epidoc/schema/8.18/tei-epidoc.rng" schematypens="http://relaxng.org/ns/structure/1.0"?>
<TEI xmlns:xi="http://www.w3.org/2001/XInclude" xmlns:svg="http://www.w3.org/2000/svg" xmlns:math="http://www.w3.org/1998/Math/MathML" xmlns="http://www.tei-c.org/ns/1.0">
 <teiHeader>
  <fileDesc>
   <titleStmt>
    <title xml:lang='de'>Grabmal für Rachel Reinche bat Natan Hirsch, gest. 1822-03-14, Jüdischer Friedhof Bad Münstereifel</title>
    <respStmt xml:lang="de">
     <resp>herausgegeben vom</resp>
     <orgName ref="http://d-nb.info/gnd/212562-6">
      Salomon Ludwig Steinheim-Institut
      <address>
       <addrLine>Edmund-Körner-Platz 2</addrLine>
       <addrLine>D-45127 Essen</addrLine>
      </address>
     </orgName>
    </respStmt>
   </titleStmt>
    <editionStmt>
    <edition/>
   </editionStmt>
   <extent/>
   <publicationStmt>
    <publisher>
     <orgName ref="http://d-nb.info/gnd/212562-6">
      Salomon Ludwig Steinheim-Institut 
      <address>
       <addrLine>Edmund-Körner-Platz 2</addrLine>
       <addrLine>D-45127 Essen</addrLine>
      </address>
     </orgName>
    </publisher>
    <idno>bme-3</idno>
    <idno type="url">http://www.steinheim-institut.de/cgi-bin/epidat?id=bme-3</idno>
    <availability xml:lang="en" status="free">
     <licence>
      <ref target="http://creativecommons.org/licenses/by/4.0/">Distributed under a Creative Commons licence Attribution-BY 4.0</ref>
      <p>
       All reuse or distribution of this work must contain somewhere a link back to the URL 
       <ref>http://www.steinheim-institut.de/cgi-bin/epidat?id=bme-3</ref>
      </p>
     </licence>
    </availability>
   </publicationStmt>
    <notesStmt>
    <note/>
   </notesStmt>
   <sourceDesc>
    <bibl>born digital</bibl>
     <msDesc>
     <msIdentifier/>
     <physDesc>
      <objectDesc>
       <supportDesc>
        <support>
         <p>
          <material>Stein</material>
         </p>
        </support>
       </supportDesc>
        <layoutDesc>
        <layout/>
       </layoutDesc>
      </objectDesc>
     </physDesc>
     <history>
      <origin>
       <date notBefore='1822-03-14'>1822-03-14</date>
       <country type="ISO_3166" key="XA-DE-NW">
        Germany
        <region>North Rhine-Westphalia</region>
       </country>
       <settlement type='city' key='tgn:7012589'>
        Bad Münstereifel 
        <geogName>
         Jüdischer Friedhof
         <geo decls="#WGS">50.557018 6.767275</geo>
        </geogName>
       </settlement>
      </origin>
     </history>
    </msDesc>
   </sourceDesc>
  </fileDesc>
  <encodingDesc>
   <p>Encoded according to the EpiDoc Guidelines, Schema Version 8.18</p>
   <classDecl>
    <taxonomy>
     <category xml:id='foto1'>
      <catDesc>
       <persName ref='http://d-nb.info/gnd/128472499' role='photographer'>Bert Sommer</persName>
      </catDesc>
     </category>
    </taxonomy>
   </classDecl>
   <geoDecl xml:id="WGS" datum="WGS84">World Geodetic System</geoDecl>
  </encodingDesc>
  <profileDesc>
   <particDesc>
    <listPerson>
     <person xml:id="bme-3-1" sex='2'>
      <persName>Rachel Reinche bat Natan Hirsch</persName>
       <event when='1822-03-14' type="dateofdeath">
       <desc/>
      </event>
     </person>
    </listPerson>
   </particDesc>
    <langUsage>
    <!-- According to bcp47 http://tools.ietf.org/html/bcp47 (Language) and ISO15924 (writing System)-->
    <language ident='he' usage='100'>Hebrew</language>
   </langUsage>
  </profileDesc>
   <revisionDesc>
   <change/>
  </revisionDesc>
 </teiHeader>
 <facsimile>
  <graphic url='http://steinheim-institut.de/daten/picsbme/xl/0003_BME_080628EPS0554hb.png'>
    <desc>
    <ref target='#foto1'/>
    recto
   </desc>
  </graphic>
 </facsimile>
 <text>
  <body>
   <div type='edition'>
    <head>Edition</head>
     <ab>
     <lb n='1'/>
     ‎‏[..]‎‏שם [...] כל מפרי‏‎
‏‎     <lb n='2'/>
     ‎‏ידיה תמצא נחת‏‎
‏‎     <lb n='3'/>
     ‎‏החשובה הצנועה‏‎
‏‎     <lb n='4'/>
     ‎‏היקרה מרת רחל‏‎
‏‎     <lb n='5'/>
     ‎‏ריינכה בת כ״ה נתן‏‎
‏‎     <lb n='6'/>
     ‎‏הירש ז״ל נפטרה‏‎
‏‎     <lb n='7'/>
     ‎‏ביום ג׳ כ״א אדר נקברה‏‎
‏‎     <lb n='8'/>
     ‎‏ביום ד׳ כ״ב‏‎
‏‎     <lb n='9'/>
     ‎‏אדר תקפ״ב לפ״ק‏‎
‏‎     <lb n='10'/>
     ‎‏תנצב״ה‏‎
‏‎    </ab>
   </div>
   <div type='translation'>
    <head>Übersetzung</head>
     <ab>
     <lb n='1'/>
     ... (von) all der Frucht ihrer Hände
     <lb n='2'/>
     findet sie Behaglichkeit,
     <lb n='3'/>
     die Angesehene, die Züchtige,
     <lb n='4'/>
     die Teure, Frau Rachel
     <lb n='5'/>
     Reinche, Tochter des geehrten Herrn Natan
     <lb n='6'/>
     Hirsch, sein Andenken zum Segen, verschieden
     <lb n='7'/>
     am Tag 3, 21. Adar und begraben
     <lb n='8'/>
     am Tag 4, 22.
     <lb n='9'/>
     Adar 582 der kleinen Zählung.
     <lb n='10'/>
     Ihre Seele sei eingebunden in das Bündel des Lebens
    </ab>
   </div>
   <div type="commentary" subtype="Endkommentar">
    <head>Endkommentar</head>
    <p>Datum ist für 582 (1822) nicht stimmig, wohl aber für 583 (1823): Dienstag, 04.03.1823</p>
   </div>
   <div type="commentary" subtype="Prosopographie">
    <head>Prosopographie</head>
   </div>
   <div type="bibliography">
    <head>Bibliographie</head>
    <p>to be done ...</p>
   </div>
  </body>
 </text>
</TEI>
