﻿<?xml version="1.0" encoding="UTF-8"?>
<?xml-model href="http://www.stoa.org/epidoc/schema/8.18/tei-epidoc.rng" schematypens="http://relaxng.org/ns/structure/1.0"?>
<TEI xmlns:xi="http://www.w3.org/2001/XInclude" xmlns:svg="http://www.w3.org/2000/svg" xmlns:math="http://www.w3.org/1998/Math/MathML" xmlns="http://www.tei-c.org/ns/1.0">
 <teiHeader>
  <fileDesc>
   <titleStmt>
    <title xml:lang='de'>Grabmal für ..mel ∞ ..., gest. 1788-02-22, Jüdischer Friedhof Dillingen-Diefflen</title>
    <respStmt xml:lang="de">
     <resp>herausgegeben vom</resp>
     <orgName ref="http://d-nb.info/gnd/212562-6">
      Salomon Ludwig Steinheim-Institut
      <address>
       <addrLine>Edmund-Körner-Platz 2</addrLine>
       <addrLine>D-45127 Essen</addrLine>
      </address>
     </orgName>
    </respStmt>
   </titleStmt>
    <editionStmt>
    <edition/>
   </editionStmt>
   <extent/>
   <publicationStmt>
    <publisher>
     <orgName ref="http://d-nb.info/gnd/212562-6">
      Salomon Ludwig Steinheim-Institut 
      <address>
       <addrLine>Edmund-Körner-Platz 2</addrLine>
       <addrLine>D-45127 Essen</addrLine>
      </address>
     </orgName>
    </publisher>
    <idno>dds-247</idno>
    <idno type="url">http://www.steinheim-institut.de/cgi-bin/epidat?id=dds-247</idno>
    <availability xml:lang="en" status="free">
     <licence>
      <ref target="http://creativecommons.org/licenses/by/4.0/">Distributed under a Creative Commons licence Attribution-BY 4.0</ref>
      <p>
       All reuse or distribution of this work must contain somewhere a link back to the URL 
       <ref>http://www.steinheim-institut.de/cgi-bin/epidat?id=dds-247</ref>
      </p>
     </licence>
    </availability>
   </publicationStmt>
    <notesStmt>
    <note/>
   </notesStmt>
   <sourceDesc>
    <bibl>born digital</bibl>
     <msDesc>
     <msIdentifier/>
     <physDesc>
      <objectDesc>
       <supportDesc>
        <support>
         <p>
          <material>Stein</material>
         </p>
        </support>
        <condition>
         <p>
           
          <damage agent='Verwitterung'>Verwitterung mittel</damage>
         </p>
        </condition>
       </supportDesc>
        <layoutDesc>
        <layout/>
       </layoutDesc>
      </objectDesc>
     </physDesc>
     <history>
      <origin>
       <date notBefore='1788-02-22'>1788-02-22</date>
       <country type="ISO_3166" key="XA-DE-SL">
        Germany
        <region>Saarland</region>
       </country>
       <settlement type='city' key='tgn:1038818'>
        Dillingen-Diefflen 
        <geogName>
         Jüdischer Friedhof
         <geo decls="#WGS">49.369234 6.753313</geo>
        </geogName>
       </settlement>
      </origin>
     </history>
    </msDesc>
   </sourceDesc>
  </fileDesc>
  <encodingDesc>
   <p>Encoded according to the EpiDoc Guidelines, Schema Version 8.18</p>
   <classDecl>
    <taxonomy>
     <category xml:id='foto1'>
      <catDesc>Ingeborg Knigge</catDesc>
     </category>
    </taxonomy>
   </classDecl>
   <geoDecl xml:id="WGS" datum="WGS84">World Geodetic System</geoDecl>
  </encodingDesc>
  <profileDesc>
   <particDesc>
    <listPerson>
     <person xml:id="dds-247-1" sex='2'>
      <persName>..mel ∞ ...</persName>
       <event when='1788-02-22' type="dateofdeath">
       <desc/>
      </event>
     </person>
    </listPerson>
   </particDesc>
    <langUsage>
    <!-- According to bcp47 http://tools.ietf.org/html/bcp47 (Language) and ISO15924 (writing System)-->
    <language ident='he' usage='100'>Hebrew</language>
   </langUsage>
  </profileDesc>
   <revisionDesc>
   <change/>
  </revisionDesc>
 </teiHeader>
 <facsimile>
  <graphic url='http://steinheim-institut.de/daten/picsdds/xl/0247_DDS_1.png'>
    <desc>
    <ref target='#foto1'/>
    recto
   </desc>
  </graphic>
  <graphic url='http://steinheim-institut.de/daten/picsdds/xl/0247dDDS_2.png'>
    <desc>
    <ref target='#foto1'/>
    Detail
   </desc>
  </graphic>
 </facsimile>
 <text>
  <body>
   <div type='edition'>
    <head>Edition</head>
     <ab>
     <lb n='1'/>
     ‎‏האשה חשובה הצנועה היקרה‏‎
‏‎     <lb n='2'/>
     ‎‏פ״ט‏‎
‏‎     <lb n='3'/>
     ‎‏עושה צדקה בכל‏‎
‏‎     <lb n='4'/>
     ‎‏עת וידיה שלחה‏‎
‏‎     <lb n='5'/>
     ‎‏לאביון מ׳ ..מל ז״ל‏‎
‏‎     <lb n='6'/>
     ‎‏אשת כ׳ ... שי׳ מס״ל‏‎
‏‎     <lb n='7'/>
     ‎‏שהלכו לעולמ׳ ושל״ח‏‎
‏‎     <lb n='8'/>
     ‎‏ולב״י אור ליו׳ ש״ק ט״ו‏‎
‏‎     <lb n='9'/>
     ‎‏ו׳ למחרתו יו׳ א׳ י״ז א״ר‏‎
‏‎     <lb n='10'/>
     ‎‏תקמ״ח לפ״ק‏‎
‏‎     <lb n='11'/>
     ‎‏[‎‏־־־]‏‎
‏‎    </ab>
   </div>
   <div type='translation'>
    <head>Übersetzung</head>
     <ab>
     <lb n='1'/>
     die angesehene Frau die Züchtige die Teure
     <lb n='2'/>
     Hier ist geborgen
     <lb n='3'/>
     ›sie tat Wohl zu jeder
     <lb n='4'/>
     Zeit‹ , ›ihre Hände streckte sie aus 
     <lb n='5'/>
     dem Bedürftigen‹ Frau ..mel, ihr Andenken zum Segen,
     <lb n='6'/>
     Gattin des geehrten ..., er möge leben, aus Saarlouis,
     <lb n='7'/>
     die in ihre Welt ging ›und ließ uns und das Leben‹ 
     <lb n='8'/>
     ... dem Hause Israel zu Beginn des Tages des heiligen Schabbat, 15.
     <lb n='9'/>
     und (begraben) am Tag darauf Tag 1, 17. des ersten Adar
     <lb n='10'/>
     548 der kleinen Zählung.
     <lb n='11'/>
     [---]
    </ab>
   </div>
   <div type="commentary" subtype="Zitate">
    <head>Zitate</head>
    <p>Zl 3f: Ps 106,3</p>
    <p>Zl 4f: Spr 31,20</p>
    <p>Zl 7: bBer 61b</p>
   </div>
   <div type="commentary" subtype="Prosopographie">
    <head>Prosopographie</head>
   </div>
   <div type="bibliography">
    <head>Bibliographie</head>
    <p>to be done ...</p>
   </div>
  </body>
 </text>
</TEI>
