﻿<?xml version="1.0" encoding="UTF-8"?>
<?xml-model href="http://www.stoa.org/epidoc/schema/8.18/tei-epidoc.rng" schematypens="http://relaxng.org/ns/structure/1.0"?>
<TEI xmlns:xi="http://www.w3.org/2001/XInclude" xmlns:svg="http://www.w3.org/2000/svg" xmlns:math="http://www.w3.org/1998/Math/MathML" xmlns="http://www.tei-c.org/ns/1.0">
 <teiHeader>
  <fileDesc>
   <titleStmt>
    <title xml:lang='de'>Grabmal für Fradche bat ... ∞ P. ben Ch., gest. 1787-04-08, Jüdischer Friedhof Dillingen-Diefflen</title>
    <respStmt xml:lang="de">
     <resp>herausgegeben vom</resp>
     <orgName ref="http://d-nb.info/gnd/212562-6">
      Salomon Ludwig Steinheim-Institut
      <address>
       <addrLine>Edmund-Körner-Platz 2</addrLine>
       <addrLine>D-45127 Essen</addrLine>
      </address>
     </orgName>
    </respStmt>
   </titleStmt>
    <editionStmt>
    <edition/>
   </editionStmt>
   <extent/>
   <publicationStmt>
    <publisher>
     <orgName ref="http://d-nb.info/gnd/212562-6">
      Salomon Ludwig Steinheim-Institut 
      <address>
       <addrLine>Edmund-Körner-Platz 2</addrLine>
       <addrLine>D-45127 Essen</addrLine>
      </address>
     </orgName>
    </publisher>
    <idno>dds-248</idno>
    <idno type="url">http://www.steinheim-institut.de/cgi-bin/epidat?id=dds-248</idno>
    <availability xml:lang="en" status="free">
     <licence>
      <ref target="http://creativecommons.org/licenses/by/4.0/">Distributed under a Creative Commons licence Attribution-BY 4.0</ref>
      <p>
       All reuse or distribution of this work must contain somewhere a link back to the URL 
       <ref>http://www.steinheim-institut.de/cgi-bin/epidat?id=dds-248</ref>
      </p>
     </licence>
    </availability>
   </publicationStmt>
    <notesStmt>
    <note/>
   </notesStmt>
   <sourceDesc>
    <bibl>born digital</bibl>
     <msDesc>
     <msIdentifier/>
     <physDesc>
      <objectDesc>
       <supportDesc>
        <support>
         <p>
          <material>Stein</material>
         </p>
        </support>
       </supportDesc>
        <layoutDesc>
        <layout/>
       </layoutDesc>
      </objectDesc>
     </physDesc>
     <history>
      <origin>
       <date notBefore='1787-04-08'>1787-04-08</date>
       <country type="ISO_3166" key="XA-DE-SL">
        Germany
        <region>Saarland</region>
       </country>
       <settlement type='city' key='tgn:1038818'>
        Dillingen-Diefflen 
        <geogName>
         Jüdischer Friedhof
         <geo decls="#WGS">49.369234 6.753313</geo>
        </geogName>
       </settlement>
      </origin>
     </history>
    </msDesc>
   </sourceDesc>
  </fileDesc>
  <encodingDesc>
   <p>Encoded according to the EpiDoc Guidelines, Schema Version 8.18</p>
   <classDecl>
    <taxonomy>
     <category xml:id='foto1'>
      <catDesc>Ingeborg Knigge</catDesc>
     </category>
    </taxonomy>
   </classDecl>
   <geoDecl xml:id="WGS" datum="WGS84">World Geodetic System</geoDecl>
  </encodingDesc>
  <profileDesc>
   <particDesc>
    <listPerson>
     <person xml:id="dds-248-1" sex='2'>
      <persName>Fradche bat ... ∞ P. ben Ch.</persName>
       <event when='1787-04-08' type="dateofdeath">
       <desc/>
      </event>
     </person>
    </listPerson>
   </particDesc>
    <langUsage>
    <!-- According to bcp47 http://tools.ietf.org/html/bcp47 (Language) and ISO15924 (writing System)-->
    <language ident='he' usage='100'>Hebrew</language>
   </langUsage>
  </profileDesc>
   <revisionDesc>
   <change/>
  </revisionDesc>
 </teiHeader>
 <facsimile>
  <graphic url='http://steinheim-institut.de/daten/picsdds/xl/0248_DDS_.png'>
    <desc>
    <ref target='#foto1'/>
    recto
   </desc>
  </graphic>
 </facsimile>
 <text>
  <body>
   <div type='edition'>
    <head>Edition</head>
     <ab>
     <lb n='1'/>
     ‎‏חבל על דאבדן ולא דמשתכחין האי‏‎
‏‎     <lb n='2'/>
     ‎‏שופרא דב״ל הא״ח היולדת‏‎
‏‎     <lb n='3'/>
     ‎‏אח״ה מרת פראדכי ז״ל ב״ה‏‎
‏‎     <lb n='4'/>
     ‎‏מאמשטרדם אשת ר׳ פ׳ ב״ר ח׳‏‎
‏‎     <lb n='5'/>
     ‎‏שי׳ מסר״ל שנפטר ונקב׳‏‎
‏‎     <lb n='6'/>
     ‎‏ביום א׳ ך׳ ניסן תקמ״ז לפ׳‏‎
‏‎     <lb n='7'/>
     ‎‏תנצב״ה ב״א‏‎
‏‎    </ab>
   </div>
   <div type='translation'>
    <head>Übersetzung</head>
     <ab>
     <lb n='1'/>
     ›Wehe über die, die verlorengehen und nicht gefunden werden‹ , ›diese 
     <lb n='2'/>
     Schönheit, die im Staube vergeht‹ , ›die tüchtige Gattin‹ , die Wöchnerin,
     <lb n='3'/>
     eine angesehene Frau, die züchtige, Frau Fradche, ihr Andenken zum Segen, Tochter des ...
     <lb n='4'/>
     aus Amsterdam, Gattin des Herrn P. Sohn des Herrn Ch.,
     <lb n='5'/>
     er möge leben, aus Saarlouis, die verschieden ist und begraben wurde
     <lb n='6'/>
     am Tag 1, 20. Nissan 547 der Zählung.
     <lb n='7'/>
     Ihre Seele sei eingebunden in das Bündel des Lebens in Eden, Amen
    </ab>
   </div>
   <div type="commentary" subtype="Zitate">
    <head>Zitate</head>
    <p>Zl 1: bSan 111a</p>
    <p>Zl 1f: bBer 5b | Zl 2: Spr 31,10</p>
   </div>
   <div type="commentary" subtype="Endkommentar">
    <head>Endkommentar</head>
    <p>Die Auflösungen der Abkürzungen sind nicht immer sicher.</p>
   </div>
   <div type="commentary" subtype="Prosopographie">
    <head>Prosopographie</head>
   </div>
   <div type="bibliography">
    <head>Bibliographie</head>
    <p>to be done ...</p>
   </div>
  </body>
 </text>
</TEI>
