﻿<?xml version="1.0" encoding="UTF-8"?>
<?xml-model href="http://www.stoa.org/epidoc/schema/8.18/tei-epidoc.rng" schematypens="http://relaxng.org/ns/structure/1.0"?>
<TEI xmlns:xi="http://www.w3.org/2001/XInclude" xmlns:svg="http://www.w3.org/2000/svg" xmlns:math="http://www.w3.org/1998/Math/MathML" xmlns="http://www.tei-c.org/ns/1.0">
 <teiHeader>
  <fileDesc>
   <titleStmt>
    <title xml:lang='de'>Grabmal für , gest. 1807-04-24, Jüdischer Friedhof Dillingen-Diefflen</title>
    <respStmt xml:lang="de">
     <resp>herausgegeben vom</resp>
     <orgName ref="http://d-nb.info/gnd/212562-6">
      Salomon Ludwig Steinheim-Institut
      <address>
       <addrLine>Edmund-Körner-Platz 2</addrLine>
       <addrLine>D-45127 Essen</addrLine>
      </address>
     </orgName>
    </respStmt>
   </titleStmt>
    <editionStmt>
    <edition/>
   </editionStmt>
   <extent/>
   <publicationStmt>
    <publisher>
     <orgName ref="http://d-nb.info/gnd/212562-6">
      Salomon Ludwig Steinheim-Institut 
      <address>
       <addrLine>Edmund-Körner-Platz 2</addrLine>
       <addrLine>D-45127 Essen</addrLine>
      </address>
     </orgName>
    </publisher>
    <idno>dds-329</idno>
    <idno type="url">http://www.steinheim-institut.de/cgi-bin/epidat?id=dds-329</idno>
    <availability xml:lang="en" status="free">
     <licence>
      <ref target="http://creativecommons.org/licenses/by/4.0/">Distributed under a Creative Commons licence Attribution-BY 4.0</ref>
      <p>
       All reuse or distribution of this work must contain somewhere a link back to the URL 
       <ref>http://www.steinheim-institut.de/cgi-bin/epidat?id=dds-329</ref>
      </p>
     </licence>
    </availability>
   </publicationStmt>
    <notesStmt>
    <note/>
   </notesStmt>
   <sourceDesc>
    <bibl>born digital</bibl>
     <msDesc>
     <msIdentifier/>
     <physDesc>
      <objectDesc>
       <supportDesc>
        <support>
         <p>
          <material>Stein</material>
         </p>
        </support>
       </supportDesc>
        <layoutDesc>
        <layout/>
       </layoutDesc>
      </objectDesc>
     </physDesc>
     <history>
      <origin>
       <date notBefore='1807-04-24'>1807-04-24</date>
       <country type="ISO_3166" key="XA-DE-SL">
        Germany
        <region>Saarland</region>
       </country>
       <settlement type='city' key='tgn:1038818'>
        Dillingen-Diefflen 
        <geogName>
         Jüdischer Friedhof
         <geo decls="#WGS">49.369234 6.753313</geo>
        </geogName>
       </settlement>
      </origin>
     </history>
    </msDesc>
   </sourceDesc>
  </fileDesc>
  <encodingDesc>
   <p>Encoded according to the EpiDoc Guidelines, Schema Version 8.18</p>
   <classDecl>
    <taxonomy>
     <category xml:id='foto1'>
      <catDesc>Ingeborg Knigge</catDesc>
     </category>
    </taxonomy>
   </classDecl>
   <geoDecl xml:id="WGS" datum="WGS84">World Geodetic System</geoDecl>
  </encodingDesc>
  <profileDesc>
    <langUsage>
    <!-- According to bcp47 http://tools.ietf.org/html/bcp47 (Language) and ISO15924 (writing System)-->
    <language ident='he' usage='94'>Hebrew</language>
    <language ident='de' usage='5'>German</language>
   </langUsage>
  </profileDesc>
   <revisionDesc>
   <change/>
  </revisionDesc>
 </teiHeader>
 <facsimile>
  <graphic url='http://steinheim-institut.de/daten/picsdds/xl/0329_DDS.png'>
    <desc>
    <ref target='#foto1'/>
    recto
   </desc>
  </graphic>
  <graphic url='http://steinheim-institut.de/daten/picsdds/xl/0329dDDS_01.png'>
    <desc>
    <ref target='#foto1'/>
    Detail
   </desc>
  </graphic>
 </facsimile>
 <text>
  <body>
   <div type='edition'>
    <head>Edition</head>
     <ab>
     <lb n='1'/>
     ‎‏פ״ט‏‎
‏‎     <lb n='2'/>
     ‎‏איש ישר כ׳‏‎
‏‎     <lb n='3'/>
     ‎‏שמול(?) ליין(?) דיל.(?)‏‎
‏‎     <lb n='4'/>
     ‎‏נפרד(?) בב׳ פ׳(?) ונקבר‏‎
‏‎     <lb n='5'/>
     ‎‏כ׳ ניסן בשנת‏‎
‏‎     <lb n='6'/>
     ‎‏תקס״ז לפ״ק‏‎
‏‎     <lb n='7'/>
     ‎‏[‎‏תנצב״ה‏‎]‏‎
‏‎    </ab>
   </div>
   <div type='translation'>
    <head>Übersetzung</head>
     <ab>
     <lb n='1'/>
     Hier ist geborgen 
     <lb n='2'/>
     ein aufrechter Mann, der geehrte
     <lb n='3'/>
     Schmul(?) Lei..(?) Dillingen(?)
     <lb n='4'/>
     Abschied genommen am 2. Pessachtag(?) und begraben
     <lb n='5'/>
     20. Nissan im Jahr
     <lb n='6'/>
     567 der kleinen Zählung.
     <lb n='7'/>
     Seine Seele sei eingebunden in das Bündel des Lebens
    </ab>
   </div>
   <div type="commentary" subtype="Prosopographie">
    <head>Prosopographie</head>
   </div>
   <div type="bibliography">
    <head>Bibliographie</head>
    <p>to be done ...</p>
   </div>
  </body>
 </text>
</TEI>
