﻿<?xml version="1.0" encoding="UTF-8"?>
<?xml-model href="http://www.stoa.org/epidoc/schema/8.18/tei-epidoc.rng" schematypens="http://relaxng.org/ns/structure/1.0"?>
<TEI xmlns:xi="http://www.w3.org/2001/XInclude" xmlns:svg="http://www.w3.org/2000/svg" xmlns:math="http://www.w3.org/1998/Math/MathML" xmlns="http://www.tei-c.org/ns/1.0">
 <teiHeader>
  <fileDesc>
   <titleStmt>
    <title xml:lang='de'>Grabmal für Schmuel ben Schlomo Halevi, gest. 1867-12-28, Jüdischer Friedhof Brüggen-Bracht</title>
    <respStmt xml:lang="de">
     <resp>herausgegeben vom</resp>
     <orgName ref="http://d-nb.info/gnd/212562-6">
      Salomon Ludwig Steinheim-Institut
      <address>
       <addrLine>Edmund-Körner-Platz 2</addrLine>
       <addrLine>D-45127 Essen</addrLine>
      </address>
     </orgName>
    </respStmt>
   </titleStmt>
    <editionStmt>
    <edition/>
   </editionStmt>
   <extent/>
   <publicationStmt>
    <publisher>
     <orgName ref="http://d-nb.info/gnd/212562-6">
      Salomon Ludwig Steinheim-Institut 
      <address>
       <addrLine>Edmund-Körner-Platz 2</addrLine>
       <addrLine>D-45127 Essen</addrLine>
      </address>
     </orgName>
    </publisher>
    <idno>e02-8</idno>
    <idno type="url">http://www.steinheim-institut.de/cgi-bin/epidat?id=e02-8</idno>
    <availability xml:lang="en" status="free">
     <licence>
      <ref target="http://creativecommons.org/licenses/by/4.0/">Distributed under a Creative Commons licence Attribution-BY 4.0</ref>
      <p>
       All reuse or distribution of this work must contain somewhere a link back to the URL 
       <ref>http://www.steinheim-institut.de/cgi-bin/epidat?id=e02-8</ref>
      </p>
     </licence>
    </availability>
   </publicationStmt>
    <notesStmt>
    <note/>
   </notesStmt>
   <sourceDesc>
    <bibl>born digital</bibl>
     <msDesc>
     <msIdentifier/>
     <physDesc>
      <objectDesc>
       <supportDesc>
        <support>
         <p>
          <material>Stein</material>
          Stele mit geschweiftem Flachbogenabschluß.
         </p>
        </support>
        <condition>
         <p>der Stein war gebrochen und wurde neu zusammen gesetzt, ein kleines Stück mit der Jahresangabe fehlt, ein Teil des Textes ist verloren. 2008: Das Grabmal ist an der alten Bruchstelle wieder auseinandergebrochen und nach hinten gekippt. 1986: Beschädigung schwer</p>
        </condition>
       </supportDesc>
        <layoutDesc>
        <layout/>
       </layoutDesc>
      </objectDesc>
      <decoDesc>
       <decoNote type='symbol'>Levitenkanne</decoNote>
      </decoDesc>
     </physDesc>
     <history>
      <origin>
       <date notBefore='1867-12-28'>1867-12-28</date>
       <country type="ISO_3166" key="XA-DE-NW">
        Germany
        <region>North Rhine-Westphalia</region>
       </country>
       <settlement type='city' key='tgn:7012407'>
        Brüggen-Bracht 
        <geogName>
         Jüdischer Friedhof
         <geo decls="#WGS">51.282076 6.17747</geo>
        </geogName>
       </settlement>
      </origin>
     </history>
    </msDesc>
   </sourceDesc>
  </fileDesc>
  <encodingDesc>
   <p>Encoded according to the EpiDoc Guidelines, Schema Version 8.18</p>
   <classDecl>
    <taxonomy>
     <category xml:id='foto1'>
      <catDesc>
       Epigraphisches Bildarchiv, 
       <orgName ref="http://d-nb.info/gnd/212562-6">Steinheim-Institut</orgName>
      </catDesc>
     </category>
    </taxonomy>
   </classDecl>
   <geoDecl xml:id="WGS" datum="WGS84">World Geodetic System</geoDecl>
  </encodingDesc>
  <profileDesc>
   <particDesc>
    <listPerson>
     <person xml:id="e02-8-1" sex='1'>
      <persName>Schmuel ben Schlomo Halevi</persName>
       <event when='1867-12-28' type="dateofdeath">
       <desc/>
      </event>
     </person>
    </listPerson>
   </particDesc>
    <langUsage>
    <!-- According to bcp47 http://tools.ietf.org/html/bcp47 (Language) and ISO15924 (writing System)-->
    <language ident='he' usage='100'>Hebrew</language>
   </langUsage>
  </profileDesc>
   <revisionDesc>
   <change/>
  </revisionDesc>
 </teiHeader>
 <facsimile>
  <graphic url='http://steinheim-institut.de/daten/picse02/xl/0008_E02_1986.jpg'>
    <desc>
    <ref target='#foto1'/>
    recto
   </desc>
  </graphic>
  <graphic url='http://steinheim-institut.de/daten/picse02/xl/0008dE02_1986.jpg'>
    <desc>
    <ref target='#foto1'/>
    Detail
   </desc>
  </graphic>
 </facsimile>
 <text>
  <body>
   <div type='edition'>
    <head>Edition</head>
     <ab>
     <lb n='1'/>
     ‎‏וילך שמואל הרמתה‏‎
‏‎     <lb n='2'/>
     ‎‏פ״נ‏‎
‏‎     <lb n='3'/>
     ‎‏איש תם וישר‏‎
‏‎     <lb n='4'/>
     ‎‏הלך תמים ופעל צדק‏‎
‏‎     <lb n='5'/>
     ‎‏ה״ה כ׳ שמואל‏‎
‏‎     <lb n='6'/>
     ‎‏בר שלמה הלוי‏‎
‏‎     <lb n='7'/>
     ‎‏אשר הלך לעולמו‏‎
‏‎     <lb n='8'/>
     ‎‏ביום ש״ק ב׳ טבת‏‎
‏‎     <lb n='9'/>
     ‎‏ונקבר בשם טוב‏‎
‏‎     <lb n='10'/>
     ‎‏ביום ב׳ ד׳ בו [...]‏‎
‏‎     <lb n='11'/>
     ‎‏שנת [...]‏‎
‏‎     <lb n='12'/>
     ‎‏תנצב״ה‏‎
‏‎    </ab>
   </div>
   <div type='translation'>
    <head>Übersetzung</head>
     <ab>
     <lb n='1'/>
     Und Schmuel ging (hinauf) zur Höhe.
     <lb n='2'/>
     Hier ist begraben
     <lb n='3'/>
     ein lauterer und aufrechter Mann,
     <lb n='4'/>
     er wandelte lauter und übte Gerechtichkeit,
     <lb n='5'/>
     es ist der geehrte Schmuel,
     <lb n='6'/>
     Sohn des Schlomo Halevi,
     <lb n='7'/>
     welcher hinging in seine Welt
     <lb n='8'/>
     am Tag des heiligen Schabbat, 2. Tewet,
     <lb n='9'/>
     und begraben wurde mit gutem Namen
     <lb n='10'/>
     am Tag 2, 4. desselben [...]
     <lb n='11'/>
     des Jahres [628].
     <lb n='12'/>
     Seine Seele sei eingebunden in das Bündel des Lebens
    </ab>
   </div>
   <div type="commentary" subtype="Zeilenkommentar">
    <head>Zeilenkommentar</head>
    <p>Zl 1: 1Sam 15,34.</p>
    <p>Zl 3: Ijob 1,1; 1,8; 2,3.</p>
    <p>Zl 4: Ps 15,2. Schreibfehler im dritten Wort: ‎‏פאל‏‎ statt ‎‏פעל‏‎.</p>
    <p>Zl 7: Vgl. Koh 12,5.</p>
    <p>Zl 9b: bBer 17a.</p>
    <p>Zl 11: Das Sterbejahr wurde entsprechend der Angabe von Rehm (s.u.) ergänzt.</p>
   </div>
   <div type="commentary" subtype="Prosopographie">
    <head>Prosopographie</head>
    <p>Der Gemeindevorsteher Samuel Zanders war verheiratet mit Adelheid Franken. 1851 wurde seine Tochter Friederike geboren, die Samuel Cappel aus Bracht heiratete. Sein Sohn Max vermählte sich mit der aus Wassenberg stammenden Sara Heumann. Seine 1853 geborene Tochter Wilhelmina, verheiratete Heymann, lebte in Heinsberg und wurde von Aachen nach Theresienstadt deportiert und ermordet.</p>
   </div>
   <div type="bibliography">
    <head>Bibliographie</head>
    <p>to be done ...</p>
   </div>
  </body>
 </text>
</TEI>
