﻿<?xml version="1.0" encoding="UTF-8"?>
<?xml-model href="http://www.stoa.org/epidoc/schema/8.18/tei-epidoc.rng" schematypens="http://relaxng.org/ns/structure/1.0"?>
<TEI xmlns:xi="http://www.w3.org/2001/XInclude" xmlns:svg="http://www.w3.org/2000/svg" xmlns:math="http://www.w3.org/1998/Math/MathML" xmlns="http://www.tei-c.org/ns/1.0">
 <teiHeader>
  <fileDesc>
   <titleStmt>
    <title xml:lang='de'>Grabmal für Edel bat Issachar ∞ Schmuel ben Schlomo (Adelheid Zanders geb. Franken), gest. 1884-07-30, Jüdischer Friedhof Brüggen-Bracht</title>
    <respStmt xml:lang="de">
     <resp>herausgegeben vom</resp>
     <orgName ref="http://d-nb.info/gnd/212562-6">
      Salomon Ludwig Steinheim-Institut
      <address>
       <addrLine>Edmund-Körner-Platz 2</addrLine>
       <addrLine>D-45127 Essen</addrLine>
      </address>
     </orgName>
    </respStmt>
   </titleStmt>
    <editionStmt>
    <edition/>
   </editionStmt>
   <extent/>
   <publicationStmt>
    <publisher>
     <orgName ref="http://d-nb.info/gnd/212562-6">
      Salomon Ludwig Steinheim-Institut 
      <address>
       <addrLine>Edmund-Körner-Platz 2</addrLine>
       <addrLine>D-45127 Essen</addrLine>
      </address>
     </orgName>
    </publisher>
    <idno>e02-14</idno>
    <idno type="url">http://www.steinheim-institut.de/cgi-bin/epidat?id=e02-14</idno>
    <availability xml:lang="en" status="free">
     <licence>
      <ref target="http://creativecommons.org/licenses/by/4.0/">Distributed under a Creative Commons licence Attribution-BY 4.0</ref>
      <p>
       All reuse or distribution of this work must contain somewhere a link back to the URL 
       <ref>http://www.steinheim-institut.de/cgi-bin/epidat?id=e02-14</ref>
      </p>
     </licence>
    </availability>
   </publicationStmt>
    <notesStmt>
    <note/>
   </notesStmt>
   <sourceDesc>
    <bibl>born digital</bibl>
     <msDesc>
     <msIdentifier/>
     <physDesc>
      <objectDesc>
       <supportDesc>
        <support>
         <p>
          <material>Stein</material>
          Schmalhohe Stele mit geschweiftem Flachbogenabschluß.
         </p>
        </support>
        <condition>
         <p>
          das Grabmal war gebrochen und wurde wieder zusammengesetzt. 2008: Das Grabmal ist an der Bruchstelle wieder auseinandergebrochen, der Giebel liegt vor dem Stein. Beschädigung schwer 
          <damage agent='Verwitterung'>1986: Verwitterung mittel</damage>
         </p>
        </condition>
       </supportDesc>
        <layoutDesc>
        <layout/>
       </layoutDesc>
      </objectDesc>
     </physDesc>
     <history>
      <origin>
       <date notBefore='1884-07-30'>1884-07-30</date>
       <country type="ISO_3166" key="XA-DE-NW">
        Germany
        <region>North Rhine-Westphalia</region>
       </country>
       <settlement type='city' key='tgn:7012407'>
        Brüggen-Bracht 
        <geogName>
         Jüdischer Friedhof
         <geo decls="#WGS">51.282076 6.17747</geo>
        </geogName>
       </settlement>
      </origin>
     </history>
    </msDesc>
   </sourceDesc>
  </fileDesc>
  <encodingDesc>
   <p>Encoded according to the EpiDoc Guidelines, Schema Version 8.18</p>
   <classDecl>
    <taxonomy>
     <category xml:id='foto1'>
      <catDesc>
       Epigraphisches Bildarchiv, 
       <orgName ref="http://d-nb.info/gnd/212562-6">Steinheim-Institut</orgName>
      </catDesc>
     </category>
    </taxonomy>
   </classDecl>
   <geoDecl xml:id="WGS" datum="WGS84">World Geodetic System</geoDecl>
  </encodingDesc>
  <profileDesc>
   <particDesc>
    <listPerson>
     <person xml:id="e02-14-1" sex='2'>
      <persName>Edel bat Issachar ∞ Schmuel ben Schlomo (Adelheid Zanders geb. Franken)</persName>
       <event when='1884-07-30' type="dateofdeath">
       <desc/>
      </event>
     </person>
    </listPerson>
   </particDesc>
    <langUsage>
    <!-- According to bcp47 http://tools.ietf.org/html/bcp47 (Language) and ISO15924 (writing System)-->
    <language ident='he' usage='68'>Hebrew</language>
    <language ident='de' usage='31'>German</language>
   </langUsage>
  </profileDesc>
   <revisionDesc>
   <change/>
  </revisionDesc>
 </teiHeader>
 <facsimile>
  <graphic url='http://steinheim-institut.de/daten/picse02/xl/0014_E02_1986.jpg'>
    <desc>
    <ref target='#foto1'/>
    recto
   </desc>
  </graphic>
  <graphic url='http://steinheim-institut.de/daten/picse02/xl/0014dE02_1986.jpg'>
    <desc>
    <ref target='#foto1'/>
    Detail
   </desc>
  </graphic>
 </facsimile>
 <text>
  <body>
   <div type='edition'>
    <head>Edition</head>
     <ab>
     <lb n='1'/>
     ‎‏פ״נ‏‎
‏‎     <lb n='2'/>
     ‎‏אשה חשובה עטרת בעלה ובניה‏‎
‏‎     <lb n='3'/>
     ‎‏מרת‏‎
‏‎     <lb n='4'/>
     ‎‏עדל בת יששכר‏‎
‏‎     <lb n='5'/>
     ‎‏אשת שמואל בר שלמה‏‎
‏‎     <lb n='6'/>
     ‎‏הלכה לעולמה‏‎
‏‎     <lb n='7'/>
     ‎‏ביום ד׳ ערב ט׳ באב תרמ״ד לפ״ק‏‎
‏‎     <lb n='8'/>
     ‎‏תנצב״ה‏‎
‏‎     <lb n='9'/>
     Adelheid Zanders
     <lb n='10'/>
     geb. Franken
     <lb n='11'/>
     gest. 30. Juli 1884
     <lb n='12'/>
     im 67. Lebensjahre
    </ab>
   </div>
   <div type='translation'>
    <head>Übersetzung</head>
     <ab>
     <lb n='1'/>
     Hier ist begraben
     <lb n='2'/>
     eine angesehene Frau, Krone ihres Gatten und ihrer Kinder,
     <lb n='3'/>
     Frau
     <lb n='4'/>
     Edel, Tochter des Issachar,
     <lb n='5'/>
     Gattin des Schmuel, Sohn des Schlomo,
     <lb n='6'/>
     sie ging hin in ihre Welt
     <lb n='7'/>
     am Tag 4, Vorabend des Neunten Aw 644 nach kleiner Zählung.
     <lb n='8'/>
     Ihre Seele sei eingebunden in das Bündel des Lebens
    </ab>
   </div>
   <div type="commentary" subtype="Zeilenkommentar">
    <head>Zeilenkommentar</head>
    <p>Zl 2b: Spr 12,4.</p>
    <p>Zl 6: Vgl. Koh 12,5.</p>
   </div>
   <div type="commentary" subtype="Prosopographie">
    <head>Prosopographie</head>
    <p>Adelheid Franken war verheiratet mit dem Handelsmann Samuel Zanders, der Gemeindevorsteher war und 1867 starb. 1851 wurde ihre Tochter Friederike geboren, die Samuel Cappel aus Bracht heiratete. Ihr Sohn Max vermählte sich mit der aus Wassenberg stammenden Sara Heumann. Ihre 1853 geborene Tochter Wilhelmina, verheiratete Heymann, lebte in Heinsberg und wurde von Aachen nach Theresienstadt deportiert.</p>
   </div>
   <div type="bibliography">
    <head>Bibliographie</head>
    <p>to be done ...</p>
   </div>
  </body>
 </text>
</TEI>
