﻿<?xml version="1.0" encoding="UTF-8"?>
<?xml-model href="http://www.stoa.org/epidoc/schema/8.18/tei-epidoc.rng" schematypens="http://relaxng.org/ns/structure/1.0"?>
<TEI xmlns:xi="http://www.w3.org/2001/XInclude" xmlns:svg="http://www.w3.org/2000/svg" xmlns:math="http://www.w3.org/1998/Math/MathML" xmlns="http://www.tei-c.org/ns/1.0">
 <teiHeader>
  <fileDesc>
   <titleStmt>
    <title xml:lang='de'>Grabmal für Blum bat Binjamin ∞ Jehuda ben Todrus (Aplonia Lichtenstein geb. Franken), gest. 1855-10-27, Jüdischer Friedhof Dormagen-Zons</title>
    <respStmt xml:lang="de">
     <resp>herausgegeben vom</resp>
     <orgName ref="http://d-nb.info/gnd/212562-6">
      Salomon Ludwig Steinheim-Institut
      <address>
       <addrLine>Edmund-Körner-Platz 2</addrLine>
       <addrLine>D-45127 Essen</addrLine>
      </address>
     </orgName>
    </respStmt>
   </titleStmt>
    <editionStmt>
    <edition/>
   </editionStmt>
   <extent/>
   <publicationStmt>
    <publisher>
     <orgName ref="http://d-nb.info/gnd/212562-6">
      Salomon Ludwig Steinheim-Institut 
      <address>
       <addrLine>Edmund-Körner-Platz 2</addrLine>
       <addrLine>D-45127 Essen</addrLine>
      </address>
     </orgName>
    </publisher>
    <idno>e04-1</idno>
    <idno type="url">http://www.steinheim-institut.de/cgi-bin/epidat?id=e04-1</idno>
    <availability xml:lang="en" status="free">
     <licence>
      <ref target="http://creativecommons.org/licenses/by/4.0/">Distributed under a Creative Commons licence Attribution-BY 4.0</ref>
      <p>
       All reuse or distribution of this work must contain somewhere a link back to the URL 
       <ref>http://www.steinheim-institut.de/cgi-bin/epidat?id=e04-1</ref>
      </p>
     </licence>
    </availability>
   </publicationStmt>
    <notesStmt>
    <note/>
   </notesStmt>
   <sourceDesc>
    <bibl>born digital</bibl>
     <msDesc>
     <msIdentifier/>
     <physDesc>
      <objectDesc>
       <supportDesc>
        <support>
         <p>
          <material>Stein</material>
          Schmalhohe Stele mit eingezogenem Rundbogenabschluß mit vorkragendem Rand.
         </p>
        </support>
        <condition>
         <p>
           
          <damage agent='Verwitterung'>1985: Verwitterung mittel. 2007: Die Verwitterung ist weiter fortgeschritten.</damage>
         </p>
        </condition>
       </supportDesc>
        <layoutDesc>
        <layout/>
       </layoutDesc>
      </objectDesc>
     </physDesc>
     <history>
      <origin>
       <date notBefore='1855-10-27'>1855-10-27</date>
       <country type="ISO_3166" key="XA-DE-NW">
        Germany
        <region>North Rhine-Westphalia</region>
       </country>
       <settlement type='city' key='tgn:7004977'>
        Dormagen-Zons 
        <geogName>
         Jüdischer Friedhof
         <geo decls="#WGS">51.122179 6.83253</geo>
        </geogName>
       </settlement>
      </origin>
     </history>
    </msDesc>
   </sourceDesc>
  </fileDesc>
  <encodingDesc>
   <p>Encoded according to the EpiDoc Guidelines, Schema Version 8.18</p>
   <classDecl>
    <taxonomy>
     <category xml:id='foto1'>
      <catDesc>
       <persName ref='http://d-nb.info/gnd/128472499' role='photographer'>Bert Sommer</persName>
      </catDesc>
     </category>
     <category xml:id='foto2'>
      <catDesc>
       Epigraphisches Bildarchiv, 
       <orgName ref="http://d-nb.info/gnd/212562-6">Steinheim-Institut</orgName>
      </catDesc>
     </category>
    </taxonomy>
   </classDecl>
   <geoDecl xml:id="WGS" datum="WGS84">World Geodetic System</geoDecl>
  </encodingDesc>
  <profileDesc>
   <particDesc>
    <listPerson>
     <person xml:id="e04-1-1" sex='2'>
      <persName>Blum bat Binjamin ∞ Jehuda ben Todrus (Aplonia Lichtenstein geb. Franken)</persName>
       <event when='1855-10-27' type="dateofdeath">
       <desc/>
      </event>
     </person>
    </listPerson>
   </particDesc>
    <langUsage>
    <!-- According to bcp47 http://tools.ietf.org/html/bcp47 (Language) and ISO15924 (writing System)-->
    <language ident='he' usage='57'>Hebrew</language>
    <language ident='de' usage='42'>German</language>
   </langUsage>
  </profileDesc>
   <revisionDesc>
   <change/>
  </revisionDesc>
 </teiHeader>
 <facsimile>
  <graphic url='http://steinheim-institut.de/daten/picse04/xl/0001_E04_070720EPS4182hb.jpg'>
    <desc>
    <ref target='#foto1'/>
    recto
   </desc>
  </graphic>
 </facsimile>
 <text>
  <body>
   <div type='edition'>
    <head>Edition</head>
     <ab>
     <lb n='1'/>
     ‎‏פ״נ‏‎
‏‎     <lb n='2'/>
     ‎‏אשה מהוללה בלום‏‎
‏‎     <lb n='3'/>
     ‎‏בת בנימין אשת‏‎
‏‎     <lb n='4'/>
     ‎‏יהודה בר תדרת‏‎
‏‎     <lb n='5'/>
     ‎‏נפטרה ביום י״ד‏‎
‏‎     <lb n='6'/>
     ‎‏חשון תרט״ז‏‎
‏‎     <lb n='7'/>
     ‎‏תנצב״ה‏‎
‏‎     <lb n='8'/>
     Aplonia Lichtenstein
     <lb n='9'/>
     geb. Franken
     <lb n='10'/>
     geb. 1. Octob. 1815
     <lb n='11'/>
     gest. 27. Octob. 1855
    </ab>
   </div>
   <div type='translation'>
    <head>Übersetzung</head>
     <ab>
     <lb n='1'/>
     Hier ist begraben
     <lb n='2'/>
     eine gepriesene Frau, Blum,
     <lb n='3'/>
     Tochter des Binjamin, Gattin des
     <lb n='4'/>
     Jehuda, Sohn des Todrus,
     <lb n='5'/>
     verschieden am 14. Tag des
     <lb n='6'/>
     Cheschvan 616.
     <lb n='7'/>
     Ihre Seele sei eingebunden in das Bündel des Lebens
    </ab>
   </div>
   <div type="commentary" subtype="Prosopographie">
    <head>Prosopographie</head>
   </div>
   <div type="bibliography">
    <head>Bibliographie</head>
    <p>to be done ...</p>
   </div>
  </body>
 </text>
</TEI>
