﻿<?xml version="1.0" encoding="UTF-8"?>
<?xml-model href="http://www.stoa.org/epidoc/schema/8.18/tei-epidoc.rng" schematypens="http://relaxng.org/ns/structure/1.0"?>
<TEI xmlns:xi="http://www.w3.org/2001/XInclude" xmlns:svg="http://www.w3.org/2000/svg" xmlns:math="http://www.w3.org/1998/Math/MathML" xmlns="http://www.tei-c.org/ns/1.0">
 <teiHeader>
  <fileDesc>
   <titleStmt>
    <title xml:lang='de'>Grabmal für Menachem Mendle ben Josef, gest. 1829-11-01, Jüdischer Friedhof Issum</title>
    <respStmt xml:lang="de">
     <resp>herausgegeben vom</resp>
     <orgName ref="http://d-nb.info/gnd/212562-6">
      Salomon Ludwig Steinheim-Institut
      <address>
       <addrLine>Edmund-Körner-Platz 2</addrLine>
       <addrLine>D-45127 Essen</addrLine>
      </address>
     </orgName>
    </respStmt>
   </titleStmt>
    <editionStmt>
    <edition/>
   </editionStmt>
   <extent/>
   <publicationStmt>
    <publisher>
     <orgName ref="http://d-nb.info/gnd/212562-6">
      Salomon Ludwig Steinheim-Institut 
      <address>
       <addrLine>Edmund-Körner-Platz 2</addrLine>
       <addrLine>D-45127 Essen</addrLine>
      </address>
     </orgName>
    </publisher>
    <idno>e06-15</idno>
    <idno type="url">http://www.steinheim-institut.de/cgi-bin/epidat?id=e06-15</idno>
    <availability xml:lang="en" status="free">
     <licence>
      <ref target="http://creativecommons.org/licenses/by/4.0/">Distributed under a Creative Commons licence Attribution-BY 4.0</ref>
      <p>
       All reuse or distribution of this work must contain somewhere a link back to the URL 
       <ref>http://www.steinheim-institut.de/cgi-bin/epidat?id=e06-15</ref>
      </p>
     </licence>
    </availability>
   </publicationStmt>
    <notesStmt>
    <note/>
   </notesStmt>
   <sourceDesc>
    <bibl>born digital</bibl>
     <msDesc>
     <msIdentifier/>
     <physDesc>
      <objectDesc>
       <supportDesc>
        <support>
         <p>
          <material>Stein</material>
          Schmalhohe Stele mit geschweiftem und eingezogenen Rundbogenabschluß mit kleinem halbrunden Aufsatz auf dem Scheitel, und vertieftem Schriftfeld.
         </p>
        </support>
        <condition></condition>
       </supportDesc>
        <layoutDesc>
        <layout/>
       </layoutDesc>
      </objectDesc>
      <decoDesc>
       <decoNote type='ornament'>gestalterisch: kleiner sechszackiger Stern (oder Blüte?) im Giebelfeld.</decoNote>
      </decoDesc>
     </physDesc>
     <history>
      <origin>
       <date notBefore='1829-11-01'>1829-11-01</date>
       <country type="ISO_3166" key="XA-DE-NW">
        Germany
        <region>North Rhine-Westphalia</region>
       </country>
       <settlement type='city' key='tgn:1039751'>
        Issum 
        <geogName>
         Jüdischer Friedhof
         <geo decls="#WGS">51.548572 6.45326</geo>
        </geogName>
       </settlement>
      </origin>
     </history>
    </msDesc>
   </sourceDesc>
  </fileDesc>
  <encodingDesc>
   <p>Encoded according to the EpiDoc Guidelines, Schema Version 8.18</p>
   <classDecl>
    <taxonomy>
     <category xml:id='foto1'>
      <catDesc>
       Epigraphisches Bildarchiv, 
       <orgName ref="http://d-nb.info/gnd/212562-6">Steinheim-Institut</orgName>
      </catDesc>
     </category>
     <category xml:id='foto2'>
      <catDesc>Nathanja Hüttenmeister</catDesc>
     </category>
    </taxonomy>
   </classDecl>
   <geoDecl xml:id="WGS" datum="WGS84">World Geodetic System</geoDecl>
  </encodingDesc>
  <profileDesc>
   <particDesc>
    <listPerson>
     <person xml:id="e06-15-1" sex='1'>
      <persName>Menachem Mendle ben Josef</persName>
       <event when='1829-11-01' type="dateofdeath">
       <desc/>
      </event>
     </person>
    </listPerson>
   </particDesc>
    <langUsage>
    <!-- According to bcp47 http://tools.ietf.org/html/bcp47 (Language) and ISO15924 (writing System)-->
    <language ident='he' usage='100'>Hebrew</language>
   </langUsage>
  </profileDesc>
   <revisionDesc>
   <change/>
  </revisionDesc>
 </teiHeader>
 <facsimile>
  <graphic url='http://steinheim-institut.de/daten/picse06/xl/0015_E06_1_1983.jpg'>
    <desc>
    <ref target='#foto1'/>
    recto
   </desc>
  </graphic>
  <graphic url='http://steinheim-institut.de/daten/picse06/xl/0015_E06_2_1990.jpg'>
    <desc>
    <ref target='#foto1'/>
    recto
   </desc>
  </graphic>
 </facsimile>
 <text>
  <body>
   <div type='edition'>
    <head>Edition</head>
     <ab>
     <lb n='1'/>
     ‎‏פ״נ‏‎
‏‎     <lb n='2'/>
     ‎‏מנחם מענדלי בן יוסף‏‎
‏‎     <lb n='3'/>
     ‎‏מגעלדרן נפטר בשם‏‎
‏‎     <lb n='4'/>
     ‎‏טוב יום א׳ ה׳ מרחשון‏‎
‏‎     <lb n='5'/>
     ‎‏בן ארבעה וארבעים‏‎
‏‎     <lb n='6'/>
     ‎‏שנה ונקבר ביום‏‎
‏‎     <lb n='7'/>
     ‎‏ב׳ ו׳ מרחשון תק״צ‏‎
‏‎     <lb n='8'/>
     ‎‏לפ״ק‏‎
‏‎     <lb n='9'/>
     ‎‏תנצב״ה בגן עדן‏‎
‏‎     <lb n='10'/>
     ‎‏אמן‏‎
‏‎    </ab>
   </div>
   <div type='translation'>
    <head>Übersetzung</head>
     <ab>
     <lb n='1'/>
     Hier ist begraben
     <lb n='2'/>
     Menachem Mendle, Sohn des Josef
     <lb n='3'/>
     aus Geldern, verschieden ›mit gutem
     <lb n='4'/>
     Namen‹ Tag 1, 5. Marcheschvan,
     <lb n='5'/>
     im Alter von vierundvierzig Jahren,
     <lb n='6'/>
     und begraben am Tag
     <lb n='7'/>
     2, 6. Marcheschvan 590
     <lb n='8'/>
     der kleinen Zählung.
     <lb n='9'/>
     Seine Seele sei eingebunden in das Bündel des Lebens in den Garten Eden
     <lb n='10'/>
     Amen
    </ab>
   </div>
   <div type="commentary" subtype="Zitate">
    <head>Zitate</head>
    <p>Zl 3f: bBer 17a</p>
   </div>
   <div type="commentary" subtype="Prosopographie">
    <head>Prosopographie</head>
    <p>Menachem Mendle, der den bürgerlichen Namen Emanuel Hertzberger annahm, war um 1785 in Hoerstgen geboren worden und lebte als Metzger in Geldern. Verheiratet war er mit der aus Haltern stammenden Johanna Weinberg. Aus der Ehe gingen vier Kinder hervor: Frederica (1821-1878 Krefeld), die 1825 geborene Helena, der 1827 geborene Jacob und die 1830 geborene Mina.</p>
   </div>
   <div type="bibliography">
    <head>Bibliographie</head>
    <p>to be done ...</p>
   </div>
  </body>
 </text>
</TEI>
