﻿<?xml version="1.0" encoding="UTF-8"?>
<?xml-model href="http://www.stoa.org/epidoc/schema/8.18/tei-epidoc.rng" schematypens="http://relaxng.org/ns/structure/1.0"?>
<TEI xmlns:xi="http://www.w3.org/2001/XInclude" xmlns:svg="http://www.w3.org/2000/svg" xmlns:math="http://www.w3.org/1998/Math/MathML" xmlns="http://www.tei-c.org/ns/1.0">
 <teiHeader>
  <fileDesc>
   <titleStmt>
    <title xml:lang='de'>Grabmal für Naftali ben Josef Mosche, gest. 1829-11-04, Ries bat Aharon ∞ Naftali Hirz Damm, gest. 1830-02-15, Jüdischer Friedhof Grevenbroich-Hemmerden</title>
    <respStmt xml:lang="de">
     <resp>herausgegeben vom</resp>
     <orgName ref="http://d-nb.info/gnd/212562-6">
      Salomon Ludwig Steinheim-Institut
      <address>
       <addrLine>Edmund-Körner-Platz 2</addrLine>
       <addrLine>D-45127 Essen</addrLine>
      </address>
     </orgName>
    </respStmt>
   </titleStmt>
    <editionStmt>
    <edition/>
   </editionStmt>
   <extent/>
   <publicationStmt>
    <publisher>
     <orgName ref="http://d-nb.info/gnd/212562-6">
      Salomon Ludwig Steinheim-Institut 
      <address>
       <addrLine>Edmund-Körner-Platz 2</addrLine>
       <addrLine>D-45127 Essen</addrLine>
      </address>
     </orgName>
    </publisher>
    <idno>e11-2</idno>
    <idno type="url">http://www.steinheim-institut.de/cgi-bin/epidat?id=e11-2</idno>
    <availability xml:lang="en" status="free">
     <licence>
      <ref target="http://creativecommons.org/licenses/by/4.0/">Distributed under a Creative Commons licence Attribution-BY 4.0</ref>
      <p>
       All reuse or distribution of this work must contain somewhere a link back to the URL 
       <ref>http://www.steinheim-institut.de/cgi-bin/epidat?id=e11-2</ref>
      </p>
     </licence>
    </availability>
   </publicationStmt>
    <notesStmt>
    <note/>
   </notesStmt>
   <sourceDesc>
    <bibl>born digital</bibl>
     <msDesc>
     <msIdentifier/>
     <physDesc>
      <objectDesc>
       <supportDesc>
        <support>
         <p>
          <material>Stein</material>
          Breite Stele mit zwei hervorstehenden, hochrechteckigen Schrifttafeln.
         </p>
        </support>
        <condition>
         <p>
           Beschädigung leicht. 2007: Die Verwitterung, insbesondere der Inschrift der Frau, hat weiter zugenommen. 
          <damage agent='Verwitterung'>1986: Verwitterung stark</damage>
         </p>
        </condition>
       </supportDesc>
        <layoutDesc>
        <layout/>
       </layoutDesc>
      </objectDesc>
     </physDesc>
     <history>
      <origin>
       <date notBefore='1829-11-04'>1829-11-04</date>
       <country type="ISO_3166" key="XA-DE-NW">
        Germany
        <region>North Rhine-Westphalia</region>
       </country>
       <settlement type='city' key='tgn:1039540'>
        Grevenbroich-Hemmerden 
        <geogName>
         Jüdischer Friedhof
         <geo decls="#WGS">51.121456 6.577076</geo>
        </geogName>
       </settlement>
      </origin>
     </history>
    </msDesc>
   </sourceDesc>
  </fileDesc>
  <encodingDesc>
   <p>Encoded according to the EpiDoc Guidelines, Schema Version 8.18</p>
   <classDecl>
    <taxonomy>
     <category xml:id='foto1'>
      <catDesc>
       <persName ref='http://d-nb.info/gnd/128472499' role='photographer'>Bert Sommer</persName>
      </catDesc>
     </category>
    </taxonomy>
   </classDecl>
   <geoDecl xml:id="WGS" datum="WGS84">World Geodetic System</geoDecl>
  </encodingDesc>
  <profileDesc>
   <particDesc>
    <listPerson>
     <person xml:id="e11-2-1" sex='1'>
      <persName>Naftali ben Josef Mosche</persName>
       <event when='1829-11-04' type="dateofdeath">
       <desc/>
      </event>
     </person>
     <person xml:id="e11-2-2" sex='2'>
      <persName>Ries bat Aharon ∞ Naftali Hirz Damm</persName>
       <event when='1830-02-15' type="dateofdeath">
       <desc/>
      </event>
     </person>
    </listPerson>
   </particDesc>
    <langUsage>
    <!-- According to bcp47 http://tools.ietf.org/html/bcp47 (Language) and ISO15924 (writing System)-->
    <language ident='he' usage='100'>Hebrew</language>
   </langUsage>
  </profileDesc>
   <revisionDesc>
   <change/>
  </revisionDesc>
 </teiHeader>
 <facsimile>
  <graphic url='http://steinheim-institut.de/daten/picse11/xl/0002_E11_070919EPS8594hb.jpg'>
    <desc>
    <ref target='#foto1'/>
    recto
   </desc>
  </graphic>
  <graphic url='http://steinheim-institut.de/daten/maps/svg/e11.svg' xml:id="map">
    <desc type='map'>
    <date when='2013-11-26T14:24:19'/>
   </desc>
  </graphic>
 </facsimile>
 <text>
  <body>
   <div type='edition'>
    <head>Edition</head>
     <ab>
     <lb n='1'/>
     ‎‏פ״נ // פ״נ‏‎
‏‎     <lb n='2'/>
     ‎‏איש ישר ותמים // אשת חיל כל מעשיה‏‎
‏‎     <lb n='3'/>
     ‎‏כל מעשיו היו שלמ׳ // צדקתה בכל עניניה‏‎
‏‎     <lb n='4'/>
     ‎‏גופו תנוח ארצה // עלתה נשמתה לשמים‏‎
‏‎     <lb n='5'/>
     ‎‏ונשמתו לגן עדן נר׳ // ותנוח שם כ[...]‏‎
‏‎     <lb n='6'/>
     ‎‏הוא נפתלי בר ה״ר // היא האשה ריס‏‎
‏‎     <lb n='7'/>
     ‎‏יוסף משה נפטר // בת אהרן אשת‏‎
‏‎     <lb n='8'/>
     ‎‏ונקבר ביום ה׳ ב׳ // נפתלי הירץ דאם‏‎
‏‎     <lb n='9'/>
     ‎‏אדר תק״ץ לפ״ק // נפטרת ונקברת ביו׳‏‎
‏‎     <lb n='10'/>
     ‎‏תנצב״ה // ד׳ ח׳ חשון תק״ץ לפ״ק‏‎
‏‎     <lb n='11'/>
     ‎‏// ‎‏תנצב״ה‏‎
‏‎    </ab>
   </div>
   <div type='translation'>
    <head>Übersetzung</head>
     <ab>
     <lb n='1'/>
     Hier ist begraben // Hier ist begraben
     <lb n='2'/>
     ein aufrechter und lauterer Mann, // ›eine tüchtige Gattin‹ (in) all ihren Taten,
     <lb n='3'/>
     all seine Taten waren vollkommen, // eine Gerechte in allen Belangen,
     <lb n='4'/>
     sein Leib ruhe in der Erde // empor stieg ihre Seele zum Himmel,
     <lb n='5'/>
     und seine Seele sei im Garten Eden willkommen, // und sie ruhe dort ...
     <lb n='6'/>
     es ist Naftali, Sohn des geehrten // es ist die Frau Ries,
     <lb n='7'/>
     Josef Mosche, verschieden // Tochter des Aharon, Gattin des
     <lb n='8'/>
     und begraben am Tag 5, 2. // Naftali Hirz Damm,
     <lb n='9'/>
     Adar 590 der kleinen Zählung. // verschieden und begraben am Tag
     <lb n='10'/>
     Seine Seele sei eingebunden in das Bündel des Lebens // 4, 8. Cheschvan 590 der kleinen Zählung.
     <lb n='11'/>
     // Ihre Seele sei eingebunden in das Bündel des Lebens
    </ab>
   </div>
   <div type="commentary" subtype="Zitate">
    <head>Zitate</head>
    <p>Zl 2: Spr 31,10</p>
   </div>
   <div type='commentary' subtype='Stilmittel'>
    <head>Stilmittel</head>
    <p>
     <label>Reim</label>
      Naftali: Reim auf -min in Zln 2-3, auf -rza in Zln 4-5.
    </p>
    <p>
     <label>Reim</label>
      Ries: Reim auf -ejha in Zln 2-3, auf -min in Zln 4-5?
    </p>
   </div>
   <div type="commentary" subtype="Prosopographie">
    <head>Prosopographie</head>
   </div>
   <div type="bibliography">
    <head>Bibliographie</head>
    <p>to be done ...</p>
   </div>
  </body>
 </text>
</TEI>
