﻿<?xml version="1.0" encoding="UTF-8"?>
<?xml-model href="http://www.stoa.org/epidoc/schema/8.18/tei-epidoc.rng" schematypens="http://relaxng.org/ns/structure/1.0"?>
<TEI xmlns:xi="http://www.w3.org/2001/XInclude" xmlns:svg="http://www.w3.org/2000/svg" xmlns:math="http://www.w3.org/1998/Math/MathML" xmlns="http://www.tei-c.org/ns/1.0">
 <teiHeader>
  <fileDesc>
   <titleStmt>
    <title xml:lang='de'>Grabmal für Fegelche ∞ ... Kaufmann, gest. 1850-02-03, Jüdischer Friedhof Grevenbroich-Wevelinghoven</title>
    <respStmt xml:lang="de">
     <resp>herausgegeben vom</resp>
     <orgName ref="http://d-nb.info/gnd/212562-6">
      Salomon Ludwig Steinheim-Institut
      <address>
       <addrLine>Edmund-Körner-Platz 2</addrLine>
       <addrLine>D-45127 Essen</addrLine>
      </address>
     </orgName>
    </respStmt>
   </titleStmt>
    <editionStmt>
    <edition/>
   </editionStmt>
   <extent/>
   <publicationStmt>
    <publisher>
     <orgName ref="http://d-nb.info/gnd/212562-6">
      Salomon Ludwig Steinheim-Institut 
      <address>
       <addrLine>Edmund-Körner-Platz 2</addrLine>
       <addrLine>D-45127 Essen</addrLine>
      </address>
     </orgName>
    </publisher>
    <idno>e13-23</idno>
    <idno type="url">http://www.steinheim-institut.de/cgi-bin/epidat?id=e13-23</idno>
    <availability xml:lang="en" status="free">
     <licence>
      <ref target="http://creativecommons.org/licenses/by/4.0/">Distributed under a Creative Commons licence Attribution-BY 4.0</ref>
      <p>
       All reuse or distribution of this work must contain somewhere a link back to the URL 
       <ref>http://www.steinheim-institut.de/cgi-bin/epidat?id=e13-23</ref>
      </p>
     </licence>
    </availability>
   </publicationStmt>
    <notesStmt>
    <note/>
   </notesStmt>
   <sourceDesc>
    <bibl>born digital</bibl>
     <msDesc>
     <msIdentifier/>
     <physDesc>
      <objectDesc>
       <supportDesc>
        <support>
         <p>
          <material>Stein</material>
          Stele mit Rundbogenabschluß und leicht eingetieftem Schriftfeld.
         </p>
        </support>
        <condition>
         <p>
           
          <damage agent='Verwitterung'>1986: Verwitterung starkdas Grabmal ist tief eingesunken, die Inschrift oberhalb des Erdbodens ist stark verwittert. 2007: Die Verwitterung hat weiter zugenommen, doch das Grabmal ist nicht mehr so tief eingesunken.</damage>
         </p>
        </condition>
       </supportDesc>
        <layoutDesc>
        <layout/>
       </layoutDesc>
      </objectDesc>
     </physDesc>
     <history>
      <origin>
       <date notBefore='1850-02-03'>1850-02-03</date>
       <country type="ISO_3166" key="XA-DE-NW">
        Germany
        <region>North Rhine-Westphalia</region>
       </country>
       <settlement type='city' key='tgn:1041796'>
        Grevenbroich-Wevelinghoven 
        <geogName>
         Jüdischer Friedhof
         <geo decls="#WGS">51.102276 6.626595</geo>
        </geogName>
       </settlement>
      </origin>
     </history>
    </msDesc>
   </sourceDesc>
  </fileDesc>
  <encodingDesc>
   <p>Encoded according to the EpiDoc Guidelines, Schema Version 8.18</p>
   <classDecl>
    <taxonomy>
     <category xml:id='foto1'>
      <catDesc>
       <persName ref='http://d-nb.info/gnd/128472499' role='photographer'>Bert Sommer</persName>
      </catDesc>
     </category>
    </taxonomy>
   </classDecl>
   <geoDecl xml:id="WGS" datum="WGS84">World Geodetic System</geoDecl>
  </encodingDesc>
  <profileDesc>
   <particDesc>
    <listPerson>
     <person xml:id="e13-23-1" sex='2'>
      <persName>Fegelche ∞ ... Kaufmann</persName>
       <event when='1850-02-03' type="dateofdeath">
       <desc/>
      </event>
     </person>
    </listPerson>
   </particDesc>
    <langUsage>
    <!-- According to bcp47 http://tools.ietf.org/html/bcp47 (Language) and ISO15924 (writing System)-->
    <language ident='he' usage='100'>Hebrew</language>
   </langUsage>
  </profileDesc>
   <revisionDesc>
   <change/>
  </revisionDesc>
 </teiHeader>
 <facsimile>
  <graphic url='http://steinheim-institut.de/daten/picse13/xl/0023_E13_070616EPS0274qb.jpg'>
    <desc>
    <ref target='#foto1'/>
    recto
   </desc>
  </graphic>
  <graphic url='http://steinheim-institut.de/daten/picse13/xl/0023dE13_070616EPS0275qb.jpg'>
    <desc>
    <ref target='#foto1'/>
    Detail
   </desc>
  </graphic>
 </facsimile>
 <text>
  <body>
   <div type='edition'>
    <head>Edition</head>
     <ab>
     <lb n='1'/>
     ‎‏פה נטמנה‏‎
‏‎     <lb n='2'/>
     ‎‏פעגעלכע אשת כ׳ [...]‏‎
‏‎     <lb n='3'/>
     ‎‏קויפמאן ז״ל ׃ נולדה י״א אדר‏‎
‏‎     <lb n='4'/>
     ‎‏שני תקכ״א לפ״ק ׃ ומתה יום א׳‏‎
‏‎     <lb n='5'/>
     ‎‏כ״א שבט תר״י לפ״ק ונקברה‏‎
‏‎     <lb n='6'/>
     ‎‏יום ג׳ כ״ג לחדש ׃ ויהי ימיה‏‎
‏‎     <lb n='7'/>
     ‎‏שני חיה תשע ושמונים שנה‏‎
‏‎     <lb n='8'/>
     ‎‏תנצב״ה‏‎
‏‎    </ab>
   </div>
   <div type='translation'>
    <head>Übersetzung</head>
     <ab>
     <lb n='1'/>
     Hier ist geborgen
     <lb n='2'/>
     Fegelche, Gattin des geehrten ...
     <lb n='3'/>
     Kaufmann, sein Andenken zum Segen, geboren 11. des zweiten Adar
     <lb n='4'/>
     521 der kleinen Zählung und gestorben Tag 1,
     <lb n='5'/>
     21. Schwat 610 der kleinen Zählung, und begraben
     <lb n='6'/>
     Tag 3, 23. des Monats, und es betrugen
     <lb n='7'/>
     ihre Lebtage neunundachtzig Jahre.
     <lb n='8'/>
     Ihre Seele sei eingebunden in das Bündel des Lebens
    </ab>
   </div>
   <div type="commentary" subtype="Prosopographie">
    <head>Prosopographie</head>
   </div>
   <div type="bibliography">
    <head>Bibliographie</head>
    <p>to be done ...</p>
   </div>
  </body>
 </text>
</TEI>
