﻿<?xml version="1.0" encoding="UTF-8"?>
<?xml-model href="http://www.stoa.org/epidoc/schema/8.18/tei-epidoc.rng" schematypens="http://relaxng.org/ns/structure/1.0"?>
<TEI xmlns:xi="http://www.w3.org/2001/XInclude" xmlns:svg="http://www.w3.org/2000/svg" xmlns:math="http://www.w3.org/1998/Math/MathML" xmlns="http://www.tei-c.org/ns/1.0">
 <teiHeader>
  <fileDesc>
   <titleStmt>
    <title xml:lang='de'>Grabmal für Elieser ben Meir Halevi (Lazarus Meyer), gest. 1877-02-15, Jüdischer Friedhof Grimlinghausen</title>
    <respStmt xml:lang="de">
     <resp>herausgegeben vom</resp>
     <orgName ref="http://d-nb.info/gnd/212562-6">
      Salomon Ludwig Steinheim-Institut
      <address>
       <addrLine>Edmund-Körner-Platz 2</addrLine>
       <addrLine>D-45127 Essen</addrLine>
      </address>
     </orgName>
    </respStmt>
   </titleStmt>
    <editionStmt>
    <edition/>
   </editionStmt>
   <extent/>
   <publicationStmt>
    <publisher>
     <orgName ref="http://d-nb.info/gnd/212562-6">
      Salomon Ludwig Steinheim-Institut 
      <address>
       <addrLine>Edmund-Körner-Platz 2</addrLine>
       <addrLine>D-45127 Essen</addrLine>
      </address>
     </orgName>
    </publisher>
    <idno>e14-9</idno>
    <idno type="url">http://www.steinheim-institut.de/cgi-bin/epidat?id=e14-9</idno>
    <availability xml:lang="en" status="free">
     <licence>
      <ref target="http://creativecommons.org/licenses/by/4.0/">Distributed under a Creative Commons licence Attribution-BY 4.0</ref>
      <p>
       All reuse or distribution of this work must contain somewhere a link back to the URL 
       <ref>http://www.steinheim-institut.de/cgi-bin/epidat?id=e14-9</ref>
      </p>
     </licence>
    </availability>
   </publicationStmt>
    <notesStmt>
    <note/>
   </notesStmt>
   <sourceDesc>
    <bibl>born digital</bibl>
     <msDesc>
     <msIdentifier/>
     <physDesc>
      <objectDesc>
       <supportDesc>
        <support>
         <p>
          <material>Stein</material>
          Stele mit Rundbogenabschluß.
         </p>
        </support>
        <condition>
         <p>
           Beschädigung schwer, der Grabstein war zerschlagen und wurde wieder zusammengesetzt. 
          <damage agent='Verwitterung'>1986: Verwitterung stark, die deutsche Inschrift ist teilweise verloren</damage>
         </p>
        </condition>
       </supportDesc>
        <layoutDesc>
        <layout/>
       </layoutDesc>
      </objectDesc>
     </physDesc>
     <history>
      <origin>
       <date notBefore='1877-02-15'>1877-02-15</date>
       <country type="ISO_3166" key="XA-DE-NW">
        Germany
        <region>North Rhine-Westphalia</region>
       </country>
       <settlement type='city' key='tgn:1004565'>
        Grimlinghausen 
        <geogName>
         Jüdischer Friedhof
         <geo decls="#WGS">51.173729 6.747196</geo>
        </geogName>
       </settlement>
      </origin>
     </history>
    </msDesc>
   </sourceDesc>
  </fileDesc>
  <encodingDesc>
   <p>Encoded according to the EpiDoc Guidelines, Schema Version 8.18</p>
   <classDecl>
    <taxonomy>
     <category xml:id='foto1'>
      <catDesc>
       Epigraphisches Bildarchiv, 
       <orgName ref="http://d-nb.info/gnd/212562-6">Steinheim-Institut</orgName>
      </catDesc>
     </category>
    </taxonomy>
   </classDecl>
   <geoDecl xml:id="WGS" datum="WGS84">World Geodetic System</geoDecl>
  </encodingDesc>
  <profileDesc>
   <particDesc>
    <listPerson>
     <person xml:id="e14-9-1" sex='1'>
      <persName>Elieser ben Meir Halevi (Lazarus Meyer)</persName>
       <event when='1877-02-15' type="dateofdeath">
       <desc/>
      </event>
     </person>
    </listPerson>
   </particDesc>
    <langUsage>
    <!-- According to bcp47 http://tools.ietf.org/html/bcp47 (Language) and ISO15924 (writing System)-->
    <language ident='he' usage='71'>Hebrew</language>
    <language ident='de' usage='28'>German</language>
   </langUsage>
  </profileDesc>
   <revisionDesc>
   <change/>
  </revisionDesc>
 </teiHeader>
 <facsimile>
  <graphic url='http://steinheim-institut.de/daten/picse14/xl/0009_E14_1986.jpg'>
    <desc>
    <ref target='#foto1'/>
    recto
   </desc>
  </graphic>
  <graphic url='http://steinheim-institut.de/daten/picse14/xl/0009dE14_1986.jpg'>
    <desc>
    <ref target='#foto1'/>
    Detail
   </desc>
  </graphic>
 </facsimile>
 <text>
  <body>
   <div type='edition'>
    <head>Edition</head>
     <ab>
     <lb n='1'/>
     ‎‏איש הולך תמים היה‏‎
‏‎     <lb n='2'/>
     ‎‏צדיק באמונתו חיה‏‎
‏‎     <lb n='3'/>
     ‎‏אהב צדק ומישרים‏‎
‏‎     <lb n='4'/>
     ‎‏היטיב לקרוביו גם לזרים‏‎
‏‎     <lb n='5'/>
     ‎‏ה״ה ר׳ אליעזר בר מאיר הלוי‏‎
‏‎     <lb n='6'/>
     ‎‏נפטר ביום ה׳ ב׳ אדר תרל״ז לפ״ק‏‎
‏‎     <lb n='7'/>
     ‎‏תנצב״ה‏‎
‏‎     <lb n='8'/>
     Lazarus Meyer
     <lb n='9'/>
     gest. [15]. Febr. [1877] im Alter
     <lb n='10'/>
     von [..] Jahren.
    </ab>
   </div>
   <div type='translation'>
    <head>Übersetzung</head>
     <ab>
     <lb n='1'/>
     ›Ein Mann, lauter wandelnd war er‹,
     <lb n='2'/>
     ›ein Gerechter, der in seinem Glauben lebte,‹,
     <lb n='3'/>
     er liebte Wohltat und Geradheit,
     <lb n='4'/>
     Gutes tat er denen, die ihm nahe und auch den Fremden,
     <lb n='5'/>
     es ist Herr Elieser, Sohn des Meir Halevi,
     <lb n='6'/>
     verschieden am Tag 5, 2. Adar 637 der kleinen Zählung.
     <lb n='7'/>
     Seine Seele sei eingebunden in das Bündel des Lebens
    </ab>
   </div>
   <div type="commentary" subtype="Zitate">
    <head>Zitate</head>
    <p>Zl 1: Ps 15,2</p>
    <p>Zl 2: vgl. Hab 2,4</p>
   </div>
   <div type='commentary' subtype='Stilmittel'>
    <head>Stilmittel</head>
    <p>
     <label>Reim</label>
      auf -aja in Zln 1-2; auf -arim in Zln 3-4.
    </p>
   </div>
   <div type="commentary" subtype="Zeilenkommentar">
    <head>Zeilenkommentar</head>
    <p>Zl 9: Die Angaben wurden entsprechend der hebräischen Inschrift ergänzt.</p>
   </div>
   <div type="commentary" subtype="Endkommentar">
    <head>Endkommentar</head>
    <p>
     Vgl. diese Eulogie mit der identischen für Meyer Fuchs (Grabstein Nr. 
     <ref target="http://steinheim-institut.de/cgi-bin/epidat?id=e14-0008-t">e14-0008</ref>
     ).
    </p>
   </div>
   <div type="commentary" subtype="Prosopographie">
    <head>Prosopographie</head>
   </div>
   <div type="bibliography">
    <head>Bibliographie</head>
    <p>to be done ...</p>
   </div>
  </body>
 </text>
</TEI>
