﻿<?xml version="1.0" encoding="UTF-8"?>
<?xml-model href="http://www.stoa.org/epidoc/schema/8.18/tei-epidoc.rng" schematypens="http://relaxng.org/ns/structure/1.0"?>
<TEI xmlns:xi="http://www.w3.org/2001/XInclude" xmlns:svg="http://www.w3.org/2000/svg" xmlns:math="http://www.w3.org/1998/Math/MathML" xmlns="http://www.tei-c.org/ns/1.0">
 <teiHeader>
  <fileDesc>
   <titleStmt>
    <title xml:lang='de'>Grabmal für Täubche bat Jischai ∞ Jaakow ben Schimon (Frau I. Kaufmann geb. Täubgen Schwarz), gest. 1880-08-15, Jüdischer Friedhof Schiefbahn-Knickelsdorf</title>
    <respStmt xml:lang="de">
     <resp>herausgegeben vom</resp>
     <orgName ref="http://d-nb.info/gnd/212562-6">
      Salomon Ludwig Steinheim-Institut
      <address>
       <addrLine>Edmund-Körner-Platz 2</addrLine>
       <addrLine>D-45127 Essen</addrLine>
      </address>
     </orgName>
    </respStmt>
   </titleStmt>
    <editionStmt>
    <edition/>
   </editionStmt>
   <extent/>
   <publicationStmt>
    <publisher>
     <orgName ref="http://d-nb.info/gnd/212562-6">
      Salomon Ludwig Steinheim-Institut 
      <address>
       <addrLine>Edmund-Körner-Platz 2</addrLine>
       <addrLine>D-45127 Essen</addrLine>
      </address>
     </orgName>
    </publisher>
    <idno>e16-8</idno>
    <idno type="url">http://www.steinheim-institut.de/cgi-bin/epidat?id=e16-8</idno>
    <availability xml:lang="en" status="free">
     <licence>
      <ref target="http://creativecommons.org/licenses/by/4.0/">Distributed under a Creative Commons licence Attribution-BY 4.0</ref>
      <p>
       All reuse or distribution of this work must contain somewhere a link back to the URL 
       <ref>http://www.steinheim-institut.de/cgi-bin/epidat?id=e16-8</ref>
      </p>
     </licence>
    </availability>
   </publicationStmt>
    <notesStmt>
    <note/>
   </notesStmt>
   <sourceDesc>
    <bibl>born digital</bibl>
     <msDesc>
     <msIdentifier/>
     <physDesc>
      <objectDesc>
       <supportDesc>
        <support>
         <p>
          <material>Stein</material>
          Stele mit leicht überstehendem Flachbogenabschluß und vertieftem Schriftfeld.
         </p>
        </support>
        <condition></condition>
       </supportDesc>
        <layoutDesc>
        <layout/>
       </layoutDesc>
      </objectDesc>
     </physDesc>
     <history>
      <origin>
       <date notBefore='1880-08-15'>1880-08-15</date>
       <country type="ISO_3166" key="XA-DE-NW">
        Germany
        <region>North Rhine-Westphalia</region>
       </country>
       <settlement type='city' key='tgn:1041092'>
        Schiefbahn-Knickelsdorf 
        <geogName>
         Jüdischer Friedhof
         <geo decls="#WGS">51.241232 6.50647</geo>
        </geogName>
       </settlement>
      </origin>
     </history>
    </msDesc>
   </sourceDesc>
  </fileDesc>
  <encodingDesc>
   <p>Encoded according to the EpiDoc Guidelines, Schema Version 8.18</p>
   <classDecl>
    <taxonomy>
     <category xml:id='foto1'>
      <catDesc>
       Epigraphisches Bildarchiv, 
       <orgName ref="http://d-nb.info/gnd/212562-6">Steinheim-Institut</orgName>
      </catDesc>
     </category>
     <category xml:id='foto2'>
      <catDesc>Nathanja Hüttenmeister</catDesc>
     </category>
    </taxonomy>
   </classDecl>
   <geoDecl xml:id="WGS" datum="WGS84">World Geodetic System</geoDecl>
  </encodingDesc>
  <profileDesc>
   <particDesc>
    <listPerson>
     <person xml:id="e16-8-1" sex='2'>
      <persName>Täubche bat Jischai ∞ Jaakow ben Schimon (Frau I. Kaufmann geb. Täubgen Schwarz)</persName>
       <event when='1880-08-15' type="dateofdeath">
       <desc/>
      </event>
     </person>
    </listPerson>
   </particDesc>
    <langUsage>
    <!-- According to bcp47 http://tools.ietf.org/html/bcp47 (Language) and ISO15924 (writing System)-->
    <language ident='he' usage='85'>Hebrew</language>
    <language ident='de' usage='14'>German</language>
   </langUsage>
  </profileDesc>
   <revisionDesc>
   <change/>
  </revisionDesc>
 </teiHeader>
 <facsimile>
  <graphic url='http://steinheim-institut.de/daten/picse16/xl/0008_E16_1985.jpg'>
    <desc>
    <ref target='#foto1'/>
    <date when='1985'/>
    recto
   </desc>
  </graphic>
 </facsimile>
 <text>
  <body>
   <div type='edition'>
    <head>Edition</head>
     <ab>
     <lb n='1'/>
     ‎‏פ״נ‏‎
‏‎     <lb n='2'/>
     ‎‏אשה ישרה ונעימה‏‎
‏‎     <lb n='3'/>
     ‎‏הלכה בדרך תמימה‏‎
‏‎     <lb n='4'/>
     ‎‏עשתה צדקה כל ימיה‏‎
‏‎     <lb n='5'/>
     ‎‏והדריכה לתורה את בניה‏‎
‏‎     <lb n='6'/>
     ‎‏ה״ה מרת טייבכה בת ישי‏‎
‏‎     <lb n='7'/>
     ‎‏אשת יעקב בר שמעון‏‎
‏‎     <lb n='8'/>
     ‎‏מתה בת צ״א שנה ביום‏‎
‏‎     <lb n='9'/>
     ‎‏א׳ ח׳ אלול תר״מ לפ״ק תנצב״ה‏‎
‏‎     <lb n='10'/>
     Frau I. Kaufmann
     <lb n='11'/>
     geb.
     <lb n='12'/>
     Täubgen Schwarz
    </ab>
   </div>
   <div type='translation'>
    <head>Übersetzung</head>
     <ab>
     <lb n='1'/>
     Hier ist begraben
     <lb n='2'/>
     eine aufrechte und anmutsvolle Frau,
     <lb n='3'/>
     ›sie ging auf makellosem Wege‹,
     <lb n='4'/>
     ›Wohltat erwies sie all ihre Tage ‹
     <lb n='5'/>
     ›und leitete ihre Kinder zur Tora‹ ,
     <lb n='6'/>
     es ist Frau Täubche, Tochter des Jischai,
     <lb n='7'/>
     Gattin des Jaakow, Sohn des Schimon,
     <lb n='8'/>
     gestorben 91 Jahre alt am Tag
     <lb n='9'/>
     1, 8. Elul 640 der kleinen Zählung. Ihre Seele sei eingebunden in das Bündel des Lebens
    </ab>
   </div>
   <div type="commentary" subtype="Zitate">
    <head>Zitate</head>
    <p>Zl 3: Ps 101,6</p>
    <p>Zl 4: Ps 106,3</p>
    <p>Zl 5: bShab 127a</p>
   </div>
   <div type='commentary' subtype='Stilmittel'>
    <head>Stilmittel</head>
    <p>
     <label>Reim</label>
      auf -imah in Zln 2-3, auf -ejha in Zln 4-5.
    </p>
   </div>
   <div type="commentary" subtype="Prosopographie">
    <head>Prosopographie</head>
    <p>Täubgen, auch Tauba und Deubgen, Schwarz stammte aus Lüxheim und war verheiratet mit dem in Schiefbahn geborenen Viehhändler Jacob Kaufmann, der 1857 starb. Aus der Ehe gingen acht Kinder hervor: Levi/Leib (1816-1821), Rebecka Louisgen (1817-1894, verheiratete Kaufmann), Jetta (geb. 1820, verheiratet mit Heimann Lichtenstein aus Waldenrath bei Aachen), Hendel (geb. 1822, verheiratet mit Emanuel Lucas aus Aachen), Isaak (1824-1884 Schiefbahn), Simon (1830-1916 Schiefbahn), Hermann (1832-1915 Schiefbahn) und Abraham (geb. 1835).</p>
    <p>Isaaks Tochter Thekla (1883) heiratet Leopold Heumann (1876) aus Körrenzig und Hermanns Enkelin Thekla (1907) war mit Leopold Heumann (1903) aus Eschweiler verheiratet. Beide wurden 1941 nach Litzmannstadt deportiert und ermordet.</p>
   </div>
   <div type="bibliography">
    <head>Bibliographie</head>
    <p>to be done ...</p>
   </div>
  </body>
 </text>
</TEI>
