﻿<?xml version="1.0" encoding="UTF-8"?>
<?xml-model href="http://www.stoa.org/epidoc/schema/8.18/tei-epidoc.rng" schematypens="http://relaxng.org/ns/structure/1.0"?>
<TEI xmlns:xi="http://www.w3.org/2001/XInclude" xmlns:svg="http://www.w3.org/2000/svg" xmlns:math="http://www.w3.org/1998/Math/MathML" xmlns="http://www.tei-c.org/ns/1.0">
 <teiHeader>
  <fileDesc>
   <titleStmt>
    <title xml:lang='de'>Grabmal für Leiser ben Jaakow, gest. 1755-09-07, Jüdischer Friedhof Jüchen</title>
    <respStmt xml:lang="de">
     <resp>herausgegeben vom</resp>
     <orgName ref="http://d-nb.info/gnd/212562-6">
      Salomon Ludwig Steinheim-Institut
      <address>
       <addrLine>Edmund-Körner-Platz 2</addrLine>
       <addrLine>D-45127 Essen</addrLine>
      </address>
     </orgName>
    </respStmt>
   </titleStmt>
    <editionStmt>
    <edition/>
   </editionStmt>
   <extent/>
   <publicationStmt>
    <publisher>
     <orgName ref="http://d-nb.info/gnd/212562-6">
      Salomon Ludwig Steinheim-Institut 
      <address>
       <addrLine>Edmund-Körner-Platz 2</addrLine>
       <addrLine>D-45127 Essen</addrLine>
      </address>
     </orgName>
    </publisher>
    <idno>e17-14</idno>
    <idno type="url">http://www.steinheim-institut.de/cgi-bin/epidat?id=e17-14</idno>
    <availability xml:lang="en" status="free">
     <licence>
      <ref target="http://creativecommons.org/licenses/by/4.0/">Distributed under a Creative Commons licence Attribution-BY 4.0</ref>
      <p>
       All reuse or distribution of this work must contain somewhere a link back to the URL 
       <ref>http://www.steinheim-institut.de/cgi-bin/epidat?id=e17-14</ref>
      </p>
     </licence>
    </availability>
   </publicationStmt>
    <notesStmt>
    <note/>
   </notesStmt>
   <sourceDesc>
    <bibl>born digital</bibl>
     <msDesc>
     <msIdentifier/>
     <physDesc>
      <objectDesc>
       <supportDesc>
        <support>
         <p>
          <material>Stein</material>
          Stele mit abgesetztem Rundbogenabschluß.
         </p>
        </support>
        <condition></condition>
       </supportDesc>
        <layoutDesc>
        <layout/>
       </layoutDesc>
      </objectDesc>
     </physDesc>
     <history>
      <origin>
       <date notBefore='1755-09-07'>1755-09-07</date>
       <country type="ISO_3166" key="XA-DE-NW">
        Germany
        <region>North Rhine-Westphalia</region>
       </country>
       <settlement type='city' key='tgn:1039755'>
        Jüchen 
        <geogName>
         Jüdischer Friedhof
         <geo decls="#WGS">51.099422 6.498654</geo>
        </geogName>
       </settlement>
      </origin>
     </history>
    </msDesc>
   </sourceDesc>
  </fileDesc>
  <encodingDesc>
   <p>Encoded according to the EpiDoc Guidelines, Schema Version 8.18</p>
   <classDecl>
    <taxonomy>
     <category xml:id='foto1'>
      <catDesc>
       <persName ref='http://d-nb.info/gnd/128472499' role='photographer'>Bert Sommer</persName>
      </catDesc>
     </category>
    </taxonomy>
   </classDecl>
   <geoDecl xml:id="WGS" datum="WGS84">World Geodetic System</geoDecl>
  </encodingDesc>
  <profileDesc>
   <particDesc>
    <listPerson>
     <person xml:id="e17-14-1" sex='1'>
      <persName>Leiser ben Jaakow</persName>
       <event when='1755-09-07' type="dateofdeath">
       <desc/>
      </event>
     </person>
    </listPerson>
   </particDesc>
    <langUsage>
    <!-- According to bcp47 http://tools.ietf.org/html/bcp47 (Language) and ISO15924 (writing System)-->
    <language ident='he' usage='100'>Hebrew</language>
   </langUsage>
  </profileDesc>
   <revisionDesc>
   <change/>
  </revisionDesc>
 </teiHeader>
 <facsimile>
  <graphic url='http://steinheim-institut.de/daten/picse17/xl/0014_E17_070722EPS4393hb.jpg'>
    <desc>
    <ref target='#foto1'/>
    recto
   </desc>
  </graphic>
 </facsimile>
 <text>
  <body>
   <div type='edition'>
    <head>Edition</head>
     <ab>
     <lb n='1'/>
     ‎‏פ״נ‏‎
‏‎     <lb n='2'/>
     ‎‏אחד המיות שבעדן ומש‏‎
‏‎     <lb n='3'/>
     ‎‏רת רצון קונו לא נעדר‏‎
‏‎     <lb n='4'/>
     ‎‏ישרות ממשיך מי יספר‏‎
‏‎     <lb n='5'/>
     ‎‏עוסק בתורה ליל [...]‏‎
‏‎     <lb n='6'/>
     ‎‏כפיו [...] לדרך‏‎
‏‎     <lb n='7'/>
     ‎‏ה״ה התורני כ״ה ליזר בר יעקב‏‎
‏‎     <lb n='8'/>
     ‎‏ז״ל מיוכן נפטר ונקבר בשם‏‎
‏‎     <lb n='9'/>
     ‎‏טוב ביו׳ ב׳ דר׳ השנה תקט״ז‏‎
‏‎     <lb n='10'/>
     ‎‏ל׳ תנצב״ה עש״צ שבג״ע‏‎
‏‎    </ab>
   </div>
   <div type='translation'>
    <head>Übersetzung</head>
     <ab>
     <lb n='1'/>
     Hier ist begraben
     <lb n='2'/>
     einer ... in Eden? und dient
     <lb n='3'/>
     ›dem Willen seines Schöpfers‹, nicht entschwunden,
     <lb n='4'/>
     Aufrichtigkeit setzt er fort, wer vermag (es) zu zählen?
     <lb n='5'/>
     beschäftigt sich mit der Tora ...
     <lb n='6'/>
     seine Hände ... auf den Weg
     <lb n='7'/>
     es ist der Toragelehrte, der geehrte Herr Leiser, Sohn des Jaakow,
     <lb n='8'/>
     sein Andenken zum Segen, aus Jüchen, verschieden und begraben ›mit gutem 
     <lb n='9'/>
     Namen‹ am 2. Tag des Neujahrs 516
     <lb n='10'/>
     der Zählung. Seine Seele sei eingebunden in das Bündel des Lebens mit den übrigen Gerechten die im Garten Eden
    </ab>
   </div>
   <div type="commentary" subtype="Zitate">
    <head>Zitate</head>
    <p>Zl 3: Av 1,5</p>
    <p>Zl 8f: bBer 17a</p>
   </div>
   <div type="commentary" subtype="Endkommentar">
    <head>Endkommentar</head>
    <p>Die Buchstaben sind unregelmäßig und ohne Abstände zwischen den einzelnen Wörtern eingraviert, sie wirken ungelenk und sind sehr schwer zu lesen.</p>
   </div>
   <div type="commentary" subtype="Prosopographie">
    <head>Prosopographie</head>
   </div>
   <div type="bibliography">
    <head>Bibliographie</head>
    <p>to be done ...</p>
   </div>
  </body>
 </text>
</TEI>
