﻿<?xml version="1.0" encoding="UTF-8"?>
<?xml-model href="http://www.stoa.org/epidoc/schema/8.18/tei-epidoc.rng" schematypens="http://relaxng.org/ns/structure/1.0"?>
<TEI xmlns:xi="http://www.w3.org/2001/XInclude" xmlns:svg="http://www.w3.org/2000/svg" xmlns:math="http://www.w3.org/1998/Math/MathML" xmlns="http://www.tei-c.org/ns/1.0">
 <teiHeader>
  <fileDesc>
   <titleStmt>
    <title xml:lang='de'>Grabmal für Uri ben Schmuel, gest. 1880-12-25, Jüdischer Friedhof Jüchen-Hochneukirch</title>
    <respStmt xml:lang="de">
     <resp>herausgegeben vom</resp>
     <orgName ref="http://d-nb.info/gnd/212562-6">
      Salomon Ludwig Steinheim-Institut
      <address>
       <addrLine>Edmund-Körner-Platz 2</addrLine>
       <addrLine>D-45127 Essen</addrLine>
      </address>
     </orgName>
    </respStmt>
   </titleStmt>
    <editionStmt>
    <edition/>
   </editionStmt>
   <extent/>
   <publicationStmt>
    <publisher>
     <orgName ref="http://d-nb.info/gnd/212562-6">
      Salomon Ludwig Steinheim-Institut 
      <address>
       <addrLine>Edmund-Körner-Platz 2</addrLine>
       <addrLine>D-45127 Essen</addrLine>
      </address>
     </orgName>
    </publisher>
    <idno>e19-5</idno>
    <idno type="url">http://www.steinheim-institut.de/cgi-bin/epidat?id=e19-5</idno>
    <availability xml:lang="en" status="free">
     <licence>
      <ref target="http://creativecommons.org/licenses/by/4.0/">Distributed under a Creative Commons licence Attribution-BY 4.0</ref>
      <p>
       All reuse or distribution of this work must contain somewhere a link back to the URL 
       <ref>http://www.steinheim-institut.de/cgi-bin/epidat?id=e19-5</ref>
      </p>
     </licence>
    </availability>
   </publicationStmt>
    <notesStmt>
    <note/>
   </notesStmt>
   <sourceDesc>
    <bibl>born digital</bibl>
     <msDesc>
     <msIdentifier/>
     <physDesc>
      <objectDesc>
       <supportDesc>
        <support>
         <p>
          <material>Stein</material>
          Breite Stele mit geschweiftem Flachbogenabschluß.
         </p>
        </support>
        <condition></condition>
       </supportDesc>
        <layoutDesc>
        <layout/>
       </layoutDesc>
      </objectDesc>
     </physDesc>
     <history>
      <origin>
       <date notBefore='1880-12-25'>1880-12-25</date>
       <country type="ISO_3166" key="XA-DE-NW">
        Germany
        <region>North Rhine-Westphalia</region>
       </country>
       <settlement type='city' key='tgn:1039626'>
        Jüchen-Hochneukirch 
        <geogName>
         Jüdischer Friedhof
         <geo decls="#WGS">51.100707 6.434983</geo>
        </geogName>
       </settlement>
      </origin>
     </history>
    </msDesc>
   </sourceDesc>
  </fileDesc>
  <encodingDesc>
   <p>Encoded according to the EpiDoc Guidelines, Schema Version 8.18</p>
   <classDecl>
    <taxonomy>
     <category xml:id='foto1'>
      <catDesc>
       <persName ref='http://d-nb.info/gnd/128472499' role='photographer'>Bert Sommer</persName>
      </catDesc>
     </category>
    </taxonomy>
   </classDecl>
   <geoDecl xml:id="WGS" datum="WGS84">World Geodetic System</geoDecl>
  </encodingDesc>
  <profileDesc>
   <particDesc>
    <listPerson>
     <person xml:id="e19-5-1" sex='1'>
      <persName>Uri ben Schmuel</persName>
       <event when='1880-12-25' type="dateofdeath">
       <desc/>
      </event>
     </person>
    </listPerson>
   </particDesc>
    <langUsage>
    <!-- According to bcp47 http://tools.ietf.org/html/bcp47 (Language) and ISO15924 (writing System)-->
    <language ident='he' usage='100'>Hebrew</language>
   </langUsage>
  </profileDesc>
   <revisionDesc>
   <change/>
  </revisionDesc>
 </teiHeader>
 <facsimile>
  <graphic url='http://steinheim-institut.de/daten/picse19/xl/0005_E19_070917EPS8405hb.jpg'>
    <desc>
    <ref target='#foto1'/>
    recto
   </desc>
  </graphic>
  <graphic url='http://steinheim-institut.de/daten/maps/svg/e19.svg' xml:id="map">
    <desc type='map'>
    <date when='2013-11-26T14:24:19'/>
   </desc>
  </graphic>
 </facsimile>
 <text>
  <body>
   <div type='edition'>
    <head>Edition</head>
     <ab>
     <lb n='1'/>
     ‎‏פ״נ‏‎
‏‎     <lb n='2'/>
     ‎‏אורי בר שמואל‏‎
‏‎     <lb n='3'/>
     ‎‏איש תם וישר מגזע ישרים‏‎
‏‎     <lb n='4'/>
     ‎‏פועל צדק וכשר מעללים‏‎
‏‎     <lb n='5'/>
     ‎‏משביע לרעבים ומבטח לעניים‏‎
‏‎     <lb n='6'/>
     ‎‏לקחו י״ה לארץ החיים‏‎
‏‎     <lb n='7'/>
     ‎‏נולד ביום ב׳ כ״ב סיון תקע״ה‏‎
‏‎     <lb n='8'/>
     ‎‏ומת בן ס״ג שנה במוצאי שבת‏‎
‏‎     <lb n='9'/>
     ‎‏כ״ד טבת תרמ״א לפ״ק‏‎
‏‎     <lb n='10'/>
     ‎‏תנצב״ה‏‎
‏‎    </ab>
   </div>
   <div type='translation'>
    <head>Übersetzung</head>
     <ab>
     <lb n='1'/>
     Hier ist begraben
     <lb n='2'/>
     Uri, Sohn des Schmuel,
     <lb n='3'/>
     ›ein lauterer und aufrechter Mann‹ vom Stamme der Aufrechten,
     <lb n='4'/>
     ›Wohl tat er‹, tugendhaft sein Wirken,
     <lb n='5'/>
     Hungrige sättigt er und bietet Zuversicht für Arme,
     <lb n='6'/>
     ›Gott nahm ihn ins Lande des Lebens‹,
     <lb n='7'/>
     geboren am Tag 2, 22. Sivan 575,
     <lb n='8'/>
     und gestorben 63 Jahre alt am Ausgang des Schabbat,
     <lb n='9'/>
     24. Tewet 641 der kleinen Zählung.
     <lb n='10'/>
     Seine Seele sei eingebunden in das Bündel des Lebens
    </ab>
   </div>
   <div type="commentary" subtype="Zitate">
    <head>Zitate</head>
    <p>Zl 3: Ijob 1,8</p>
    <p>Zl 4: Ps 15,2</p>
    <p>Zl 6: Jes 38,11 und Ps 116,9</p>
   </div>
   <div type='commentary' subtype='Stilmittel'>
    <head>Stilmittel</head>
    <p>
     <label>Reim</label>
      auf -im in Zln 3-4, auf -jim in Zln 5-6.
    </p>
   </div>
   <div type="commentary" subtype="Zeilenkommentar">
    <head>Zeilenkommentar</head>
    <p>Zl 7: Der Geburtstag fiel auf Tag 6 (Freitag) und nicht, wie in der Inschrift angegeben, auf Tag 2 (Montag).</p>
   </div>
   <div type="commentary" subtype="Prosopographie">
    <head>Prosopographie</head>
   </div>
   <div type="bibliography">
    <head>Bibliographie</head>
    <p>to be done ...</p>
   </div>
  </body>
 </text>
</TEI>
