﻿<?xml version="1.0" encoding="UTF-8"?>
<?xml-model href="http://www.stoa.org/epidoc/schema/8.18/tei-epidoc.rng" schematypens="http://relaxng.org/ns/structure/1.0"?>
<TEI xmlns:xi="http://www.w3.org/2001/XInclude" xmlns:svg="http://www.w3.org/2000/svg" xmlns:math="http://www.w3.org/1998/Math/MathML" xmlns="http://www.tei-c.org/ns/1.0">
 <teiHeader>
  <fileDesc>
   <titleStmt>
    <title xml:lang='de'>Grabmal für Schmuel ben Uri, gest. 1858-04-14, Jüdischer Friedhof Jüchen-Hochneukirch</title>
    <respStmt xml:lang="de">
     <resp>herausgegeben vom</resp>
     <orgName ref="http://d-nb.info/gnd/212562-6">
      Salomon Ludwig Steinheim-Institut
      <address>
       <addrLine>Edmund-Körner-Platz 2</addrLine>
       <addrLine>D-45127 Essen</addrLine>
      </address>
     </orgName>
    </respStmt>
   </titleStmt>
    <editionStmt>
    <edition/>
   </editionStmt>
   <extent/>
   <publicationStmt>
    <publisher>
     <orgName ref="http://d-nb.info/gnd/212562-6">
      Salomon Ludwig Steinheim-Institut 
      <address>
       <addrLine>Edmund-Körner-Platz 2</addrLine>
       <addrLine>D-45127 Essen</addrLine>
      </address>
     </orgName>
    </publisher>
    <idno>e19-3</idno>
    <idno type="url">http://www.steinheim-institut.de/cgi-bin/epidat?id=e19-3</idno>
    <availability xml:lang="en" status="free">
     <licence>
      <ref target="http://creativecommons.org/licenses/by/4.0/">Distributed under a Creative Commons licence Attribution-BY 4.0</ref>
      <p>
       All reuse or distribution of this work must contain somewhere a link back to the URL 
       <ref>http://www.steinheim-institut.de/cgi-bin/epidat?id=e19-3</ref>
      </p>
     </licence>
    </availability>
   </publicationStmt>
    <notesStmt>
    <note/>
   </notesStmt>
   <sourceDesc>
    <bibl>born digital</bibl>
     <msDesc>
     <msIdentifier/>
     <physDesc>
      <objectDesc>
       <supportDesc>
        <support>
         <p>
          <material>Stein</material>
          Stele mit geschweiftem Flachbogenabschluß.
         </p>
        </support>
        <condition></condition>
       </supportDesc>
        <layoutDesc>
        <layout/>
       </layoutDesc>
      </objectDesc>
     </physDesc>
     <history>
      <origin>
       <date notBefore='1858-04-14'>1858-04-14</date>
       <country type="ISO_3166" key="XA-DE-NW">
        Germany
        <region>North Rhine-Westphalia</region>
       </country>
       <settlement type='city' key='tgn:1039626'>
        Jüchen-Hochneukirch 
        <geogName>
         Jüdischer Friedhof
         <geo decls="#WGS">51.100707 6.434983</geo>
        </geogName>
       </settlement>
      </origin>
     </history>
    </msDesc>
   </sourceDesc>
  </fileDesc>
  <encodingDesc>
   <p>Encoded according to the EpiDoc Guidelines, Schema Version 8.18</p>
   <classDecl>
    <taxonomy>
     <category xml:id='foto1'>
      <catDesc>
       <persName ref='http://d-nb.info/gnd/128472499' role='photographer'>Bert Sommer</persName>
      </catDesc>
     </category>
    </taxonomy>
   </classDecl>
   <geoDecl xml:id="WGS" datum="WGS84">World Geodetic System</geoDecl>
  </encodingDesc>
  <profileDesc>
   <particDesc>
    <listPerson>
     <person xml:id="e19-3-1" sex='1'>
      <persName>Schmuel ben Uri</persName>
       <event when='1858-04-14' type="dateofdeath">
       <desc/>
      </event>
     </person>
    </listPerson>
   </particDesc>
    <langUsage>
    <!-- According to bcp47 http://tools.ietf.org/html/bcp47 (Language) and ISO15924 (writing System)-->
    <language ident='he' usage='100'>Hebrew</language>
   </langUsage>
  </profileDesc>
   <revisionDesc>
   <change/>
  </revisionDesc>
 </teiHeader>
 <facsimile>
  <graphic url='http://steinheim-institut.de/daten/picse19/xl/0003_E19_070917EPS8404hb.jpg'>
    <desc>
    <ref target='#foto1'/>
    recto
   </desc>
  </graphic>
  <graphic url='http://steinheim-institut.de/daten/maps/svg/e19.svg' xml:id="map">
    <desc type='map'>
    <date when='2013-11-26T14:24:19'/>
   </desc>
  </graphic>
 </facsimile>
 <text>
  <body>
   <div type='edition'>
    <head>Edition</head>
     <ab>
     <lb n='1'/>
     ‎‏פ״נ‏‎
‏‎     <lb n='2'/>
     ‎‏האיש היקר והנכבד‏‎
‏‎     <lb n='3'/>
     ‎‏שמואל בקוראי שמו‏‎
‏‎     <lb n='4'/>
     ‎‏תאסף גם אתה אל עמך‏‎
‏‎     <lb n='5'/>
     ‎‏הלכת תמיד דרך תמימים‏‎
‏‎     <lb n='6'/>
     ‎‏והלך לפניך צדקך‏‎
‏‎     <lb n='7'/>
     ‎‏שמואל בר אורי נפטר‏‎
‏‎     <lb n='8'/>
     ‎‏ביום ד׳ א׳ דר״ח אייר‏‎
‏‎     <lb n='9'/>
     ‎‏ונקבר ביום עש״ק ב׳ בו‏‎
‏‎     <lb n='10'/>
     ‎‏תרי״ח לפ״ק תנצב״ה ׃‏‎
‏‎    </ab>
   </div>
   <div type='translation'>
    <head>Übersetzung</head>
     <ab>
     <lb n='1'/>
     Hier ist begraben
     <lb n='2'/>
     der teure und der ehrwürdige Mann,
     <lb n='3'/>
     Schmuel ›war unter den Rufern seines Namens‹,
     <lb n='4'/>
     ›auch du wirst zu deinem Volke versammelt‹,
     <lb n='5'/>
     stets bist du den Weg der Lauteren gewandelt,
     <lb n='6'/>
     ›deine Gerechtigkeit schreitet dir voran‹,
     <lb n='7'/>
     Schmuel, Sohn des Uri, verschieden
     <lb n='8'/>
     am Tag 4, 1. Neumondstag Ijar,
     <lb n='9'/>
     und begraben am Rüsttag des heiligen Schabbat, 2. desselben,
     <lb n='10'/>
     618 der kleinen Zählung. Seine Seele sei eingebunden in das Bündel des Lebens :
    </ab>
   </div>
   <div type="commentary" subtype="Zitate">
    <head>Zitate</head>
    <p>Zl 3: Ps 99,6</p>
    <p>Zl 4: vgl. Gen 35,29</p>
    <p>Zl 6: Jes 58,8</p>
   </div>
   <div type='commentary' subtype='Stilmittel'>
    <head>Stilmittel</head>
    <p>
     <label>Reim</label>
      auf -echa in Zln 4 und 6.
    </p>
   </div>
   <div type="commentary" subtype="Endkommentar">
    <head>Endkommentar</head>
    <p>Eulogien, die ganz oder teilweise, wie hier, den Verstorbenen ansprechen, sind eher selten.</p>
   </div>
   <div type="commentary" subtype="Prosopographie">
    <head>Prosopographie</head>
   </div>
   <div type="bibliography">
    <head>Bibliographie</head>
    <p>to be done ...</p>
   </div>
  </body>
 </text>
</TEI>
