﻿<?xml version="1.0" encoding="UTF-8"?>
<?xml-model href="http://www.stoa.org/epidoc/schema/8.18/tei-epidoc.rng" schematypens="http://relaxng.org/ns/structure/1.0"?>
<TEI xmlns:xi="http://www.w3.org/2001/XInclude" xmlns:svg="http://www.w3.org/2000/svg" xmlns:math="http://www.w3.org/1998/Math/MathML" xmlns="http://www.tei-c.org/ns/1.0">
 <teiHeader>
  <fileDesc>
   <titleStmt>
    <title xml:lang='de'>Grabmal für Schlomo Zwi ben Schmuel Hakohen, gest. 1845-08-23, Jüdischer Friedhof Kempen</title>
    <respStmt xml:lang="de">
     <resp>herausgegeben vom</resp>
     <orgName ref="http://d-nb.info/gnd/212562-6">
      Salomon Ludwig Steinheim-Institut
      <address>
       <addrLine>Edmund-Körner-Platz 2</addrLine>
       <addrLine>D-45127 Essen</addrLine>
      </address>
     </orgName>
    </respStmt>
   </titleStmt>
    <editionStmt>
    <edition/>
   </editionStmt>
   <extent/>
   <publicationStmt>
    <publisher>
     <orgName ref="http://d-nb.info/gnd/212562-6">
      Salomon Ludwig Steinheim-Institut 
      <address>
       <addrLine>Edmund-Körner-Platz 2</addrLine>
       <addrLine>D-45127 Essen</addrLine>
      </address>
     </orgName>
    </publisher>
    <idno>e20-88</idno>
    <idno type="url">http://www.steinheim-institut.de/cgi-bin/epidat?id=e20-88</idno>
    <availability xml:lang="en" status="free">
     <licence>
      <ref target="http://creativecommons.org/licenses/by/4.0/">Distributed under a Creative Commons licence Attribution-BY 4.0</ref>
      <p>
       All reuse or distribution of this work must contain somewhere a link back to the URL 
       <ref>http://www.steinheim-institut.de/cgi-bin/epidat?id=e20-88</ref>
      </p>
     </licence>
    </availability>
   </publicationStmt>
    <notesStmt>
    <note/>
   </notesStmt>
   <sourceDesc>
    <bibl>born digital</bibl>
     <msDesc>
     <msIdentifier/>
     <physDesc>
      <objectDesc>
       <supportDesc>
        <support>
         <p>
          <material>Stein</material>
          Gesockelte Stele mit abgesetztem, seitlich leicht überstehendem Dreiecksgiebel.
         </p>
        </support>
        <condition>
         <p>
          das Giebelstück mit den segnenden Händen steht auf dem Kopf. 2007: Das Giebelstück mit den segnenden Händen wurde wieder richtig herum aufgsetzt. 1985: Beschädigung leicht 
          <damage agent='Verwitterung'>Verwitterung leicht</damage>
         </p>
        </condition>
       </supportDesc>
        <layoutDesc>
        <layout/>
       </layoutDesc>
      </objectDesc>
      <decoDesc>
       <decoNote type='symbol'>Priesterhände</decoNote>
       <decoNote type='ornament'>Halbplastischer, sechszackiger Stern im Giebelfeld.</decoNote>
      </decoDesc>
     </physDesc>
     <history>
      <origin>
       <date notBefore='1845-08-23'>1845-08-23</date>
       <country type="ISO_3166" key="XA-DE-NW">
        Germany
        <region>North Rhine-Westphalia</region>
       </country>
       <settlement type='city' key='tgn:7005171'>
        Kempen 
        <geogName>
         Jüdischer Friedhof
         <geo decls="#WGS">51.350149 6.410962</geo>
        </geogName>
       </settlement>
      </origin>
     </history>
    </msDesc>
   </sourceDesc>
  </fileDesc>
  <encodingDesc>
   <p>Encoded according to the EpiDoc Guidelines, Schema Version 8.18</p>
   <classDecl>
    <taxonomy>
     <category xml:id='foto1'>
      <catDesc>
       <persName ref='http://d-nb.info/gnd/128472499' role='photographer'>Bert Sommer</persName>
      </catDesc>
     </category>
    </taxonomy>
   </classDecl>
   <geoDecl xml:id="WGS" datum="WGS84">World Geodetic System</geoDecl>
  </encodingDesc>
  <profileDesc>
   <particDesc>
    <listPerson>
     <person xml:id="e20-88-1" sex='1'>
      <persName>Schlomo Zwi ben Schmuel Hakohen</persName>
       <event when='1845-08-23' type="dateofdeath">
       <desc/>
      </event>
     </person>
    </listPerson>
   </particDesc>
    <langUsage>
    <!-- According to bcp47 http://tools.ietf.org/html/bcp47 (Language) and ISO15924 (writing System)-->
    <language ident='he' usage='100'>Hebrew</language>
   </langUsage>
  </profileDesc>
   <revisionDesc>
   <change/>
  </revisionDesc>
 </teiHeader>
 <facsimile>
  <graphic url='http://steinheim-institut.de/daten/picse20/xl/0088_E20_070725EPS4720hb.jpg'>
    <desc>
    <ref target='#foto1'/>
    recto
   </desc>
  </graphic>
  <graphic url='http://steinheim-institut.de/daten/picse20/xl/0088rE20_070725EPS4711hb.jpg'>
    <desc>
    <ref target='#foto1'/>
    verso
   </desc>
  </graphic>
 </facsimile>
 <text>
  <body>
   <div type='edition'>
    <head>Edition</head>
     <ab>
     <lb n='1'/>
     ‎‏פ״ט‏‎
‏‎     <lb n='2'/>
     ‎‏איש תמים מעשיו באמונים ׃‏‎
‏‎     <lb n='3'/>
     ‎‏הקשיב לקול תורה ולתפלה ׃‏‎
‏‎     <lb n='4'/>
     ‎‏צדקו לפניו יהלך לתהלה ׃‏‎
‏‎     <lb n='5'/>
     ‎‏פרנס וראש דורו כהן צדק ׃‏‎
‏‎     <lb n='6'/>
     ‎‏החזיק בעדתו תמיד כל בדק ׃‏‎
‏‎     <lb n='7'/>
     ‎‏החבר ר׳ שלמה צבי‏‎
‏‎     <lb n='8'/>
     ‎‏בן החבר ר׳ שמואל הכהן‏‎
‏‎     <lb n='9'/>
     ‎‏זצ״ל ׃ נפטר בש״ק כ׳ לחדש‏‎
‏‎     <lb n='10'/>
     ‎‏מנחם אב ונקבר יום ב׳ כ״ב‏‎
‏‎     <lb n='11'/>
     ‎‏בו שנת תר״ה לפ״ק פה‏‎
‏‎     <lb n='12'/>
     ‎‏קעמפען ׃‏‎
‏‎     <lb n='13'/>
     ‎‏תנצב״ה אמן ׃‏‎
‏‎    </ab>
   </div>
   <div type='translation'>
    <head>Übersetzung</head>
     <ab>
     <lb n='1'/>
     Hier ist geborgen
     <lb n='2'/>
     ein lauterer Mann, seine Werke verläßlich,
     <lb n='3'/>
     er lauschte der Stimme der Tora und des Gebets,
     <lb n='4'/>
     ›seine Gerechtigkeit geht vor ihm einher zum Ruhme‹,
     <lb n='5'/>
     Vorsteher und Haupt seines Zeitalters, Priester der Gerechtigkeit,
     <lb n='6'/>
     ›er fügte stets in seiner Gemeinde die Risse zusammen‹,
     <lb n='7'/>
     der toragelehrte Herr Schlomo Zwi,
     <lb n='8'/>
     Sohn des toragelehrten Herrn Schmuel Hakohen,
     <lb n='9'/>
     das Andenken des Gerechten zum Segen, verschieden am heiligen Schabbat, 20. des Monats
     <lb n='10'/>
     Menachem Aw, und begraben Tag 2, 22.
     <lb n='11'/>
     desselben des Jahres 605 der kleinen Zählung, hier
     <lb n='12'/>
     in Kempen.
     <lb n='13'/>
     Seine Seele sei eingebunden in das Bündel des Lebens, Amen :
    </ab>
   </div>
   <div type="commentary" subtype="Zitate">
    <head>Zitate</head>
    <p>Zl 4: Ps 85,14</p>
    <p>Zl 6: 2 Kön 12, 6 u. ö.</p>
   </div>
   <div type='commentary' subtype='Stilmittel'>
    <head>Stilmittel</head>
    <p>
     <label>Reim</label>
      Binnenreim auf -im in Zl 2, Endreim auf -la in Zln 3-4, auf -edeq in Zln 5-6.
    </p>
   </div>
   <div type="commentary" subtype="Endkommentar">
    <head>Endkommentar</head>
    <p>Das Grabmal besteht aus mehreren einzelnen Elementen, die wieder neu zusammengesetzt und befestigt wurden. Vermutlich wurde bei dieser Gelegenheit das Teilstück mit den segnenden Priesterhänden verkehrt herum aufgesetzt, so daß die Finger der Hände vorübergehend nach unten statt nach oben wiesen. Inzwischen wurde das Element wieder umgedreht.</p>
   </div>
   <div type="commentary" subtype="Prosopographie">
    <head>Prosopographie</head>
    <p>Salomon Kounen war Klein- und Ellenwarenhändler und Geldwechsler und diente laut seiner hebräischen Inschrift seiner Gemeinde als Vorsteher. Er war verheiratet mit Sibila geb. Servos aus Kempen (gest. 1866, Nr. 87) und war Vater von Sophie Kounen (1806-1897, Nr. 41), Abraham Kounen (1809-1871, Nr. 46), Rosetta verh. Beer (1817-1899, Nr. 40) und des späteren Gemeindevorstehers und Mitglieds der Stadtverordnetenversammlung, Isaak Kounen.</p>
   </div>
   <div type="bibliography">
    <head>Bibliographie</head>
    <p>to be done ...</p>
   </div>
  </body>
 </text>
</TEI>
