﻿<?xml version="1.0" encoding="UTF-8"?>
<?xml-model href="http://www.stoa.org/epidoc/schema/8.18/tei-epidoc.rng" schematypens="http://relaxng.org/ns/structure/1.0"?>
<TEI xmlns:xi="http://www.w3.org/2001/XInclude" xmlns:svg="http://www.w3.org/2000/svg" xmlns:math="http://www.w3.org/1998/Math/MathML" xmlns="http://www.tei-c.org/ns/1.0">
 <teiHeader>
  <fileDesc>
   <titleStmt>
    <title xml:lang='de'>Grabmal für Hanna bat Jeschajahu Halevi ∞ Elieser Halevi SeGaL, gest. 1885-06-17, Jüdischer Friedhof Korschenbroich</title>
    <respStmt xml:lang="de">
     <resp>herausgegeben vom</resp>
     <orgName ref="http://d-nb.info/gnd/212562-6">
      Salomon Ludwig Steinheim-Institut
      <address>
       <addrLine>Edmund-Körner-Platz 2</addrLine>
       <addrLine>D-45127 Essen</addrLine>
      </address>
     </orgName>
    </respStmt>
   </titleStmt>
    <editionStmt>
    <edition/>
   </editionStmt>
   <extent/>
   <publicationStmt>
    <publisher>
     <orgName ref="http://d-nb.info/gnd/212562-6">
      Salomon Ludwig Steinheim-Institut 
      <address>
       <addrLine>Edmund-Körner-Platz 2</addrLine>
       <addrLine>D-45127 Essen</addrLine>
      </address>
     </orgName>
    </publisher>
    <idno>e21-22</idno>
    <idno type="url">http://www.steinheim-institut.de/cgi-bin/epidat?id=e21-22</idno>
    <availability xml:lang="en" status="free">
     <licence>
      <ref target="http://creativecommons.org/licenses/by/4.0/">Distributed under a Creative Commons licence Attribution-BY 4.0</ref>
      <p>
       All reuse or distribution of this work must contain somewhere a link back to the URL 
       <ref>http://www.steinheim-institut.de/cgi-bin/epidat?id=e21-22</ref>
      </p>
     </licence>
    </availability>
   </publicationStmt>
    <notesStmt>
    <note/>
   </notesStmt>
   <sourceDesc>
    <bibl>born digital</bibl>
     <msDesc>
     <msIdentifier/>
     <physDesc>
      <objectDesc>
       <supportDesc>
        <support>
         <p>
          <material>Stein</material>
          Schmalhohe Stele mit geschweiftem und abgesetztem Rundbogenabschluß, mit Grabstein Nr. 
          <ref target="http://steinheim-institut.de/cgi-bin/epidat?id=e21-0021-t">e21-0021</ref>
           in gemeinsamer Grabeinfassung.
         </p>
        </support>
        <condition></condition>
       </supportDesc>
        <layoutDesc>
        <layout/>
       </layoutDesc>
      </objectDesc>
      <decoDesc>
       <decoNote type='ornament'>floral: Eichenlaubzweige mit Eicheln zu beiden Seiten der Einleitungsformel.</decoNote>
      </decoDesc>
     </physDesc>
     <history>
      <origin>
       <date notBefore='1885-06-17'>1885-06-17</date>
       <country type="ISO_3166" key="XA-DE-NW">
        Germany
        <region>North Rhine-Westphalia</region>
       </country>
       <settlement type='city' key='tgn:1039924'>
        Korschenbroich 
        <geogName>
         Jüdischer Friedhof
         <geo decls="#WGS">51.154744 6.503791</geo>
        </geogName>
       </settlement>
      </origin>
     </history>
    </msDesc>
   </sourceDesc>
  </fileDesc>
  <encodingDesc>
   <p>Encoded according to the EpiDoc Guidelines, Schema Version 8.18</p>
   <classDecl>
    <taxonomy>
     <category xml:id='foto1'>
      <catDesc>
       Epigraphisches Bildarchiv, 
       <orgName ref="http://d-nb.info/gnd/212562-6">Steinheim-Institut</orgName>
      </catDesc>
     </category>
     <category xml:id='foto2'>
      <catDesc>Nathanja Hüttenmeister</catDesc>
     </category>
    </taxonomy>
   </classDecl>
   <geoDecl xml:id="WGS" datum="WGS84">World Geodetic System</geoDecl>
  </encodingDesc>
  <profileDesc>
   <particDesc>
    <listPerson>
     <person xml:id="e21-22-1" sex='2'>
      <persName>Hanna bat Jeschajahu Halevi ∞ Elieser Halevi SeGaL</persName>
       <event when='1885-06-17' type="dateofdeath">
       <desc/>
      </event>
     </person>
    </listPerson>
   </particDesc>
    <langUsage>
    <!-- According to bcp47 http://tools.ietf.org/html/bcp47 (Language) and ISO15924 (writing System)-->
    <language ident='he' usage='100'>Hebrew</language>
   </langUsage>
  </profileDesc>
   <revisionDesc>
   <change/>
  </revisionDesc>
 </teiHeader>
 <facsimile>
  <graphic url='http://steinheim-institut.de/daten/picse21/xl/0022_E21_1986.jpg'>
    <desc>
    <ref target='#foto1'/>
    recto
   </desc>
  </graphic>
  <graphic url='http://steinheim-institut.de/daten/picse21/xl/0022dE21_1986-1.jpg'>
    <desc>
    <ref target='#foto1'/>
    Detail
   </desc>
  </graphic>
  <graphic url='http://steinheim-institut.de/daten/picse21/xl/0022dE21_1986-2.jpg'>
    <desc>
    <ref target='#foto1'/>
    Detail
   </desc>
  </graphic>
 </facsimile>
 <text>
  <body>
   <div type='edition'>
    <head>Edition</head>
     <ab>
     <lb n='1'/>
     ‎‏פ״נ‏‎
‏‎     <lb n='2'/>
     ‎‏האשה הצנועה והחסדה‏‎
‏‎     <lb n='3'/>
     ‎‏יראת אלוהים‏‎
‏‎     <lb n='4'/>
     ‎‏מרת האננה בת ישעיהו הלוי‏‎
‏‎     <lb n='5'/>
     ‎‏סג״ל מגרעסניך נולד׳ ביום כ״ה כסליו‏‎
‏‎     <lb n='6'/>
     ‎‏תקנ״ח לפ״ק והלך לעולמה ביום‏‎
‏‎     <lb n='7'/>
     ‎‏ד׳ ד׳ תמוז תרמ״ה לפ״ק‏‎
‏‎     <lb n='8'/>
     ‎‏תנצב״ה‏‎
‏‎     <lb n='9'/>
     ‎‏אשת אליעזר הלוי סג״ל‏‎
‏‎    </ab>
   </div>
   <div type='translation'>
    <head>Übersetzung</head>
     <ab>
     <lb n='1'/>
     Hier ist begraben
     <lb n='2'/>
     die züchtige und anmutsvolle
     <lb n='3'/>
     (und) gottesfürchtige Frau,
     <lb n='4'/>
     Frau Hanna, Tochter des Jeschajahu Halevi
     <lb n='5'/>
     SeGaL aus Gressnich, geboren am 25. Tag des Kislev
     <lb n='6'/>
     558 der kleinen Zählung, und sie ging in ihre Welt am Tag
     <lb n='7'/>
     4, 4. Tammus 645 der kleinen Zählung.
     <lb n='8'/>
     Ihre Seele sei eingebunden in das Bündel des Lebens
     <lb n='9'/>
     Gattin des Elieser Halevi SeGaL
    </ab>
   </div>
   <div type="commentary" subtype="Zeilenkommentar">
    <head>Zeilenkommentar</head>
    <p>Zl 4: Der Vorname wurde entsprechend deutscher Orthografie geschrieben.</p>
    <p>Zl 9: Die Zeile folgt dem Verlauf der unteren, geschwungenen Begrenzung des Schriftfelds.</p>
   </div>
   <div type="commentary" subtype="Prosopographie">
    <head>Prosopographie</head>
   </div>
   <div type="bibliography">
    <head>Bibliographie</head>
    <p>to be done ...</p>
   </div>
  </body>
 </text>
</TEI>
