﻿<?xml version="1.0" encoding="UTF-8"?>
<?xml-model href="http://www.stoa.org/epidoc/schema/8.18/tei-epidoc.rng" schematypens="http://relaxng.org/ns/structure/1.0"?>
<TEI xmlns:xi="http://www.w3.org/2001/XInclude" xmlns:svg="http://www.w3.org/2000/svg" xmlns:math="http://www.w3.org/1998/Math/MathML" xmlns="http://www.tei-c.org/ns/1.0">
 <teiHeader>
  <fileDesc>
   <titleStmt>
    <title xml:lang='de'>Grabmal für Schimon ben Josef (Simon Levy), gest. 1877-07-20, Jüdischer Friedhof Korschenbroich-Glehn</title>
    <respStmt xml:lang="de">
     <resp>herausgegeben vom</resp>
     <orgName ref="http://d-nb.info/gnd/212562-6">
      Salomon Ludwig Steinheim-Institut
      <address>
       <addrLine>Edmund-Körner-Platz 2</addrLine>
       <addrLine>D-45127 Essen</addrLine>
      </address>
     </orgName>
    </respStmt>
   </titleStmt>
    <editionStmt>
    <edition/>
   </editionStmt>
   <extent/>
   <publicationStmt>
    <publisher>
     <orgName ref="http://d-nb.info/gnd/212562-6">
      Salomon Ludwig Steinheim-Institut 
      <address>
       <addrLine>Edmund-Körner-Platz 2</addrLine>
       <addrLine>D-45127 Essen</addrLine>
      </address>
     </orgName>
    </publisher>
    <idno>e22-2</idno>
    <idno type="url">http://www.steinheim-institut.de/cgi-bin/epidat?id=e22-2</idno>
    <availability xml:lang="en" status="free">
     <licence>
      <ref target="http://creativecommons.org/licenses/by/4.0/">Distributed under a Creative Commons licence Attribution-BY 4.0</ref>
      <p>
       All reuse or distribution of this work must contain somewhere a link back to the URL 
       <ref>http://www.steinheim-institut.de/cgi-bin/epidat?id=e22-2</ref>
      </p>
     </licence>
    </availability>
   </publicationStmt>
    <notesStmt>
    <note/>
   </notesStmt>
   <sourceDesc>
    <bibl>born digital</bibl>
     <msDesc>
     <msIdentifier/>
     <physDesc>
      <objectDesc>
       <supportDesc>
        <support>
         <p>
          <material>Stein</material>
          Stele mit eingezogenem Rundbogenabschluß und vertieftem Schriftfeld mit profiliertem Rand. (Vgl. Nrn. 
          <ref target="http://steinheim-institut.de/cgi-bin/epidat?id=e22-0005-t">e22-0005</ref>
           und 
          <ref target="http://steinheim-institut.de/cgi-bin/epidat?id=e22-0006-t">e22-0006</ref>
          ).
         </p>
        </support>
        <condition>
         <p>
           
          <damage agent='Verwitterung'>1986: Verwitterung leicht. 2008: Die Verwitterung ist weiter fortgeschritten.</damage>
         </p>
        </condition>
       </supportDesc>
        <layoutDesc>
        <layout/>
       </layoutDesc>
      </objectDesc>
     </physDesc>
     <history>
      <origin>
       <date notBefore='1877-07-20'>1877-07-20</date>
       <country type="ISO_3166" key="XA-DE-NW">
        Germany
        <region>North Rhine-Westphalia</region>
       </country>
       <settlement type='city' key='tgn:1039277'>
        Korschenbroich-Glehn 
        <geogName>
         Jüdischer Friedhof
         <geo decls="#WGS">51.172194 6.56727</geo>
        </geogName>
       </settlement>
      </origin>
     </history>
    </msDesc>
   </sourceDesc>
  </fileDesc>
  <encodingDesc>
   <p>Encoded according to the EpiDoc Guidelines, Schema Version 8.18</p>
   <classDecl>
    <taxonomy>
     <category xml:id='foto1'>
      <catDesc>
       Epigraphisches Bildarchiv, 
       <orgName ref="http://d-nb.info/gnd/212562-6">Steinheim-Institut</orgName>
      </catDesc>
     </category>
     <category xml:id='foto2'>
      <catDesc>Nathanja Hüttenmeister</catDesc>
     </category>
    </taxonomy>
   </classDecl>
   <geoDecl xml:id="WGS" datum="WGS84">World Geodetic System</geoDecl>
  </encodingDesc>
  <profileDesc>
   <particDesc>
    <listPerson>
     <person xml:id="e22-2-1" sex='1'>
      <persName>Schimon ben Josef (Simon Levy)</persName>
       <event when='1877-07-20' type="dateofdeath">
       <desc/>
      </event>
     </person>
    </listPerson>
   </particDesc>
    <langUsage>
    <!-- According to bcp47 http://tools.ietf.org/html/bcp47 (Language) and ISO15924 (writing System)-->
    <language ident='he' usage='66'>Hebrew</language>
    <language ident='de' usage='33'>German</language>
   </langUsage>
  </profileDesc>
   <revisionDesc>
   <change/>
  </revisionDesc>
 </teiHeader>
 <facsimile>
  <graphic url='http://steinheim-institut.de/daten/picse22/xl/0002_E22_1986.jpg'>
    <desc>
    <ref target='#foto1'/>
    recto
   </desc>
  </graphic>
  <graphic url='http://steinheim-institut.de/daten/picse22/xl/0002dE22_1986.jpg'>
    <desc>
    <ref target='#foto1'/>
    Detail
   </desc>
  </graphic>
 </facsimile>
 <text>
  <body>
   <div type='edition'>
    <head>Edition</head>
     <ab>
     <lb n='1'/>
     ‎‏פ״נ‏‎
‏‎     <lb n='2'/>
     ‎‏איש תם וישר‏‎
‏‎     <lb n='3'/>
     ‎‏ירא ה׳ ופעל טוב‏‎
‏‎     <lb n='4'/>
     ‎‏ה״ה כ׳ שמעון בר יוסף‏‎
‏‎     <lb n='5'/>
     ‎‏נפטר בשם טוב ביום י״א אב‏‎
‏‎     <lb n='6'/>
     ‎‏תרל״ז לפ״ק‏‎
‏‎     <lb n='7'/>
     ‎‏תנצב״ה‏‎
‏‎     <lb n='8'/>
     Simon Levy
     <lb n='9'/>
     geb. 15. Octbr. 1832,
     <lb n='10'/>
     gest. 20. Juli 1877.
     <lb n='11'/>
     R.I.F.
    </ab>
   </div>
   <div type='translation'>
    <head>Übersetzung</head>
     <ab>
     <lb n='1'/>
     Hier ist begraben
     <lb n='2'/>
     ›ein lauterer und aufrechter Mann,
     <lb n='3'/>
     den Ewigen ehrfürchtend‹ und Gutes tuend,
     <lb n='4'/>
     es ist der geehrte Schimon, Sohn des Josef,
     <lb n='5'/>
     verschieden ›mit gutem Namen‹ am 11. Tag des Aw
     <lb n='6'/>
     637 der kleinen Zählung.
     <lb n='7'/>
     Seine Seele sei eingebunden in das Bündel des Lebens
    </ab>
   </div>
   <div type="commentary" subtype="Zitate">
    <head>Zitate</head>
    <p>Zl 2f: Ijob 1,8</p>
    <p>Zl 5: bBer 17a</p>
   </div>
   <div type="commentary" subtype="Abkürzung">
    <p>Zl 11: Die deutsche Abkürzung steht für: "Ruhe in Frieden".</p>
   </div>
   <div type="commentary" subtype="Prosopographie">
    <head>Prosopographie</head>
   </div>
   <div type="bibliography">
    <head>Bibliographie</head>
    <p>to be done ...</p>
   </div>
  </body>
 </text>
</TEI>
