﻿<?xml version="1.0" encoding="UTF-8"?>
<?xml-model href="http://www.stoa.org/epidoc/schema/8.18/tei-epidoc.rng" schematypens="http://relaxng.org/ns/structure/1.0"?>
<TEI xmlns:xi="http://www.w3.org/2001/XInclude" xmlns:svg="http://www.w3.org/2000/svg" xmlns:math="http://www.w3.org/1998/Math/MathML" xmlns="http://www.tei-c.org/ns/1.0">
 <teiHeader>
  <fileDesc>
   <titleStmt>
    <title xml:lang='de'>Grabmal für Jechiel ben Jehuda Aharon (Michael Vossen), gest. 1876-05-05, Jüdischer Friedhof Korschenbroich-Glehn</title>
    <respStmt xml:lang="de">
     <resp>herausgegeben vom</resp>
     <orgName ref="http://d-nb.info/gnd/212562-6">
      Salomon Ludwig Steinheim-Institut
      <address>
       <addrLine>Edmund-Körner-Platz 2</addrLine>
       <addrLine>D-45127 Essen</addrLine>
      </address>
     </orgName>
    </respStmt>
   </titleStmt>
    <editionStmt>
    <edition/>
   </editionStmt>
   <extent/>
   <publicationStmt>
    <publisher>
     <orgName ref="http://d-nb.info/gnd/212562-6">
      Salomon Ludwig Steinheim-Institut 
      <address>
       <addrLine>Edmund-Körner-Platz 2</addrLine>
       <addrLine>D-45127 Essen</addrLine>
      </address>
     </orgName>
    </publisher>
    <idno>e22-1</idno>
    <idno type="url">http://www.steinheim-institut.de/cgi-bin/epidat?id=e22-1</idno>
    <availability xml:lang="en" status="free">
     <licence>
      <ref target="http://creativecommons.org/licenses/by/4.0/">Distributed under a Creative Commons licence Attribution-BY 4.0</ref>
      <p>
       All reuse or distribution of this work must contain somewhere a link back to the URL 
       <ref>http://www.steinheim-institut.de/cgi-bin/epidat?id=e22-1</ref>
      </p>
     </licence>
    </availability>
   </publicationStmt>
    <notesStmt>
    <note/>
   </notesStmt>
   <sourceDesc>
    <bibl>born digital</bibl>
     <msDesc>
     <msIdentifier/>
     <physDesc>
      <objectDesc>
       <supportDesc>
        <support>
         <p>
          <material>Stein</material>
          Stele mit geschweiftem Spitzbogenabschluß, darauf seitlich Voluten, in der Mitte eine Palmette. (Vgl. mit Nr. 
          <ref target="http://steinheim-institut.de/cgi-bin/epidat?id=e22-0003-t">e22-0003</ref>
          ).
         </p>
        </support>
        <condition></condition>
       </supportDesc>
        <layoutDesc>
        <layout/>
       </layoutDesc>
      </objectDesc>
      <decoDesc>
       <decoNote type='ornament'>floral; gestalterisch</decoNote>
      </decoDesc>
     </physDesc>
     <history>
      <origin>
       <date notBefore='1876-05-05'>1876-05-05</date>
       <country type="ISO_3166" key="XA-DE-NW">
        Germany
        <region>North Rhine-Westphalia</region>
       </country>
       <settlement type='city' key='tgn:1039277'>
        Korschenbroich-Glehn 
        <geogName>
         Jüdischer Friedhof
         <geo decls="#WGS">51.172194 6.56727</geo>
        </geogName>
       </settlement>
      </origin>
     </history>
    </msDesc>
   </sourceDesc>
  </fileDesc>
  <encodingDesc>
   <p>Encoded according to the EpiDoc Guidelines, Schema Version 8.18</p>
   <classDecl>
    <taxonomy>
     <category xml:id='foto1'>
      <catDesc>
       Epigraphisches Bildarchiv, 
       <orgName ref="http://d-nb.info/gnd/212562-6">Steinheim-Institut</orgName>
      </catDesc>
     </category>
     <category xml:id='foto2'>
      <catDesc>Nathanja Hüttenmeister</catDesc>
     </category>
    </taxonomy>
   </classDecl>
   <geoDecl xml:id="WGS" datum="WGS84">World Geodetic System</geoDecl>
  </encodingDesc>
  <profileDesc>
   <particDesc>
    <listPerson>
     <person xml:id="e22-1-1" sex='1'>
      <persName>Jechiel ben Jehuda Aharon (Michael Vossen)</persName>
       <event when='1876-05-05' type="dateofdeath">
       <desc/>
      </event>
     </person>
    </listPerson>
   </particDesc>
    <langUsage>
    <!-- According to bcp47 http://tools.ietf.org/html/bcp47 (Language) and ISO15924 (writing System)-->
    <language ident='he' usage='57'>Hebrew</language>
    <language ident='de' usage='42'>German</language>
   </langUsage>
  </profileDesc>
   <revisionDesc>
   <change/>
  </revisionDesc>
 </teiHeader>
 <facsimile>
  <graphic url='http://steinheim-institut.de/daten/picse22/xl/0001_E22_1986.jpg'>
    <desc>
    <ref target='#foto1'/>
    recto
   </desc>
  </graphic>
  <graphic url='http://steinheim-institut.de/daten/picse22/xl/0001dE22_1986.jpg'>
    <desc>
    <ref target='#foto1'/>
    Detail
   </desc>
  </graphic>
  <graphic url='http://steinheim-institut.de/daten/picse22/xl/0001dE22_2008-1.png'>
    <desc>
    <ref target='#foto2'/>
    Detail
   </desc>
  </graphic>
 </facsimile>
 <text>
  <body>
   <div type='edition'>
    <head>Edition</head>
     <ab>
     <lb n='1'/>
     ‎‏פ״נ‏‎
‏‎     <lb n='2'/>
     ‎‏בצדק הלך כל ימיו‏‎
‏‎     <lb n='3'/>
     ‎‏עולה לא נמצא בשפתיו‏‎
‏‎     <lb n='4'/>
     ‎‏במשור הדריך בניו‏‎
‏‎     <lb n='5'/>
     ‎‏יחיאל בר יהודה אהרן‏‎
‏‎     <lb n='6'/>
     ‎‏י״נ יום ו׳ עש״ק י״א אייר‏‎
‏‎     <lb n='7'/>
     ‎‏ונקבר יום א׳ י״ג אייר‏‎
‏‎     <lb n='8'/>
     ‎‏תרל״ו לפ״ק גלעהן‏‎
‏‎     <lb n='9'/>
     ‎‏תנצב״ה‏‎
‏‎     <lb n='10'/>
     Hier ruht in Frieden
     <lb n='11'/>
     Michael Vossen
     <lb n='12'/>
     [...] 1814, gest. [5.] Mai 1876
     <lb n='13'/>
     gesetzt von den 3 Söhnen und
     <lb n='14'/>
     3 Töchtern in Nord Amerika
    </ab>
   </div>
   <div type='translation'>
    <head>Übersetzung</head>
     <ab>
     <lb n='1'/>
     Hier ist begraben -
     <lb n='2'/>
     in Gerechtigkeit ging er all seine Tage,
     <lb n='3'/>
     ›Falsch ward nicht gefunden auf seinen Lippen‹,
     <lb n='4'/>
     zur Geradheit leitete er seine Kinder,
     <lb n='5'/>
     Jechiel, Sohn des Jehuda Aharon,
     <lb n='6'/>
     und er verschied Tag 6, Rüsttag des heiligen Schabbat, 11. Ijar,
     <lb n='7'/>
     und wurde begraben Tag 1, 13. Ijar
     <lb n='8'/>
     636 der kleinen Zählung, Glehn.
     <lb n='9'/>
     Seine Seele sei eingebunden in das Bündel des Lebens
    </ab>
   </div>
   <div type="commentary" subtype="Zitate">
    <head>Zitate</head>
    <p>Zl 3: Mal 2,6</p>
   </div>
   <div type='commentary' subtype='Stilmittel'>
    <head>Stilmittel</head>
    <p>
     <label>Reim</label>
      auf -av in Zln 2-4.
    </p>
   </div>
   <div type="commentary" subtype="Zeilenkommentar">
    <head>Zeilenkommentar</head>
    <p>Zl 8: Der Ortsname wurde entsprechend deutscher Orthographie geschrieben.</p>
   </div>
   <div type="commentary" subtype="Endkommentar">
    <head>Endkommentar</head>
    <p>Die deutsche Inschrift ist stark verwittert und nur noch unvollständig erhalten. der Sterbetag wurde entsprechend der Angabe in der hebräischen Inschrift ergänzt.</p>
   </div>
   <div type="commentary" subtype="Prosopographie">
    <head>Prosopographie</head>
   </div>
   <div type="bibliography">
    <head>Bibliographie</head>
    <p>to be done ...</p>
   </div>
  </body>
 </text>
</TEI>
