﻿<?xml version="1.0" encoding="UTF-8"?>
<?xml-model href="http://www.stoa.org/epidoc/schema/8.18/tei-epidoc.rng" schematypens="http://relaxng.org/ns/structure/1.0"?>
<TEI xmlns:xi="http://www.w3.org/2001/XInclude" xmlns:svg="http://www.w3.org/2000/svg" xmlns:math="http://www.w3.org/1998/Math/MathML" xmlns="http://www.tei-c.org/ns/1.0">
 <teiHeader>
  <fileDesc>
   <titleStmt>
    <title xml:lang='de'>Grabmal für Mirjam bat Jehuda (Amalie Vossen), gest. 1881-01-11, Jüdischer Friedhof Korschenbroich-Glehn</title>
    <respStmt xml:lang="de">
     <resp>herausgegeben vom</resp>
     <orgName ref="http://d-nb.info/gnd/212562-6">
      Salomon Ludwig Steinheim-Institut
      <address>
       <addrLine>Edmund-Körner-Platz 2</addrLine>
       <addrLine>D-45127 Essen</addrLine>
      </address>
     </orgName>
    </respStmt>
   </titleStmt>
    <editionStmt>
    <edition/>
   </editionStmt>
   <extent/>
   <publicationStmt>
    <publisher>
     <orgName ref="http://d-nb.info/gnd/212562-6">
      Salomon Ludwig Steinheim-Institut 
      <address>
       <addrLine>Edmund-Körner-Platz 2</addrLine>
       <addrLine>D-45127 Essen</addrLine>
      </address>
     </orgName>
    </publisher>
    <idno>e22-3</idno>
    <idno type="url">http://www.steinheim-institut.de/cgi-bin/epidat?id=e22-3</idno>
    <availability xml:lang="en" status="free">
     <licence>
      <ref target="http://creativecommons.org/licenses/by/4.0/">Distributed under a Creative Commons licence Attribution-BY 4.0</ref>
      <p>
       All reuse or distribution of this work must contain somewhere a link back to the URL 
       <ref>http://www.steinheim-institut.de/cgi-bin/epidat?id=e22-3</ref>
      </p>
     </licence>
    </availability>
   </publicationStmt>
    <notesStmt>
    <note/>
   </notesStmt>
   <sourceDesc>
    <bibl>born digital</bibl>
     <msDesc>
     <msIdentifier/>
     <physDesc>
      <objectDesc>
       <supportDesc>
        <support>
         <p>
          <material>Stein</material>
          Stele mit geschweiftem Spitzbogenabschluß, darauf seitlich Voluten, oben eine Palmette. (Vgl. mit Nr. 
          <ref target="http://steinheim-institut.de/cgi-bin/epidat?id=e22-0001-t">e22-0001</ref>
          ).
         </p>
        </support>
        <condition>
         <p>
           
          <damage agent='Verwitterung'>1986: Verwitterung mittel. 2008: Die Verwitterung ist weiter fortgeschritten.</damage>
         </p>
        </condition>
       </supportDesc>
        <layoutDesc>
        <layout/>
       </layoutDesc>
      </objectDesc>
      <decoDesc>
       <decoNote type='ornament'>floral</decoNote>
      </decoDesc>
     </physDesc>
     <history>
      <origin>
       <date notBefore='1881-01-11'>1881-01-11</date>
       <country type="ISO_3166" key="XA-DE-NW">
        Germany
        <region>North Rhine-Westphalia</region>
       </country>
       <settlement type='city' key='tgn:1039277'>
        Korschenbroich-Glehn 
        <geogName>
         Jüdischer Friedhof
         <geo decls="#WGS">51.172194 6.56727</geo>
        </geogName>
       </settlement>
      </origin>
     </history>
    </msDesc>
   </sourceDesc>
  </fileDesc>
  <encodingDesc>
   <p>Encoded according to the EpiDoc Guidelines, Schema Version 8.18</p>
   <classDecl>
    <taxonomy>
     <category xml:id='foto1'>
      <catDesc>
       Epigraphisches Bildarchiv, 
       <orgName ref="http://d-nb.info/gnd/212562-6">Steinheim-Institut</orgName>
      </catDesc>
     </category>
     <category xml:id='foto2'>
      <catDesc>Nathanja Hüttenmeister</catDesc>
     </category>
    </taxonomy>
   </classDecl>
   <geoDecl xml:id="WGS" datum="WGS84">World Geodetic System</geoDecl>
  </encodingDesc>
  <profileDesc>
   <particDesc>
    <listPerson>
     <person xml:id="e22-3-1" sex='2'>
      <persName>Mirjam bat Jehuda (Amalie Vossen)</persName>
       <event when='1881-01-11' type="dateofdeath">
       <desc/>
      </event>
     </person>
    </listPerson>
   </particDesc>
    <langUsage>
    <!-- According to bcp47 http://tools.ietf.org/html/bcp47 (Language) and ISO15924 (writing System)-->
    <language ident='he' usage='53'>Hebrew</language>
    <language ident='de' usage='46'>German</language>
   </langUsage>
  </profileDesc>
   <revisionDesc>
   <change/>
  </revisionDesc>
 </teiHeader>
 <facsimile>
  <graphic url='http://steinheim-institut.de/daten/picse22/xl/0003_E22_1986.jpg'>
    <desc>
    <ref target='#foto1'/>
    recto
   </desc>
  </graphic>
  <graphic url='http://steinheim-institut.de/daten/picse22/xl/0003dE22_1986.jpg'>
    <desc>
    <ref target='#foto1'/>
    Detail
   </desc>
  </graphic>
 </facsimile>
 <text>
  <body>
   <div type='edition'>
    <head>Edition</head>
     <ab>
     <lb n='1'/>
     ‎‏פ״ט‏‎
‏‎     <lb n='2'/>
     ‎‏אשה ישרה במעשיה‏‎
‏‎     <lb n='3'/>
     ‎‏בתום הלכה כל ימיה‏‎
‏‎     <lb n='4'/>
     ‎‏לעניים פרשה כפיה‏‎
‏‎     <lb n='5'/>
     ‎‏מרים בת יהודה‏‎
‏‎     <lb n='6'/>
     ‎‏י״נ ב״ט יום ג׳ י״א שבט‏‎
‏‎     <lb n='7'/>
     ‎‏ונקברה יום ה׳ י״ג שבט‏‎
‏‎     <lb n='8'/>
     ‎‏תרמ״א לפ״ק גלעהן‏‎
‏‎     <lb n='9'/>
     ‎‏תנצב״ה‏‎
‏‎     <lb n='10'/>
     Hier ruht in Frieden
     <lb n='11'/>
     Amalie Vossen
     <lb n='12'/>
     geb. 17. Febr. 1808?, gest. 11. Jan. 1881
     <lb n='13'/>
     Gesetzt von den 3 Söhnen und
     <lb n='14'/>
     3 Töchtern in Nord Amerika
    </ab>
   </div>
   <div type='translation'>
    <head>Übersetzung</head>
     <ab>
     <lb n='1'/>
     Hier ist geborgen
     <lb n='2'/>
     eine aufrechte Frau in ihren Taten,
     <lb n='3'/>
     in Lauterkeit ging sie all ihre Tage,
     <lb n='4'/>
     ›den Armen reichte sie ihre Hände‹,
     <lb n='5'/>
     Mirjam, Tochter des Jehuda,
     <lb n='6'/>
     und sie verschied Tag 3, 11. Schwat,
     <lb n='7'/>
     und wurde begraben Tag 5, 13. Schwat
     <lb n='8'/>
     641 der kleinen Zählung, Glehn.
     <lb n='9'/>
     Ihre Seele sei eingebunden in das Bündel des Lebens
    </ab>
   </div>
   <div type="commentary" subtype="Zitate">
    <head>Zitate</head>
    <p>Zl 4: Spr 31,20</p>
   </div>
   <div type='commentary' subtype='Stilmittel'>
    <head>Stilmittel</head>
    <p>
     <label>Reim</label>
      auf -eiha in Zln 2-4.
    </p>
   </div>
   <div type="commentary" subtype="Zeilenkommentar">
    <head>Zeilenkommentar</head>
    <p>Zl 8: Der Ortsname wurde entsprechend deutscher Orthographie geschrieben.</p>
    <p>Zl 12: Das Geburtsjahr ist nicht ganz sicher, es könnte auch 1803 lauten.</p>
   </div>
   <div type="commentary" subtype="Endkommentar">
    <head>Endkommentar</head>
    <p>
     Grabmal und Inschrift wurden entsprechend des Grabsteins des Gatten, des 1876 gestorbenen Michael Vossen (Nr. 
     <ref target="http://steinheim-institut.de/cgi-bin/epidat?id=e22-0001-t">e22-0001</ref>
     ) gestaltet.
    </p>
   </div>
   <div type="commentary" subtype="Prosopographie">
    <head>Prosopographie</head>
   </div>
   <div type="bibliography">
    <head>Bibliographie</head>
    <p>to be done ...</p>
   </div>
  </body>
 </text>
</TEI>
