﻿<?xml version="1.0" encoding="UTF-8"?>
<?xml-model href="http://www.stoa.org/epidoc/schema/8.18/tei-epidoc.rng" schematypens="http://relaxng.org/ns/structure/1.0"?>
<TEI xmlns:xi="http://www.w3.org/2001/XInclude" xmlns:svg="http://www.w3.org/2000/svg" xmlns:math="http://www.w3.org/1998/Math/MathML" xmlns="http://www.tei-c.org/ns/1.0">
 <teiHeader>
  <fileDesc>
   <titleStmt>
    <title xml:lang='de'>Grabmal für Hezel bat Uri Halevi ∞ Aharon ben Schlomo (Frau Aron Salomon Helene geb. Jesse), gest. 1880-03-26, Jüdischer Friedhof Meerbusch-Lank-Latum</title>
    <respStmt xml:lang="de">
     <resp>herausgegeben vom</resp>
     <orgName ref="http://d-nb.info/gnd/212562-6">
      Salomon Ludwig Steinheim-Institut
      <address>
       <addrLine>Edmund-Körner-Platz 2</addrLine>
       <addrLine>D-45127 Essen</addrLine>
      </address>
     </orgName>
    </respStmt>
   </titleStmt>
    <editionStmt>
    <edition/>
   </editionStmt>
   <extent/>
   <publicationStmt>
    <publisher>
     <orgName ref="http://d-nb.info/gnd/212562-6">
      Salomon Ludwig Steinheim-Institut 
      <address>
       <addrLine>Edmund-Körner-Platz 2</addrLine>
       <addrLine>D-45127 Essen</addrLine>
      </address>
     </orgName>
    </publisher>
    <idno>e25-3</idno>
    <idno type="url">http://www.steinheim-institut.de/cgi-bin/epidat?id=e25-3</idno>
    <availability xml:lang="en" status="free">
     <licence>
      <ref target="http://creativecommons.org/licenses/by/4.0/">Distributed under a Creative Commons licence Attribution-BY 4.0</ref>
      <p>
       All reuse or distribution of this work must contain somewhere a link back to the URL 
       <ref>http://www.steinheim-institut.de/cgi-bin/epidat?id=e25-3</ref>
      </p>
     </licence>
    </availability>
   </publicationStmt>
    <notesStmt>
    <note/>
   </notesStmt>
   <sourceDesc>
    <bibl>born digital</bibl>
     <msDesc>
     <msIdentifier/>
     <physDesc>
      <objectDesc>
       <supportDesc>
        <support>
         <p>
          <material>Stein</material>
          Gesockelte Stele mit Dreipassabschluß, verziehrt mit Eichenblättern. Im Giebelfeld ein reliefierter, sechszackiger Stern.
         </p>
        </support>
        <condition>
         <p>
           
          <damage agent='Verwitterung'>1985: Verwitterung leicht. 2008: Die Schrift wurde mit schwarzer Farbe nachgezogen.</damage>
         </p>
        </condition>
       </supportDesc>
        <layoutDesc>
        <layout/>
       </layoutDesc>
      </objectDesc>
      <decoDesc>
       <decoNote type='ornament'>floral; gestalterisch</decoNote>
      </decoDesc>
     </physDesc>
     <history>
      <origin>
       <date notBefore='1880-03-26'>1880-03-26</date>
       <country type="ISO_3166" key="XA-DE-NW">
        Germany
        <region>North Rhine-Westphalia</region>
       </country>
       <settlement type='city' key='tgn:1040041'>
        Meerbusch-Lank-Latum 
        <geogName>
         Jüdischer Friedhof
         <geo decls="#WGS">51.301998 6.66964</geo>
        </geogName>
       </settlement>
      </origin>
     </history>
    </msDesc>
   </sourceDesc>
  </fileDesc>
  <encodingDesc>
   <p>Encoded according to the EpiDoc Guidelines, Schema Version 8.18</p>
   <classDecl>
    <taxonomy>
     <category xml:id='foto1'>
      <catDesc>
       Epigraphisches Bildarchiv, 
       <orgName ref="http://d-nb.info/gnd/212562-6">Steinheim-Institut</orgName>
      </catDesc>
     </category>
     <category xml:id='foto2'>
      <catDesc>Nathanja Hüttenmeister</catDesc>
     </category>
    </taxonomy>
   </classDecl>
   <geoDecl xml:id="WGS" datum="WGS84">World Geodetic System</geoDecl>
  </encodingDesc>
  <profileDesc>
   <particDesc>
    <listPerson>
     <person xml:id="e25-3-1" sex='2'>
      <persName>Hezel bat Uri Halevi ∞ Aharon ben Schlomo (Frau Aron Salomon Helene geb. Jesse)</persName>
       <event when='1880-03-26' type="dateofdeath">
       <desc/>
      </event>
     </person>
    </listPerson>
   </particDesc>
    <langUsage>
    <!-- According to bcp47 http://tools.ietf.org/html/bcp47 (Language) and ISO15924 (writing System)-->
    <language ident='he' usage='63'>Hebrew</language>
    <language ident='de' usage='36'>German</language>
   </langUsage>
  </profileDesc>
   <revisionDesc>
   <change/>
  </revisionDesc>
 </teiHeader>
 <facsimile>
  <graphic url='http://steinheim-institut.de/daten/picse25/xl/0003_E25_1985.jpg'>
    <desc>
    <ref target='#foto1'/>
    <date when='1985'/>
    recto
   </desc>
  </graphic>
  <graphic url='http://steinheim-institut.de/daten/picse25/xl/0003dE25_1_1985.jpg'>
    <desc>
    <ref target='#foto1'/>
    <date when='1985'/>
    Detail
   </desc>
  </graphic>
  <graphic url='http://steinheim-institut.de/daten/picse25/xl/0003dE25_2_1985.jpg'>
    <desc>
    <ref target='#foto1'/>
    <date when='1985'/>
    Detail
   </desc>
  </graphic>
  <graphic url='http://steinheim-institut.de/daten/picse25/xl/0003dE25_3_1985.jpg'>
    <desc>
    <ref target='#foto1'/>
    <date when='1985'/>
    Detail
   </desc>
  </graphic>
  <graphic url='http://steinheim-institut.de/daten/picse25/xl/0003_E25_2008.png'>
    <desc>
    <ref target='#foto2'/>
    <date when='2008'/>
    recto
   </desc>
  </graphic>
  <graphic url='http://steinheim-institut.de/daten/picse25/xl/0003dE25_2008.png'>
    <desc>
    <ref target='#foto2'/>
    <date when='2008'/>
    Detail
   </desc>
  </graphic>
 </facsimile>
 <text>
  <body>
   <div type='edition'>
    <head>Edition</head>
    <div type='textpart' subtype='recto'>
      <ab>
      <lb n='1'/>
      ‎‏פ״נ‏‎
‏‎      <lb n='2'/>
      ‎‏אשה חשובה‏‎
‏‎      <lb n='3'/>
      ‎‏הציל בת אורי הלוי‏‎
‏‎      <lb n='4'/>
      ‎‏אשת אהרן בר שלמה‏‎
‏‎      <lb n='5'/>
      ‎‏היא היתה אשת חיל‏‎
‏‎      <lb n='6'/>
      ‎‏לבעלה ועטרת לבניה‏‎
‏‎      <lb n='7'/>
      ‎‏הלכה לעולמה בשם טוב‏‎
‏‎      <lb n='8'/>
      ‎‏יום ו׳ ערב פסח תר״מ לפ״ק‏‎
‏‎      <lb n='9'/>
      ‎‏תנצב״ה‏‎
‏‎     </ab>
    </div>
    <div type='textpart' subtype='verso'>
      <ab>
      <lb n='10'/>
      Hier ruht
      <lb n='11'/>
      Frau
      <lb n='12'/>
      Aron Salomon
      <lb n='13'/>
      Helene geb. Jesse
      <lb n='14'/>
      gest. 25. März 1880
      <lb n='15'/>
      im Alter von 70 Jahren
     </ab>
    </div>
   </div>
   <div type='translation'>
    <head>Übersetzung</head>
    <div type='textpart' subtype='recto'>
      <ab>
      <lb n='1'/>
      Hier ist begraben
      <lb n='2'/>
      eine angesehene Frau,
      <lb n='3'/>
      Hezel, Tochter des Uri Halevi,
      <lb n='4'/>
      Gattin des Aharon, Sohn des Schlomo,
      <lb n='5'/>
      sie war ›eine tüchtige Gattin‹
      <lb n='6'/>
      ihrem Gatten, eine Krone ihrer Kinder,
      <lb n='7'/>
      ›sie ging hin in ihre Welt‹ ›mit gutem Namen‹ 
      <lb n='8'/>
      Tag 6, dem Vorabend von Pessach 640 der kleinen Zählung.
      <lb n='9'/>
      Ihre Seele sei eingebunden in das Bündel des Lebens
     </ab>
    </div>
    <div type='textpart' subtype='verso'>
     <ab></ab>
    </div>
   </div>
   <div type="commentary" subtype="Zitate">
    <head>Zitate</head>
    <p>Zl 5: Spr 31,10</p>
    <p>Zl 7: Koh 12,5 | Zl 7: bBer 17a</p>
   </div>
   <div type="commentary" subtype="Prosopographie">
    <head>Prosopographie</head>
   </div>
   <div type="bibliography">
    <head>Bibliographie</head>
    <p>to be done ...</p>
   </div>
  </body>
 </text>
</TEI>
