﻿<?xml version="1.0" encoding="UTF-8"?>
<?xml-model href="http://www.stoa.org/epidoc/schema/8.18/tei-epidoc.rng" schematypens="http://relaxng.org/ns/structure/1.0"?>
<TEI xmlns:xi="http://www.w3.org/2001/XInclude" xmlns:svg="http://www.w3.org/2000/svg" xmlns:math="http://www.w3.org/1998/Math/MathML" xmlns="http://www.tei-c.org/ns/1.0">
 <teiHeader>
  <fileDesc>
   <titleStmt>
    <title xml:lang='de'>Grabmal für Ettel bat Jehuda ∞ Mosche ben Awraham Hakohen (Adelheid Mayer geb. Gottschalk), gest. 1881-02-21, Jüdischer Friedhof Meerbusch-Lank-Latum</title>
    <respStmt xml:lang="de">
     <resp>herausgegeben vom</resp>
     <orgName ref="http://d-nb.info/gnd/212562-6">
      Salomon Ludwig Steinheim-Institut
      <address>
       <addrLine>Edmund-Körner-Platz 2</addrLine>
       <addrLine>D-45127 Essen</addrLine>
      </address>
     </orgName>
    </respStmt>
   </titleStmt>
    <editionStmt>
    <edition/>
   </editionStmt>
   <extent/>
   <publicationStmt>
    <publisher>
     <orgName ref="http://d-nb.info/gnd/212562-6">
      Salomon Ludwig Steinheim-Institut 
      <address>
       <addrLine>Edmund-Körner-Platz 2</addrLine>
       <addrLine>D-45127 Essen</addrLine>
      </address>
     </orgName>
    </publisher>
    <idno>e25-6</idno>
    <idno type="url">http://www.steinheim-institut.de/cgi-bin/epidat?id=e25-6</idno>
    <availability xml:lang="en" status="free">
     <licence>
      <ref target="http://creativecommons.org/licenses/by/4.0/">Distributed under a Creative Commons licence Attribution-BY 4.0</ref>
      <p>
       All reuse or distribution of this work must contain somewhere a link back to the URL 
       <ref>http://www.steinheim-institut.de/cgi-bin/epidat?id=e25-6</ref>
      </p>
     </licence>
    </availability>
   </publicationStmt>
    <notesStmt>
    <note/>
   </notesStmt>
   <sourceDesc>
    <bibl>born digital</bibl>
     <msDesc>
     <msIdentifier/>
     <physDesc>
      <objectDesc>
       <supportDesc>
        <support>
         <p>
          <material>Stein</material>
          Hohe, gesockelte, sich leicht nach oben verjüngende Stele mit Rundbogenabschluß mit vorkragendem Rand und aufgesetzter Akroterie, darin drei Mohnkapseln als Symbol für den ewigen Schlaf. Die Schrifttafel ist eingesetzt, im Giebelfeld ein plastischer, sechszackiger Stern.
         </p>
        </support>
        <condition>
         <p>
           Beschädigung mittel. 2008: Die Verwitterung ist weiter fortgeschritten. 
          <damage agent='Verwitterung'>1985: Verwitterung leicht</damage>
         </p>
        </condition>
       </supportDesc>
        <layoutDesc>
        <layout/>
       </layoutDesc>
      </objectDesc>
      <decoDesc>
       <decoNote type='symbol'>vanitas</decoNote>
       <decoNote type='ornament'>gestalterisch: sechszackiger Stern.</decoNote>
      </decoDesc>
     </physDesc>
     <history>
      <origin>
       <date notBefore='1881-02-21'>1881-02-21</date>
       <country type="ISO_3166" key="XA-DE-NW">
        Germany
        <region>North Rhine-Westphalia</region>
       </country>
       <settlement type='city' key='tgn:1040041'>
        Meerbusch-Lank-Latum 
        <geogName>
         Jüdischer Friedhof
         <geo decls="#WGS">51.301998 6.66964</geo>
        </geogName>
       </settlement>
      </origin>
     </history>
    </msDesc>
   </sourceDesc>
  </fileDesc>
  <encodingDesc>
   <p>Encoded according to the EpiDoc Guidelines, Schema Version 8.18</p>
   <classDecl>
    <taxonomy>
     <category xml:id='foto1'>
      <catDesc>
       Epigraphisches Bildarchiv, 
       <orgName ref="http://d-nb.info/gnd/212562-6">Steinheim-Institut</orgName>
      </catDesc>
     </category>
     <category xml:id='foto2'>
      <catDesc>Nathanja Hüttenmeister</catDesc>
     </category>
    </taxonomy>
   </classDecl>
   <geoDecl xml:id="WGS" datum="WGS84">World Geodetic System</geoDecl>
  </encodingDesc>
  <profileDesc>
   <particDesc>
    <listPerson>
     <person xml:id="e25-6-1" sex='2'>
      <persName>Ettel bat Jehuda ∞ Mosche ben Awraham Hakohen (Adelheid Mayer geb. Gottschalk)</persName>
       <event when='1881-02-21' type="dateofdeath">
       <desc/>
      </event>
     </person>
    </listPerson>
   </particDesc>
    <langUsage>
    <!-- According to bcp47 http://tools.ietf.org/html/bcp47 (Language) and ISO15924 (writing System)-->
    <language ident='he' usage='70'>Hebrew</language>
    <language ident='de' usage='29'>German</language>
   </langUsage>
  </profileDesc>
   <revisionDesc>
   <change/>
  </revisionDesc>
 </teiHeader>
 <facsimile>
  <graphic url='http://steinheim-institut.de/daten/picse25/xl/0006_E25_1985.jpg'>
    <desc>
    <ref target='#foto1'/>
    <date when='1985'/>
    recto
   </desc>
  </graphic>
  <graphic url='http://steinheim-institut.de/daten/picse25/xl/0006dE25_1_1985.jpg'>
    <desc>
    <ref target='#foto1'/>
    <date when='1985'/>
    Detail
   </desc>
  </graphic>
  <graphic url='http://steinheim-institut.de/daten/picse25/xl/0006dE25_2_1985.jpg'>
    <desc>
    <ref target='#foto1'/>
    <date when='1985'/>
    Detail
   </desc>
  </graphic>
  <graphic url='http://steinheim-institut.de/daten/picse25/xl/0006dE25_3_1985.jpg'>
    <desc>
    <ref target='#foto1'/>
    <date when='1985'/>
    Detail
   </desc>
  </graphic>
 </facsimile>
 <text>
  <body>
   <div type='edition'>
    <head>Edition</head>
    <div type='textpart' subtype='recto'>
      <ab>
      <lb n='1'/>
      ‎‏פ״נ‏‎
‏‎      <lb n='2'/>
      ‎‏אשת חיל טוב לבעלה ולבניה‏‎
‏‎      <lb n='3'/>
      ‎‏יראת אלהים וישרה במעשיה‏‎
‏‎      <lb n='4'/>
      ‎‏לעני ולאביון פרשה כפיה‏‎
‏‎      <lb n='5'/>
      ‎‏לגמול חסד ואמת כל ימיה‏‎
‏‎      <lb n='6'/>
      ‎‏ה״ה אשה עטעל בת יהודה‏‎
‏‎      <lb n='7'/>
      ‎‏אשת משה בר אברהם הכהן‏‎
‏‎      <lb n='8'/>
      ‎‏נפטרת בש״ט בת מ״ג שנה‏‎
‏‎      <lb n='9'/>
      ‎‏ביום כ״ב אדר ר׳ תרמ״א לפ״ק‏‎
‏‎      <lb n='10'/>
      ‎‏תנצב״ה‏‎
‏‎     </ab>
    </div>
    <div type='textpart' subtype='verso'>
      <ab>
      <lb n='11'/>
      Hier ruht
      <lb n='12'/>
      Adelheid Mayer
      <lb n='13'/>
      geb. Gottschalk aus Lank
      <lb n='14'/>
      gest. 21. Febr. 1881
      <lb n='15'/>
      im Alter von 43 Jahr.
     </ab>
    </div>
   </div>
   <div type='translation'>
    <head>Übersetzung</head>
    <div type='textpart' subtype='recto'>
      <ab>
      <lb n='1'/>
      Hier ist begraben
      <lb n='2'/>
      ›die tüchtige Gattin‹, gut zu ihrem Gatten und ihren Kindern,
      <lb n='3'/>
      gottesfürchtig und aufrecht in ihren Taten,
      <lb n='4'/>
      ›dem Armen und dem Bedürftigen öffnete sie ihre Hände‹,
      <lb n='5'/>
      ›um wahrhaftiges Liebeswerk zu erweisen all ihre Tage‹,
      <lb n='6'/>
      es ist die Frau Ettel, Tochter des Jehuda,
      <lb n='7'/>
      Gattin des Mosche, Sohn des Awraham Hakohen,
      <lb n='8'/>
      verschieden ›mit gutem Namen‹, 43 Jahre alt,
      <lb n='9'/>
      am 22. Tag des ersten Adar 641 der kleinen Zählung.
      <lb n='10'/>
      Ihre Seele sei eingebunden in das Bündel des Lebens
     </ab>
    </div>
   </div>
   <div type="commentary" subtype="Zitate">
    <head>Zitate</head>
    <p>Zl 2: Spr 31,10</p>
    <p>Zl 4: Spr 21,20</p>
    <p>Zl 5: Vgl. Gen 24,49 u. ARN 4.</p>
    <p>Zl 8: bBer 17a</p>
   </div>
   <div type='commentary' subtype='Stilmittel'>
    <head>Stilmittel</head>
    <p>
     <label>Reim</label>
      auf -ejha in Zln 2-5.
    </p>
   </div>
   <div type="commentary" subtype="Prosopographie">
    <head>Prosopographie</head>
   </div>
   <div type="bibliography">
    <head>Bibliographie</head>
    <p>to be done ...</p>
   </div>
  </body>
 </text>
</TEI>
