﻿<?xml version="1.0" encoding="UTF-8"?>
<?xml-model href="http://www.stoa.org/epidoc/schema/8.18/tei-epidoc.rng" schematypens="http://relaxng.org/ns/structure/1.0"?>
<TEI xmlns:xi="http://www.w3.org/2001/XInclude" xmlns:svg="http://www.w3.org/2000/svg" xmlns:math="http://www.w3.org/1998/Math/MathML" xmlns="http://www.tei-c.org/ns/1.0">
 <teiHeader>
  <fileDesc>
   <titleStmt>
    <title xml:lang='de'>Grabmal für Fanni Gotthelf, gest. 1868-01-02, Jüdischer Friedhof Mönchengladbach</title>
    <respStmt xml:lang="de">
     <resp>herausgegeben vom</resp>
     <orgName ref="http://d-nb.info/gnd/212562-6">
      Salomon Ludwig Steinheim-Institut
      <address>
       <addrLine>Edmund-Körner-Platz 2</addrLine>
       <addrLine>D-45127 Essen</addrLine>
      </address>
     </orgName>
    </respStmt>
   </titleStmt>
    <editionStmt>
    <edition/>
   </editionStmt>
   <extent/>
   <publicationStmt>
    <publisher>
     <orgName ref="http://d-nb.info/gnd/212562-6">
      Salomon Ludwig Steinheim-Institut 
      <address>
       <addrLine>Edmund-Körner-Platz 2</addrLine>
       <addrLine>D-45127 Essen</addrLine>
      </address>
     </orgName>
    </publisher>
    <idno>e26-65</idno>
    <idno type="url">http://www.steinheim-institut.de/cgi-bin/epidat?id=e26-65</idno>
    <availability xml:lang="en" status="free">
     <licence>
      <ref target="http://creativecommons.org/licenses/by/4.0/">Distributed under a Creative Commons licence Attribution-BY 4.0</ref>
      <p>
       All reuse or distribution of this work must contain somewhere a link back to the URL 
       <ref>http://www.steinheim-institut.de/cgi-bin/epidat?id=e26-65</ref>
      </p>
     </licence>
    </availability>
   </publicationStmt>
    <notesStmt>
    <note/>
   </notesStmt>
   <sourceDesc>
    <bibl>born digital</bibl>
     <msDesc>
     <msIdentifier/>
     <physDesc>
      <objectDesc>
       <supportDesc>
        <support>
         <p>
          <material>Stein</material>
          Gesockelte Stele mit Rundbogenabschluß und vorne und hinten je ein vertieftes Schriftfeld.
         </p>
        </support>
        <condition>
         <p>
           
          <damage agent='Verwitterung'>1987: Verwitterung stark. 2007: Die Verwitterung ist weiter fortgeschritten, die (deutsche?) Inschrift auf der Rückseite ist völlig zerstört.</damage>
         </p>
        </condition>
       </supportDesc>
        <layoutDesc>
        <layout/>
       </layoutDesc>
      </objectDesc>
     </physDesc>
     <history>
      <origin>
       <date notBefore='1868-01-02'>1868-01-02</date>
       <country type="ISO_3166" key="XA-DE-NW">
        Germany
        <region>North Rhine-Westphalia</region>
       </country>
       <settlement type='city' key='tgn:7004975'>
        Mönchengladbach 
        <geogName>
         Jüdischer Friedhof
         <geo decls="#WGS">51.188645 6.428684</geo>
        </geogName>
       </settlement>
      </origin>
     </history>
    </msDesc>
   </sourceDesc>
  </fileDesc>
  <encodingDesc>
   <p>Encoded according to the EpiDoc Guidelines, Schema Version 8.18</p>
   <classDecl>
    <taxonomy>
     <category xml:id='foto1'>
      <catDesc>
       <persName ref='http://d-nb.info/gnd/128472499' role='photographer'>Bert Sommer</persName>
      </catDesc>
     </category>
     <category xml:id='foto2'>
      <catDesc>
       Epigraphisches Bildarchiv, 
       <orgName ref="http://d-nb.info/gnd/212562-6">Steinheim-Institut</orgName>
      </catDesc>
     </category>
    </taxonomy>
   </classDecl>
   <geoDecl xml:id="WGS" datum="WGS84">World Geodetic System</geoDecl>
  </encodingDesc>
  <profileDesc>
   <particDesc>
    <listPerson>
     <person xml:id="e26-65-1" sex='0'>
      <persName>Fanni Gotthelf</persName>
       <event when='1868-01-02' type="dateofdeath">
       <desc/>
      </event>
     </person>
    </listPerson>
   </particDesc>
    <langUsage>
    <!-- According to bcp47 http://tools.ietf.org/html/bcp47 (Language) and ISO15924 (writing System)-->
    <language ident='he' usage='100'>Hebrew</language>
   </langUsage>
  </profileDesc>
   <revisionDesc>
   <change/>
  </revisionDesc>
 </teiHeader>
 <facsimile>
  <graphic url='http://steinheim-institut.de/daten/picse26/xl/0065_E26_070830EPS7145h.jpg'>
    <desc>
    <ref target='#foto1'/>
    recto
   </desc>
  </graphic>
  <graphic url='http://steinheim-institut.de/daten/picse26/xl/0065_E26_070830EPS7146h.jpg'>
    <desc>
    <ref target='#foto1'/>
    recto
   </desc>
  </graphic>
  <graphic url='http://steinheim-institut.de/daten/picse26/xl/0065_E26_070830EPS7147h.jpg'>
    <desc>
    <ref target='#foto1'/>
    recto
   </desc>
  </graphic>
  <graphic url='http://steinheim-institut.de/daten/picse26/xl/0065rE26_070830EPS7268h.jpg'>
    <desc>
    <ref target='#foto1'/>
    verso
   </desc>
  </graphic>
 </facsimile>
 <text>
  <body>
   <div type='edition'>
    <head>Edition</head>
     <ab>
     <lb n='1'/>
     ‎‏[‎‏פ]״ט‏‎
‏‎     <lb n='2'/>
     ‎‏האש[ה] מר[ת]‏‎
‏‎     <lb n='3'/>
     ‎‏[‎‏פא]נני‏‎
‏‎     <lb n='4'/>
     ‎‏גאטטהעלף‏‎
‏‎     <lb n='5'/>
     ‎‏[‎‏נ]פטרה‏‎
‏‎     <lb n='6'/>
     ‎‏ב[יו]ם ז׳ טבת‏‎
‏‎     <lb n='7'/>
     ‎‏[‎‏ת]רכ״ח‏‎
‏‎     <lb n='8'/>
     ‎‏[‎‏לפ]״ק‏‎
‏‎     <lb n='9'/>
     ‎‏[‎‏ת]נצב״ה‏‎
‏‎    </ab>
   </div>
   <div type='translation'>
    <head>Übersetzung</head>
     <ab>
     <lb n='1'/>
     Hier ist geborgen
     <lb n='2'/>
     die Frau
     <lb n='3'/>
     Fanni
     <lb n='4'/>
     Gotthelf,
     <lb n='5'/>
     verschieden
     <lb n='6'/>
     am 7. Tag des Tewet
     <lb n='7'/>
     628
     <lb n='8'/>
     der kleinen Zählung.
     <lb n='9'/>
     Ihre Seele sei eingebunden in das Bündel des Lebens
    </ab>
   </div>
   <div type="commentary" subtype="Prosopographie">
    <head>Prosopographie</head>
    <p>Fanni Gotthelf, eine geborene Grunzfeld, war verheiratet mit dem aus Herlinghausen bei Minden stammenden Kaufmann Michael Gotthelf in Warburg. Sie starb, als sie zu Besuch bei ihrem Sohn Abraham in Gladbach weilte, und auch Michael Gotthelf zog später nach Gladbach zu seinem Sohn.</p>
   </div>
   <div type="bibliography">
    <head>Bibliographie</head>
    <p>to be done ...</p>
   </div>
  </body>
 </text>
</TEI>
