﻿<?xml version="1.0" encoding="UTF-8"?>
<?xml-model href="http://www.stoa.org/epidoc/schema/8.18/tei-epidoc.rng" schematypens="http://relaxng.org/ns/structure/1.0"?>
<TEI xmlns:xi="http://www.w3.org/2001/XInclude" xmlns:svg="http://www.w3.org/2000/svg" xmlns:math="http://www.w3.org/1998/Math/MathML" xmlns="http://www.tei-c.org/ns/1.0">
 <teiHeader>
  <fileDesc>
   <titleStmt>
    <title xml:lang='de'>Grabmal für Tez bat Menachem (Christine Harff geb. Simons), gest. 1854-12-25, Chajim ben Elieser Halevi (Hermann Harff), gest. 1864-10-18, Jüdischer Friedhof Mönchengladbach-Wickrath</title>
    <respStmt xml:lang="de">
     <resp>herausgegeben vom</resp>
     <orgName ref="http://d-nb.info/gnd/212562-6">
      Salomon Ludwig Steinheim-Institut
      <address>
       <addrLine>Edmund-Körner-Platz 2</addrLine>
       <addrLine>D-45127 Essen</addrLine>
      </address>
     </orgName>
    </respStmt>
   </titleStmt>
    <editionStmt>
    <edition/>
   </editionStmt>
   <extent/>
   <publicationStmt>
    <publisher>
     <orgName ref="http://d-nb.info/gnd/212562-6">
      Salomon Ludwig Steinheim-Institut 
      <address>
       <addrLine>Edmund-Körner-Platz 2</addrLine>
       <addrLine>D-45127 Essen</addrLine>
      </address>
     </orgName>
    </publisher>
    <idno>e28-43</idno>
    <idno type="url">http://www.steinheim-institut.de/cgi-bin/epidat?id=e28-43</idno>
    <availability xml:lang="en" status="free">
     <licence>
      <ref target="http://creativecommons.org/licenses/by/4.0/">Distributed under a Creative Commons licence Attribution-BY 4.0</ref>
      <p>
       All reuse or distribution of this work must contain somewhere a link back to the URL 
       <ref>http://www.steinheim-institut.de/cgi-bin/epidat?id=e28-43</ref>
      </p>
     </licence>
    </availability>
   </publicationStmt>
    <notesStmt>
    <note/>
   </notesStmt>
   <sourceDesc>
    <bibl>born digital</bibl>
     <msDesc>
     <msIdentifier/>
     <physDesc>
      <objectDesc>
       <supportDesc>
        <support>
         <p>
          <material>Stein</material>
          Schmalhohe Stele mit geschweiftem und eingezogenen Rundbogenabschluß.
         </p>
        </support>
        <condition></condition>
       </supportDesc>
        <layoutDesc>
        <layout/>
       </layoutDesc>
      </objectDesc>
     </physDesc>
     <history>
      <origin>
       <date notBefore='1854-12-25'>1854-12-25</date>
       <country type="ISO_3166" key="XA-DE-NW">
        Germany
        <region>North Rhine-Westphalia</region>
       </country>
       <settlement type='city' key='tgn:1041803'>
        Mönchengladbach-Wickrath 
        <geogName>
         Jüdischer Friedhof
         <geo decls="#WGS">51.133434 6.419183</geo>
        </geogName>
       </settlement>
      </origin>
     </history>
    </msDesc>
   </sourceDesc>
  </fileDesc>
  <encodingDesc>
   <p>Encoded according to the EpiDoc Guidelines, Schema Version 8.18</p>
   <classDecl>
    <taxonomy>
     <category xml:id='foto1'>
      <catDesc>
       <persName ref='http://d-nb.info/gnd/128472499' role='photographer'>Bert Sommer</persName>
      </catDesc>
     </category>
    </taxonomy>
   </classDecl>
   <geoDecl xml:id="WGS" datum="WGS84">World Geodetic System</geoDecl>
  </encodingDesc>
  <profileDesc>
   <particDesc>
    <listPerson>
     <person xml:id="e28-43-1" sex='2'>
      <persName>Tez bat Menachem (Christine Harff geb. Simons)</persName>
       <event when='1854-12-25' type="dateofdeath">
       <desc/>
      </event>
     </person>
     <person xml:id="e28-43-2" sex='1'>
      <persName>Chajim ben Elieser Halevi (Hermann Harff)</persName>
       <event when='1864-10-18' type="dateofdeath">
       <desc/>
      </event>
     </person>
    </listPerson>
   </particDesc>
    <langUsage>
    <!-- According to bcp47 http://tools.ietf.org/html/bcp47 (Language) and ISO15924 (writing System)-->
    <language ident='he' usage='57'>Hebrew</language>
    <language ident='de' usage='42'>German</language>
   </langUsage>
  </profileDesc>
   <revisionDesc>
   <change/>
  </revisionDesc>
 </teiHeader>
 <facsimile>
  <graphic url='http://steinheim-institut.de/daten/picse28/xl/1006_E28_070813EPS6034hb.jpg'>
    <desc>
    <ref target='#foto1'/>
    recto
   </desc>
  </graphic>
  <graphic url='http://steinheim-institut.de/daten/picse28/xl/1006rE28_070813EPS6005hb.jpg'>
    <desc>
    <ref target='#foto1'/>
    verso
   </desc>
  </graphic>
 </facsimile>
 <text>
  <body>
   <div type='edition'>
    <head>Edition</head>
    <div type='textpart' subtype='recto'>
      <ab>
      <lb n='1'/>
      ‎‏פ״נ‏‎
‏‎      <lb n='2'/>
      ‎‏איש טוב וישר‏‎
‏‎      <lb n='3'/>
      ‎‏כ״ר חיים בר אליעזר הלוי‏‎
‏‎      <lb n='4'/>
      ‎‏מת ביום ג׳ ח״י תשרי‏‎
‏‎      <lb n='5'/>
      ‎‏תרכ״ה לפ״ק‏‎
‏‎      <lb n='6'/>
      ‎‏תנצב״ה‏‎
‏‎      <lb n='7'/>
      Hermann Harff
      <lb n='8'/>
      gest. 18. Oct. 1864,
      <lb n='9'/>
      im Alter von 63 Jahren.
     </ab>
    </div>
    <div type='textpart' subtype='verso'>
      <ab>
      <lb n='10'/>
      ‎‏פ״נ‏‎
‏‎      <lb n='11'/>
      ‎‏האשה החשובה והיקרה‏‎
‏‎      <lb n='12'/>
      ‎‏מרת טעץ בת מנחם‏‎
‏‎      <lb n='13'/>
      ‎‏מתה ביום ב׳ ד׳ טבת‏‎
‏‎      <lb n='14'/>
      ‎‏תרט״ו לפ״ק‏‎
‏‎      <lb n='15'/>
      ‎‏תנצב״ה‏‎
‏‎      <lb n='16'/>
      Christine Harff
      <lb n='17'/>
      geb. Simons
      <lb n='18'/>
      gest. 25. Dez. 1854,
      <lb n='19'/>
      im Alter von 54 Jahren.
     </ab>
    </div>
   </div>
   <div type='translation'>
    <head>Übersetzung</head>
    <div type='textpart' subtype='recto'>
      <ab>
      <lb n='1'/>
      Hier ist begraben
      <lb n='2'/>
      ein guter und aufrechter Mann,
      <lb n='3'/>
      der geehrte Herr Chajim, Sohn des Elieser Halevi,
      <lb n='4'/>
      gestorben am Tag 3, 18. Tischri
      <lb n='5'/>
      625 der kleinen Zählung.
      <lb n='6'/>
      Seine Seele sei eingebunden in das Bündel des Lebens
     </ab>
    </div>
    <div type='textpart' subtype='verso'>
      <ab>
      <lb n='10'/>
      Hier ist begraben
      <lb n='11'/>
      die angesehene und teure Frau,
      <lb n='12'/>
      Frau Tez, Tochter des Menachem,
      <lb n='13'/>
      gestorben am Tag 2, 4. Tewet
      <lb n='14'/>
      615 der kleinen Zählung.
      <lb n='15'/>
      Ihre Seele sei eingebunden in das Bündel des Lebens
     </ab>
    </div>
   </div>
   <div type="commentary" subtype="Zeilenkommentar">
    <head>Zeilenkommentar</head>
    <p>Vorne, Zl 4: Der Todestag von Hermann Harff fiel auf den zweiten Zwischenfeiertag des Laubhüttenfestes.</p>
   </div>
   <div type="commentary" subtype="Endkommentar">
    <head>Endkommentar</head>
    <p>Es ist ungewöhnlich, daß ein Grabstein auf beiden Seiten für zwei verschiedene Personen beschriftet wurde, auch wenn es sich um ein Ehepaar handelt, und insbesondere, wenn er nur vor einer eingefassten Grabstelle steht. Der Grund ist vermutlich in dem Abstand von 10 Jahren zu suchen, der zwischen dem Tod der Eheleute lag, und vielleicht auch in finanziellen Schwierigkeiten der Nachkommen, die so die Kosten für einen weiteren Grabstein sparten.</p>
   </div>
   <div type="commentary" subtype="Prosopographie">
    <head>Prosopographie</head>
   </div>
   <div type="bibliography">
    <head>Bibliographie</head>
    <p>to be done ...</p>
   </div>
  </body>
 </text>
</TEI>
