﻿<?xml version="1.0" encoding="UTF-8"?>
<?xml-model href="http://www.stoa.org/epidoc/schema/8.18/tei-epidoc.rng" schematypens="http://relaxng.org/ns/structure/1.0"?>
<TEI xmlns:xi="http://www.w3.org/2001/XInclude" xmlns:svg="http://www.w3.org/2000/svg" xmlns:math="http://www.w3.org/1998/Math/MathML" xmlns="http://www.tei-c.org/ns/1.0">
 <teiHeader>
  <fileDesc>
   <titleStmt>
    <title xml:lang='de'>Grabmal für Naftali ben Elieser Quack, gest. 1847-11-18, Jüdischer Friedhof Mönchengladbach-Wickrath</title>
    <respStmt xml:lang="de">
     <resp>herausgegeben vom</resp>
     <orgName ref="http://d-nb.info/gnd/212562-6">
      Salomon Ludwig Steinheim-Institut
      <address>
       <addrLine>Edmund-Körner-Platz 2</addrLine>
       <addrLine>D-45127 Essen</addrLine>
      </address>
     </orgName>
    </respStmt>
   </titleStmt>
    <editionStmt>
    <edition/>
   </editionStmt>
   <extent/>
   <publicationStmt>
    <publisher>
     <orgName ref="http://d-nb.info/gnd/212562-6">
      Salomon Ludwig Steinheim-Institut 
      <address>
       <addrLine>Edmund-Körner-Platz 2</addrLine>
       <addrLine>D-45127 Essen</addrLine>
      </address>
     </orgName>
    </publisher>
    <idno>e28-39</idno>
    <idno type="url">http://www.steinheim-institut.de/cgi-bin/epidat?id=e28-39</idno>
    <availability xml:lang="en" status="free">
     <licence>
      <ref target="http://creativecommons.org/licenses/by/4.0/">Distributed under a Creative Commons licence Attribution-BY 4.0</ref>
      <p>
       All reuse or distribution of this work must contain somewhere a link back to the URL 
       <ref>http://www.steinheim-institut.de/cgi-bin/epidat?id=e28-39</ref>
      </p>
     </licence>
    </availability>
   </publicationStmt>
    <notesStmt>
    <note/>
   </notesStmt>
   <sourceDesc>
    <bibl>born digital</bibl>
     <msDesc>
     <msIdentifier/>
     <physDesc>
      <objectDesc>
       <supportDesc>
        <support>
         <p>
          <material>Stein</material>
          Gesockelte, sich nach oben verjüngende Stele mit abgesetztem, geraden Abschluß.
         </p>
        </support>
        <condition>
         <p>
           Beschädigung mittel, das Grabmal lehnt an seinem Sockel. 2007: Das Grabmal wurde wieder zusammengesetzt. 
          <damage agent='Verwitterung'>1986: Verwitterung mittel</damage>
         </p>
        </condition>
       </supportDesc>
        <layoutDesc>
        <layout/>
       </layoutDesc>
      </objectDesc>
     </physDesc>
     <history>
      <origin>
       <date notBefore='1847-11-18'>1847-11-18</date>
       <country type="ISO_3166" key="XA-DE-NW">
        Germany
        <region>North Rhine-Westphalia</region>
       </country>
       <settlement type='city' key='tgn:1041803'>
        Mönchengladbach-Wickrath 
        <geogName>
         Jüdischer Friedhof
         <geo decls="#WGS">51.133434 6.419183</geo>
        </geogName>
       </settlement>
      </origin>
     </history>
    </msDesc>
   </sourceDesc>
  </fileDesc>
  <encodingDesc>
   <p>Encoded according to the EpiDoc Guidelines, Schema Version 8.18</p>
   <classDecl>
    <taxonomy>
     <category xml:id='foto1'>
      <catDesc>
       <persName ref='http://d-nb.info/gnd/128472499' role='photographer'>Bert Sommer</persName>
      </catDesc>
     </category>
    </taxonomy>
   </classDecl>
   <geoDecl xml:id="WGS" datum="WGS84">World Geodetic System</geoDecl>
  </encodingDesc>
  <profileDesc>
   <particDesc>
    <listPerson>
     <person xml:id="e28-39-1" sex='1'>
      <persName>Naftali ben Elieser Quack</persName>
       <event when='1847-11-18' type="dateofdeath">
       <desc/>
      </event>
     </person>
    </listPerson>
   </particDesc>
    <langUsage>
    <!-- According to bcp47 http://tools.ietf.org/html/bcp47 (Language) and ISO15924 (writing System)-->
    <language ident='he' usage='75'>Hebrew</language>
    <language ident='de' usage='25'>German</language>
   </langUsage>
  </profileDesc>
   <revisionDesc>
   <change/>
  </revisionDesc>
 </teiHeader>
 <facsimile>
  <graphic url='http://steinheim-institut.de/daten/picse28/xl/1003_E28_070813EPS6053hb.jpg'>
    <desc>
    <ref target='#foto1'/>
    recto
   </desc>
  </graphic>
  <graphic url='http://steinheim-institut.de/daten/picse28/xl/1003dE28_070813EPS6051qb.jpg'>
    <desc>
    <ref target='#foto1'/>
    Detail
   </desc>
  </graphic>
 </facsimile>
 <text>
  <body>
   <div type='edition'>
    <head>Edition</head>
    <div type='textpart' subtype='recto'>
      <ab>
      <lb n='1'/>
      ‎‏פ״נ‏‎
‏‎      <lb n='2'/>
      ‎‏פו״מ כ״ה נפתלי המכונה הירץ‏‎
‏‎      <lb n='3'/>
      ‎‏בן כ״ה אליעזר קוואק ז״ל‏‎
‏‎      <lb n='4'/>
      ‎‏איש תם וישר וסר מרע רודף‏‎
‏‎      <lb n='5'/>
      ‎‏צדקה וחסד ביתו היה פתוח‏‎
‏‎      <lb n='6'/>
      ‎‏לרוחה וגופו מכובד על הבריות‏‎
‏‎      <lb n='7'/>
      ‎‏ויגוע וימת בן חמשה ושבעי׳ שנה‏‎
‏‎      <lb n='8'/>
      ‎‏ביום ה׳ יו״ד לחדש כסלו‏‎
‏‎      <lb n='9'/>
      ‎‏שנת תר״ח לפ״ק‏‎
‏‎      <lb n='10'/>
      ‎‏נתצב״ה‏‎
‏‎     </ab>
    </div>
    <div type='textpart' subtype='Sockel'>
      <ab>
      <lb n='11'/>
      Ruhestätte
      <lb n='12'/>
      von
      <lb n='13'/>
      Jac. Quack
      <lb n='14'/>
      gest. am 18. Nov. 1847 im Alter von 75 Jahren.
     </ab>
    </div>
   </div>
   <div type='translation'>
    <head>Übersetzung</head>
    <div type='textpart' subtype='recto'>
      <ab>
      <lb n='1'/>
      Hier ist begraben
      <lb n='2'/>
      der Vorsteher und Leiter, der geehrte Herr Naftali, genannt Hirz,
      <lb n='3'/>
      Sohn des geehrten Herrn Elieser Quack, sein Andenken zum Segen,
      <lb n='4'/>
      ›ein Mann, lauter und aufrecht‹ ›und das Böse meidend‹, ›nach Wohltat
      <lb n='5'/>
      und Milde strebend‹, ›sein Haus war weit
      <lb n='6'/>
      geöffnet‹ , und er selber geehrt unter den Menschen,
      <lb n='7'/>
      ›er schied hin und starb‹, fünfundsiebzig Jahre alt,
      <lb n='8'/>
      am Tag 5, zehnter des Monats Kislev
      <lb n='9'/>
      des Jahres 608 der kleinen Zählung.
      <lb n='10'/>
      Es sei seine Seele eingebunden in das Bündel des Lebens
     </ab>
    </div>
   </div>
   <div type="commentary" subtype="Zitate">
    <head>Zitate</head>
    <p>Zl 4: Ijob 1,8 | Zl 4: Ijob 1,1</p>
    <p>Zl 4f: Spr 21,21</p>
    <p>Zl 5f: Av 1,5</p>
    <p>Zl 7: Gen 25,8</p>
   </div>
   <div type="commentary" subtype="Prosopographie">
    <head>Prosopographie</head>
   </div>
   <div type="bibliography">
    <head>Bibliographie</head>
    <p>to be done ...</p>
   </div>
  </body>
 </text>
</TEI>
