﻿<?xml version="1.0" encoding="UTF-8"?>
<?xml-model href="http://www.stoa.org/epidoc/schema/8.18/tei-epidoc.rng" schematypens="http://relaxng.org/ns/structure/1.0"?>
<TEI xmlns:xi="http://www.w3.org/2001/XInclude" xmlns:svg="http://www.w3.org/2000/svg" xmlns:math="http://www.w3.org/1998/Math/MathML" xmlns="http://www.tei-c.org/ns/1.0">
 <teiHeader>
  <fileDesc>
   <titleStmt>
    <title xml:lang='de'>Grabmal für Schlomo ben Schlomo (Salomon Sanders), gest. 1906-01-05, Jüdischer Friedhof Nettetal-Kaldenkirchen, Akazienweg</title>
    <respStmt xml:lang="de">
     <resp>herausgegeben vom</resp>
     <orgName ref="http://d-nb.info/gnd/212562-6">
      Salomon Ludwig Steinheim-Institut
      <address>
       <addrLine>Edmund-Körner-Platz 2</addrLine>
       <addrLine>D-45127 Essen</addrLine>
      </address>
     </orgName>
    </respStmt>
   </titleStmt>
    <editionStmt>
    <edition/>
   </editionStmt>
   <extent/>
   <publicationStmt>
    <publisher>
     <orgName ref="http://d-nb.info/gnd/212562-6">
      Salomon Ludwig Steinheim-Institut 
      <address>
       <addrLine>Edmund-Körner-Platz 2</addrLine>
       <addrLine>D-45127 Essen</addrLine>
      </address>
     </orgName>
    </publisher>
    <idno>e32-6</idno>
    <idno type="url">http://www.steinheim-institut.de/cgi-bin/epidat?id=e32-6</idno>
    <availability xml:lang="en" status="free">
     <licence>
      <ref target="http://creativecommons.org/licenses/by/4.0/">Distributed under a Creative Commons licence Attribution-BY 4.0</ref>
      <p>
       All reuse or distribution of this work must contain somewhere a link back to the URL 
       <ref>http://www.steinheim-institut.de/cgi-bin/epidat?id=e32-6</ref>
      </p>
     </licence>
    </availability>
   </publicationStmt>
    <notesStmt>
    <note/>
   </notesStmt>
   <sourceDesc>
    <bibl>born digital</bibl>
     <msDesc>
     <msIdentifier/>
     <physDesc>
      <objectDesc>
       <supportDesc>
        <support>
         <p>
          <material>Stein</material>
          Kleine Stele aus Scheinmauerwerk mit Flachbogenabschluß und eingesetzter, leicht hervorkragender Schrifttafel.
         </p>
        </support>
        <condition></condition>
       </supportDesc>
        <layoutDesc>
        <layout/>
       </layoutDesc>
      </objectDesc>
     </physDesc>
     <history>
      <origin>
       <date notBefore='1906-01-05'>1906-01-05</date>
       <country type="ISO_3166" key="XA-DE-NW">
        Germany
        <region>North Rhine-Westphalia</region>
       </country>
       <settlement type='city' key='tgn:1040426'>
        Nettetal-Kaldenkirchen, Akazienweg 
        <geogName>
         Jüdischer Friedhof
         <geo decls="#WGS">51.314138 6.191697</geo>
        </geogName>
       </settlement>
      </origin>
     </history>
    </msDesc>
   </sourceDesc>
  </fileDesc>
  <encodingDesc>
   <p>Encoded according to the EpiDoc Guidelines, Schema Version 8.18</p>
   <classDecl>
    <taxonomy>
     <category xml:id='foto1'>
      <catDesc>
       Epigraphisches Bildarchiv, 
       <orgName ref="http://d-nb.info/gnd/212562-6">Steinheim-Institut</orgName>
      </catDesc>
     </category>
     <category xml:id='foto2'>
      <catDesc>Nathanja Hüttenmeister</catDesc>
     </category>
    </taxonomy>
   </classDecl>
   <geoDecl xml:id="WGS" datum="WGS84">World Geodetic System</geoDecl>
  </encodingDesc>
  <profileDesc>
   <particDesc>
    <listPerson>
     <person xml:id="e32-6-1" sex='1'>
      <persName>Schlomo ben Schlomo (Salomon Sanders)</persName>
       <event when='1906-01-05' type="dateofdeath">
       <desc/>
      </event>
     </person>
    </listPerson>
   </particDesc>
    <langUsage>
    <!-- According to bcp47 http://tools.ietf.org/html/bcp47 (Language) and ISO15924 (writing System)-->
    <language ident='he' usage='57'>Hebrew</language>
    <language ident='de' usage='42'>German</language>
   </langUsage>
  </profileDesc>
   <revisionDesc>
   <change/>
  </revisionDesc>
 </teiHeader>
 <facsimile>
  <graphic url='http://steinheim-institut.de/daten/picse32/xl/0006_E32_1985.jpg'>
    <desc>
    <ref target='#foto1'/>
    recto
   </desc>
  </graphic>
 </facsimile>
 <text>
  <body>
   <div type='edition'>
    <head>Edition</head>
     <ab>
     <lb n='1'/>
     ‎‏פ״נ‏‎
‏‎     <lb n='2'/>
     ‎‏איש צדיק וישר בנדבים‏‎
‏‎     <lb n='3'/>
     ‎‏שלמה בר שלמה‏‎
‏‎     <lb n='4'/>
     ‎‏נפטר ו׳ יום ח׳ טבת תרס״ו לפ״ק‏‎
‏‎     <lb n='5'/>
     ‎‏תנצב״ה‏‎
‏‎     <lb n='6'/>
     Hier ruht
     <lb n='7'/>
     Salomon Sanders
     <lb n='8'/>
     geb. 11. August 1822
     <lb n='9'/>
     gest. 5. Januar 1906
    </ab>
   </div>
   <div type='translation'>
    <head>Übersetzung</head>
     <ab>
     <lb n='1'/>
     Hier ist begraben
     <lb n='2'/>
     ein gerechter und aufrechter Mann inmitten der Wohltäter,
     <lb n='3'/>
     Schlomo, Sohn des Schlomo,
     <lb n='4'/>
     verschieden (Tag) 6, 8. Tag des Tewet 666 der kleinen Zählung.
     <lb n='5'/>
     Seine Seele sei eingebunden in das Bündel des Lebens
    </ab>
   </div>
   <div type="commentary" subtype="Endkommentar">
    <head>Endkommentar</head>
    <p>Da dieser Friedhof erst 1924 angelegt wurde, stammt der Grabstein vermutlich vom Vorgängerfriedhof an der Jahnstraße.</p>
   </div>
   <div type="commentary" subtype="Prosopographie">
    <head>Prosopographie</head>
    <p>Salomon Sanders ist in einem 1847 erstellten Verzeichnis aller männlichen, volljährigen und sich selbständig ernährenden unbescholtenen Juden aufgeführt als "Gehilfe". 1853 ist er "Handelsmann". Verheiratet war er mit Adelheid, 1861 wurde seine Tochter Berta geboren, welche sich mit Jakob Lion aus Süchteln vermählte. Berta und Jakob Lion wurden 1942 nach Theresienstadt deportiert und ermordet.</p>
   </div>
   <div type="bibliography">
    <head>Bibliographie</head>
    <p>to be done ...</p>
   </div>
  </body>
 </text>
</TEI>
