﻿<?xml version="1.0" encoding="UTF-8"?>
<?xml-model href="http://www.stoa.org/epidoc/schema/8.18/tei-epidoc.rng" schematypens="http://relaxng.org/ns/structure/1.0"?>
<TEI xmlns:xi="http://www.w3.org/2001/XInclude" xmlns:svg="http://www.w3.org/2000/svg" xmlns:math="http://www.w3.org/1998/Math/MathML" xmlns="http://www.tei-c.org/ns/1.0">
 <teiHeader>
  <fileDesc>
   <titleStmt>
    <title xml:lang='de'>Grabmal für Uri (genannt Feis Vohsen) ben Eli, gest. 1845-03-19, Jüdischer Friedhof Neuss</title>
    <respStmt xml:lang="de">
     <resp>herausgegeben vom</resp>
     <orgName ref="http://d-nb.info/gnd/212562-6">
      Salomon Ludwig Steinheim-Institut
      <address>
       <addrLine>Edmund-Körner-Platz 2</addrLine>
       <addrLine>D-45127 Essen</addrLine>
      </address>
     </orgName>
    </respStmt>
   </titleStmt>
    <editionStmt>
    <edition/>
   </editionStmt>
   <extent/>
   <publicationStmt>
    <publisher>
     <orgName ref="http://d-nb.info/gnd/212562-6">
      Salomon Ludwig Steinheim-Institut 
      <address>
       <addrLine>Edmund-Körner-Platz 2</addrLine>
       <addrLine>D-45127 Essen</addrLine>
      </address>
     </orgName>
    </publisher>
    <idno>e33-187</idno>
    <idno type="url">http://www.steinheim-institut.de/cgi-bin/epidat?id=e33-187</idno>
    <availability xml:lang="en" status="free">
     <licence>
      <ref target="http://creativecommons.org/licenses/by/4.0/">Distributed under a Creative Commons licence Attribution-BY 4.0</ref>
      <p>
       All reuse or distribution of this work must contain somewhere a link back to the URL 
       <ref>http://www.steinheim-institut.de/cgi-bin/epidat?id=e33-187</ref>
      </p>
     </licence>
    </availability>
   </publicationStmt>
    <notesStmt>
    <note/>
   </notesStmt>
   <sourceDesc>
    <bibl>born digital</bibl>
     <msDesc>
     <msIdentifier/>
     <physDesc>
      <objectDesc>
       <supportDesc>
        <support>
         <p>
          <material>Stein</material>
          Breite Stele mit geschweiftem Flachbogenabschluß.
         </p>
        </support>
        <condition>
         <p>
           
          <damage agent='Verwitterung'>1987: Verwitterung leicht.</damage>
         </p>
        </condition>
       </supportDesc>
        <layoutDesc>
        <layout/>
       </layoutDesc>
      </objectDesc>
     </physDesc>
     <history>
      <origin>
       <date notBefore='1845-03-19'>1845-03-19</date>
       <country type="ISO_3166" key="XA-DE-NW">
        Germany
        <region>North Rhine-Westphalia</region>
       </country>
       <settlement type='city' key='tgn:7004978'>
        Neuss 
        <geogName>
         Jüdischer Friedhof
         <geo decls="#WGS">51.194797 6.66818</geo>
        </geogName>
       </settlement>
      </origin>
     </history>
    </msDesc>
   </sourceDesc>
  </fileDesc>
  <encodingDesc>
   <p>Encoded according to the EpiDoc Guidelines, Schema Version 8.18</p>
   <classDecl>
    <taxonomy>
     <category xml:id='foto1'>
      <catDesc>
       Epigraphisches Bildarchiv, 
       <orgName ref="http://d-nb.info/gnd/212562-6">Steinheim-Institut</orgName>
      </catDesc>
     </category>
    </taxonomy>
   </classDecl>
   <geoDecl xml:id="WGS" datum="WGS84">World Geodetic System</geoDecl>
  </encodingDesc>
  <profileDesc>
   <particDesc>
    <listPerson>
     <person xml:id="e33-187-1" sex='1'>
      <persName>Uri (genannt Feis Vohsen) ben Eli</persName>
       <event when='1845-03-19' type="dateofdeath">
       <desc/>
      </event>
     </person>
    </listPerson>
   </particDesc>
    <langUsage>
    <!-- According to bcp47 http://tools.ietf.org/html/bcp47 (Language) and ISO15924 (writing System)-->
    <language ident='he' usage='100'>Hebrew</language>
   </langUsage>
  </profileDesc>
   <revisionDesc>
   <change/>
  </revisionDesc>
 </teiHeader>
 <facsimile>
  <graphic url='http://steinheim-institut.de/daten/picse33/xl/0187_E33_1987.jpg'>
    <desc>
    <ref target='#foto1'/>
    recto
   </desc>
  </graphic>
  <graphic url='http://steinheim-institut.de/daten/picse33/xl/0187dE33_1987.jpg'>
    <desc>
    <ref target='#foto1'/>
    Detail
   </desc>
  </graphic>
 </facsimile>
 <text>
  <body>
   <div type='edition'>
    <head>Edition</head>
     <ab>
     <lb n='1'/>
     ‎‏פ״ט‏‎
‏‎     <lb n='2'/>
     ‎‏האיש היקר וירא אלהים ר׳ אורי‏‎
‏‎     <lb n='3'/>
     ‎‏המכונה פייס פאסען ב״כ אלי ז״ל‏‎
‏‎     <lb n='4'/>
     ‎‏נולד ביום ש״ק ה׳ תמוז תקל״ט לפ״ק‏‎
‏‎     <lb n='5'/>
     ‎‏שלם עם אליו ועם כל בני דורו‏‎
‏‎     <lb n='6'/>
     ‎‏נפטר פה נייס ביום ד׳ י׳ אדר שני‏‎
‏‎     <lb n='7'/>
     ‎‏תר״ה לפ״ק נשמתו תצ״ב הח׳ אמן‏‎
‏‎    </ab>
   </div>
   <div type='translation'>
    <head>Übersetzung</head>
     <ab>
     <lb n='1'/>
     Hier ist geborgen
     <lb n='2'/>
     der teure und gottesfürchtige Mann, Herr Uri,
     <lb n='3'/>
     genannt Feis Vohsen, Sohn des geehrten Eli, sein Andenken zum Segen,
     <lb n='4'/>
     geboren am Tage des heiligen Schabbat, 5. Tammus 539 der kleinen Zählung,
     <lb n='5'/>
     (er lebte) im Einklang(?) mit seinem Gott und mit seinen Zeitgenossen,
     <lb n='6'/>
     er verschied hier in Neuss am Tag 4, 10. des zweiten Adar
     <lb n='7'/>
     605 der kleinen Zählung. seine Seele sei eingebunden in das Bündel des Lebens. Amen
    </ab>
   </div>
   <div type="commentary" subtype="Endkommentar">
    <head>Endkommentar</head>
    <p>Das Grabmal stammt vom alten jüdischen Friedhof an der Düsseldorfer Straße, der 1890 geschlossen und 1920 aufgelöst wurde.</p>
   </div>
   <div type="commentary" subtype="Prosopographie">
    <head>Prosopographie</head>
   </div>
   <div type="bibliography">
    <head>Bibliographie</head>
    <p>to be done ...</p>
   </div>
  </body>
 </text>
</TEI>
