﻿<?xml version="1.0" encoding="UTF-8"?>
<?xml-model href="http://www.stoa.org/epidoc/schema/8.18/tei-epidoc.rng" schematypens="http://relaxng.org/ns/structure/1.0"?>
<TEI xmlns:xi="http://www.w3.org/2001/XInclude" xmlns:svg="http://www.w3.org/2000/svg" xmlns:math="http://www.w3.org/1998/Math/MathML" xmlns="http://www.tei-c.org/ns/1.0">
 <teiHeader>
  <fileDesc>
   <titleStmt>
    <title xml:lang='de'>Grabmal für Regina Hirsch ∞ Naftali ben Jaakow (Frau Herm. Wolf geb. Regina Hirsch), gest. 1869-02-17, Jüdischer Friedhof Rommerskirchen</title>
    <respStmt xml:lang="de">
     <resp>herausgegeben vom</resp>
     <orgName ref="http://d-nb.info/gnd/212562-6">
      Salomon Ludwig Steinheim-Institut
      <address>
       <addrLine>Edmund-Körner-Platz 2</addrLine>
       <addrLine>D-45127 Essen</addrLine>
      </address>
     </orgName>
    </respStmt>
   </titleStmt>
    <editionStmt>
    <edition/>
   </editionStmt>
   <extent/>
   <publicationStmt>
    <publisher>
     <orgName ref="http://d-nb.info/gnd/212562-6">
      Salomon Ludwig Steinheim-Institut 
      <address>
       <addrLine>Edmund-Körner-Platz 2</addrLine>
       <addrLine>D-45127 Essen</addrLine>
      </address>
     </orgName>
    </publisher>
    <idno>e34-1</idno>
    <idno type="url">http://www.steinheim-institut.de/cgi-bin/epidat?id=e34-1</idno>
    <availability xml:lang="en" status="free">
     <licence>
      <ref target="http://creativecommons.org/licenses/by/4.0/">Distributed under a Creative Commons licence Attribution-BY 4.0</ref>
      <p>
       All reuse or distribution of this work must contain somewhere a link back to the URL 
       <ref>http://www.steinheim-institut.de/cgi-bin/epidat?id=e34-1</ref>
      </p>
     </licence>
    </availability>
   </publicationStmt>
    <notesStmt>
    <note/>
   </notesStmt>
   <sourceDesc>
    <bibl>born digital</bibl>
     <msDesc>
     <msIdentifier/>
     <physDesc>
      <objectDesc>
       <supportDesc>
        <support>
         <p>
          <material>Stein</material>
          Stele mit Rundbogenabschluß.
         </p>
        </support>
        <condition>
         <p>
           
          <damage agent='Verwitterung'>1985: Verwitterung mittel.</damage>
         </p>
        </condition>
       </supportDesc>
        <layoutDesc>
        <layout/>
       </layoutDesc>
      </objectDesc>
     </physDesc>
     <history>
      <origin>
       <date notBefore='1869-02-17'>1869-02-17</date>
       <country type="ISO_3166" key="XA-DE-NW">
        Germany
        <region>North Rhine-Westphalia</region>
       </country>
       <settlement type='city' key='tgn:1040940'>
        Rommerskirchen 
        <geogName>
         Jüdischer Friedhof
         <geo decls="#WGS">51.037926 6.686254</geo>
        </geogName>
       </settlement>
      </origin>
     </history>
    </msDesc>
   </sourceDesc>
  </fileDesc>
  <encodingDesc>
   <p>Encoded according to the EpiDoc Guidelines, Schema Version 8.18</p>
   <classDecl>
    <taxonomy>
     <category xml:id='foto1'>
      <catDesc>
       Epigraphisches Bildarchiv, 
       <orgName ref="http://d-nb.info/gnd/212562-6">Steinheim-Institut</orgName>
      </catDesc>
     </category>
    </taxonomy>
   </classDecl>
   <geoDecl xml:id="WGS" datum="WGS84">World Geodetic System</geoDecl>
  </encodingDesc>
  <profileDesc>
   <particDesc>
    <listPerson>
     <person xml:id="e34-1-1" sex='2'>
      <persName>Regina Hirsch ∞ Naftali ben Jaakow (Frau Herm. Wolf geb. Regina Hirsch)</persName>
       <event when='1869-02-17' type="dateofdeath">
       <desc/>
      </event>
     </person>
    </listPerson>
   </particDesc>
    <langUsage>
    <!-- According to bcp47 http://tools.ietf.org/html/bcp47 (Language) and ISO15924 (writing System)-->
    <language ident='he' usage='73'>Hebrew</language>
    <language ident='de' usage='26'>German</language>
   </langUsage>
  </profileDesc>
   <revisionDesc>
   <change/>
  </revisionDesc>
 </teiHeader>
 <facsimile>
  <graphic url='http://steinheim-institut.de/daten/picse34/xl/0001_E34_1985.jpg'>
    <desc>
    <ref target='#foto1'/>
    recto
   </desc>
  </graphic>
  <graphic url='http://steinheim-institut.de/daten/picse34/xl/0001dE34_1985.jpg'>
    <desc>
    <ref target='#foto1'/>
    Detail
   </desc>
  </graphic>
 </facsimile>
 <text>
  <body>
   <div type='edition'>
    <head>Edition</head>
     <ab>
     <lb n='1'/>
     ‎‏פ״נ‏‎
‏‎     <lb n='2'/>
     ‎‏אשה טובה ונעימה‏‎
‏‎     <lb n='3'/>
     ‎‏הלכה בדרך תמימה‏‎
‏‎     <lb n='4'/>
     ‎‏מתה בנעוריה‏‎
‏‎     <lb n='5'/>
     ‎‏לעצבון בעלה‏‎
‏‎     <lb n='6'/>
     ‎‏ה״ה מרת רגינא הירש‏‎
‏‎     <lb n='7'/>
     ‎‏אשת נפתלי בר יעקב‏‎
‏‎     <lb n='8'/>
     ‎‏נפטרה ביום ו׳ אדר‏‎
‏‎     <lb n='9'/>
     ‎‏ונקברה ז׳ אדר תרכ״ט לפ״ק‏‎
‏‎     <lb n='10'/>
     Frau Herm. Wolf
     <lb n='11'/>
     geb. Regina Hirsch
     <lb n='12'/>
     geb. 1842 gest. 1869
    </ab>
   </div>
   <div type='translation'>
    <head>Übersetzung</head>
     <ab>
     <lb n='1'/>
     Hier ist begraben
     <lb n='2'/>
     eine gute und anmutsvolle Frau,
     <lb n='3'/>
     ›sie ging auf makellosem Wege‹,
     <lb n='4'/>
     gestorben ›in ihrer Jugend‹,
     <lb n='5'/>
     zum Leidwesen ihres Gatten,
     <lb n='6'/>
     es ist Frau Regina Hirsch,
     <lb n='7'/>
     Gattin des Naftali, Sohn des Jaakow,
     <lb n='8'/>
     verschieden am 6. Tag des Adar
     <lb n='9'/>
     und begraben 7. Adar 629 der kleinen Zählung
    </ab>
   </div>
   <div type="commentary" subtype="Zitate">
    <head>Zitate</head>
    <p>Zl 3: Ps 101,6</p>
    <p>Zl 4: Lev 22,13 und Gen 12,1</p>
   </div>
   <div type='commentary' subtype='Stilmittel'>
    <head>Stilmittel</head>
    <p>
     <label>Reim</label>
      auf -ima in Zln 2-3.
    </p>
   </div>
   <div type="commentary" subtype="Prosopographie">
    <head>Prosopographie</head>
   </div>
   <div type="bibliography">
    <head>Bibliographie</head>
    <p>to be done ...</p>
   </div>
  </body>
 </text>
</TEI>
