﻿<?xml version="1.0" encoding="UTF-8"?>
<?xml-model href="http://www.stoa.org/epidoc/schema/8.18/tei-epidoc.rng" schematypens="http://relaxng.org/ns/structure/1.0"?>
<TEI xmlns:xi="http://www.w3.org/2001/XInclude" xmlns:svg="http://www.w3.org/2000/svg" xmlns:math="http://www.w3.org/1998/Math/MathML" xmlns="http://www.tei-c.org/ns/1.0">
 <teiHeader>
  <fileDesc>
   <titleStmt>
    <title xml:lang='de'>Grabmal für Elieser ben Joel, gest. 1872-04-27, Jüdischer Friedhof Viersen-Dülken</title>
    <respStmt xml:lang="de">
     <resp>herausgegeben vom</resp>
     <orgName ref="http://d-nb.info/gnd/212562-6">
      Salomon Ludwig Steinheim-Institut
      <address>
       <addrLine>Edmund-Körner-Platz 2</addrLine>
       <addrLine>D-45127 Essen</addrLine>
      </address>
     </orgName>
    </respStmt>
   </titleStmt>
    <editionStmt>
    <edition/>
   </editionStmt>
   <extent/>
   <publicationStmt>
    <publisher>
     <orgName ref="http://d-nb.info/gnd/212562-6">
      Salomon Ludwig Steinheim-Institut 
      <address>
       <addrLine>Edmund-Körner-Platz 2</addrLine>
       <addrLine>D-45127 Essen</addrLine>
      </address>
     </orgName>
    </publisher>
    <idno>e39-42</idno>
    <idno type="url">http://www.steinheim-institut.de/cgi-bin/epidat?id=e39-42</idno>
    <availability xml:lang="en" status="free">
     <licence>
      <ref target="http://creativecommons.org/licenses/by/4.0/">Distributed under a Creative Commons licence Attribution-BY 4.0</ref>
      <p>
       All reuse or distribution of this work must contain somewhere a link back to the URL 
       <ref>http://www.steinheim-institut.de/cgi-bin/epidat?id=e39-42</ref>
      </p>
     </licence>
    </availability>
   </publicationStmt>
    <notesStmt>
    <note/>
   </notesStmt>
   <sourceDesc>
    <bibl>born digital</bibl>
     <msDesc>
     <msIdentifier/>
     <physDesc>
      <objectDesc>
       <supportDesc>
        <support>
         <p>
          <material>Stein</material>
          Kleiner Pultstein mit aufgeschlagenem Buch.
         </p>
        </support>
        <condition>
         <p>
           
          <damage agent='Verwitterung'>1986: Verwitterung starkdie Eulogie auf den aufgeschlagenen Buchseiten läßt sich nicht mehr vollständig rekonstruieren. 2007: Die Verwitterung ist weiter fortgeschritten.</damage>
         </p>
        </condition>
       </supportDesc>
        <layoutDesc>
        <layout/>
       </layoutDesc>
      </objectDesc>
      <decoDesc>
       <decoNote type='symbol'>Buch</decoNote>
      </decoDesc>
     </physDesc>
     <history>
      <origin>
       <date notBefore='1872-04-27'>1872-04-27</date>
       <country type="ISO_3166" key="XA-DE-NW">
        Germany
        <region>North Rhine-Westphalia</region>
       </country>
       <settlement type='city' key='tgn:1038742'>
        Viersen-Dülken 
        <geogName>
         Jüdischer Friedhof
         <geo decls="#WGS">51.25892 6.343853</geo>
        </geogName>
       </settlement>
      </origin>
     </history>
    </msDesc>
   </sourceDesc>
  </fileDesc>
  <encodingDesc>
   <p>Encoded according to the EpiDoc Guidelines, Schema Version 8.18</p>
   <classDecl>
    <taxonomy>
     <category xml:id='foto1'>
      <catDesc>
       <persName ref='http://d-nb.info/gnd/128472499' role='photographer'>Bert Sommer</persName>
      </catDesc>
     </category>
     <category xml:id='foto2'>
      <catDesc>
       Epigraphisches Bildarchiv, 
       <orgName ref="http://d-nb.info/gnd/212562-6">Steinheim-Institut</orgName>
      </catDesc>
     </category>
    </taxonomy>
   </classDecl>
   <geoDecl xml:id="WGS" datum="WGS84">World Geodetic System</geoDecl>
  </encodingDesc>
  <profileDesc>
   <particDesc>
    <listPerson>
     <person xml:id="e39-42-1" sex='1'>
      <persName>Elieser ben Joel</persName>
       <event when='1872-04-27' type="dateofdeath">
       <desc/>
      </event>
     </person>
    </listPerson>
   </particDesc>
    <langUsage>
    <!-- According to bcp47 http://tools.ietf.org/html/bcp47 (Language) and ISO15924 (writing System)-->
    <language ident='he' usage='100'>Hebrew</language>
   </langUsage>
  </profileDesc>
   <revisionDesc>
   <change/>
  </revisionDesc>
 </teiHeader>
 <facsimile>
  <graphic url='http://steinheim-institut.de/daten/picse39/xl/1009_E39_070801EPS5139hb.jpg'>
    <desc>
    <ref target='#foto1'/>
    recto
   </desc>
  </graphic>
  <graphic url='http://steinheim-institut.de/daten/picse39/xl/1009_E39_070801EPS5141qb.jpg'>
    <desc>
    <ref target='#foto1'/>
    recto
   </desc>
  </graphic>
  <graphic url='http://steinheim-institut.de/daten/maps/svg/e39.svg' xml:id="map">
    <desc type='map'>
    <date when='2013-11-26T14:24:19'/>
   </desc>
  </graphic>
 </facsimile>
 <text>
  <body>
   <div type='edition'>
    <head>Edition</head>
     <ab>
     <lb n='1'/>
     ‎‏[...] [...]‏‎
     <lb n='2'/>
     ‎‏צדיק וישר [...] [...]‏‎
‏‎     <lb n='3'/>
     ‎‏ל[...] [...]‏‎
‏‎     <lb n='4'/>
     ‎‏ענו[...] [...]‏‎
‏‎     <lb n='5'/>
     ‎‏פ״נ‏‎
‏‎     <lb n='6'/>
     ‎‏החבר ר׳ אליעזר בר יואל‏‎
‏‎     <lb n='7'/>
     ‎‏נפטר י״ט ניסן תרל״ב‏‎
‏‎     <lb n='8'/>
     ‎‏וימי שנותיו שמונים ושנים‏‎
‏‎     <lb n='9'/>
     ‎‏תנצב״ה‏‎
‏‎    </ab>
   </div>
   <div type='translation'>
    <head>Übersetzung</head>
     <ab>
     <lb n='1'/>
     ... ...
     <lb n='2'/>
     ... ...
     <lb n='3'/>
     ... ...
     <lb n='4'/>
     ... ...
     <lb n='5'/>
     Hier ist begraben
     <lb n='6'/>
     der toragelehrte Herr Elieser, Sohn des Joel,
     <lb n='7'/>
     verschieden 19. Nissan 632,
     <lb n='8'/>
     und die Jahre seines Lebens betrugen zweiundachtzig.
     <lb n='9'/>
     Seine Seele sei eingebunden in das Bündel des Lebens
    </ab>
   </div>
   <div type="commentary" subtype="Endkommentar">
    <head>Endkommentar</head>
    <p>Aufgrund des Sterbejahres ist dieses Grabmal zu den vom Vorgängerfriedhof an der Venloer Straße überführten Grabmalen zu zählen.</p>
   </div>
   <div type="commentary" subtype="Prosopographie">
    <head>Prosopographie</head>
   </div>
   <div type="bibliography">
    <head>Bibliographie</head>
    <p>to be done ...</p>
   </div>
  </body>
 </text>
</TEI>
