﻿<?xml version="1.0" encoding="UTF-8"?>
<?xml-model href="http://www.stoa.org/epidoc/schema/8.18/tei-epidoc.rng" schematypens="http://relaxng.org/ns/structure/1.0"?>
<TEI xmlns:xi="http://www.w3.org/2001/XInclude" xmlns:svg="http://www.w3.org/2000/svg" xmlns:math="http://www.w3.org/1998/Math/MathML" xmlns="http://www.tei-c.org/ns/1.0">
 <teiHeader>
  <fileDesc>
   <titleStmt>
    <title xml:lang='de'>Grabmal für Jehuda ben Schimschon (Daniel Harff), gest. 1880-07-10, Jüdischer Friedhof Viersen-Dülken</title>
    <respStmt xml:lang="de">
     <resp>herausgegeben vom</resp>
     <orgName ref="http://d-nb.info/gnd/212562-6">
      Salomon Ludwig Steinheim-Institut
      <address>
       <addrLine>Edmund-Körner-Platz 2</addrLine>
       <addrLine>D-45127 Essen</addrLine>
      </address>
     </orgName>
    </respStmt>
   </titleStmt>
    <editionStmt>
    <edition/>
   </editionStmt>
   <extent/>
   <publicationStmt>
    <publisher>
     <orgName ref="http://d-nb.info/gnd/212562-6">
      Salomon Ludwig Steinheim-Institut 
      <address>
       <addrLine>Edmund-Körner-Platz 2</addrLine>
       <addrLine>D-45127 Essen</addrLine>
      </address>
     </orgName>
    </publisher>
    <idno>e39-75</idno>
    <idno type="url">http://www.steinheim-institut.de/cgi-bin/epidat?id=e39-75</idno>
    <availability xml:lang="en" status="free">
     <licence>
      <ref target="http://creativecommons.org/licenses/by/4.0/">Distributed under a Creative Commons licence Attribution-BY 4.0</ref>
      <p>
       All reuse or distribution of this work must contain somewhere a link back to the URL 
       <ref>http://www.steinheim-institut.de/cgi-bin/epidat?id=e39-75</ref>
      </p>
     </licence>
    </availability>
   </publicationStmt>
    <notesStmt>
    <note/>
   </notesStmt>
   <sourceDesc>
    <bibl>born digital</bibl>
     <msDesc>
     <msIdentifier/>
     <physDesc>
      <objectDesc>
       <supportDesc>
        <support>
         <p>
          <material>Stein</material>
          Gesockelter Grabstein mit Dreiecksgiebel mit Eckakroterien, mit vertieftem, rundbogig schließenden Schriftfeld.
         </p>
        </support>
        <condition>
         <p>
          1986: Das Grabmal ist umgestürzt. 2007: Das Grabmal liegt 
          <damage agent='Verwitterung'>Verwitterung leicht.</damage>
         </p>
        </condition>
       </supportDesc>
        <layoutDesc>
        <layout/>
       </layoutDesc>
      </objectDesc>
     </physDesc>
     <history>
      <origin>
       <date notBefore='1880-07-10'>1880-07-10</date>
       <country type="ISO_3166" key="XA-DE-NW">
        Germany
        <region>North Rhine-Westphalia</region>
       </country>
       <settlement type='city' key='tgn:1038742'>
        Viersen-Dülken 
        <geogName>
         Jüdischer Friedhof
         <geo decls="#WGS">51.25892 6.343853</geo>
        </geogName>
       </settlement>
      </origin>
     </history>
    </msDesc>
   </sourceDesc>
  </fileDesc>
  <encodingDesc>
   <p>Encoded according to the EpiDoc Guidelines, Schema Version 8.18</p>
   <classDecl>
    <taxonomy>
     <category xml:id='foto1'>
      <catDesc>
       <persName ref='http://d-nb.info/gnd/128472499' role='photographer'>Bert Sommer</persName>
      </catDesc>
     </category>
     <category xml:id='foto2'>
      <catDesc>
       Epigraphisches Bildarchiv, 
       <orgName ref="http://d-nb.info/gnd/212562-6">Steinheim-Institut</orgName>
      </catDesc>
     </category>
    </taxonomy>
   </classDecl>
   <geoDecl xml:id="WGS" datum="WGS84">World Geodetic System</geoDecl>
  </encodingDesc>
  <profileDesc>
   <particDesc>
    <listPerson>
     <person xml:id="e39-75-1" sex='1'>
      <persName>Jehuda ben Schimschon (Daniel Harff)</persName>
       <event when='1880-07-10' type="dateofdeath">
       <desc/>
      </event>
     </person>
    </listPerson>
   </particDesc>
    <langUsage>
    <!-- According to bcp47 http://tools.ietf.org/html/bcp47 (Language) and ISO15924 (writing System)-->
    <language ident='he' usage='62'>Hebrew</language>
    <language ident='de' usage='37'>German</language>
   </langUsage>
  </profileDesc>
   <revisionDesc>
   <change/>
  </revisionDesc>
 </teiHeader>
 <facsimile>
  <graphic url='http://steinheim-institut.de/daten/picse39/xl/1028_E39_070801EPS5108hb.jpg'>
    <desc>
    <ref target='#foto1'/>
    recto
   </desc>
  </graphic>
  <graphic url='http://steinheim-institut.de/daten/picse39/xl/1028dE39_070801EPS5109hb.jpg'>
    <desc>
    <ref target='#foto1'/>
    Detail
   </desc>
  </graphic>
  <graphic url='http://steinheim-institut.de/daten/maps/svg/e39.svg' xml:id="map">
    <desc type='map'>
    <date when='2013-11-26T14:24:19'/>
   </desc>
  </graphic>
 </facsimile>
 <text>
  <body>
   <div type='edition'>
    <head>Edition</head>
     <ab>
     <lb n='1'/>
     ‎‏פ״נ‏‎
‏‎     <lb n='2'/>
     ‎‏איש ישר אוהב שלום‏‎
‏‎     <lb n='3'/>
     ‎‏יהודה בר שמשון‏‎
‏‎     <lb n='4'/>
     ‎‏וימת בן ע״ח שנה‏‎
‏‎     <lb n='5'/>
     ‎‏יום י״א מנחם אב תר״מ‏‎
‏‎     <lb n='6'/>
     ‎‏תנצב״ה‏‎
‏‎     <lb n='7'/>
     Daniel Harff
     <lb n='8'/>
     gest. 19. Juli 1880
     <lb n='9'/>
     im
     <lb n='10'/>
     Alter von 78 Jahren
    </ab>
   </div>
   <div type='translation'>
    <head>Übersetzung</head>
     <ab>
     <lb n='1'/>
     Hier ist begraben
     <lb n='2'/>
     ein aufrechter Mann, ›Frieden liebend‹ ,
     <lb n='3'/>
     Jehuda, Sohn des Schimschon,
     <lb n='4'/>
     und er starb im Alter von 78 Jahren
     <lb n='5'/>
     (am) Tag des 11. Menachem Aw 640.
     <lb n='6'/>
     Seine Seele sei eingebunden in das Bündel des Lebens
    </ab>
   </div>
   <div type="commentary" subtype="Zitate">
    <head>Zitate</head>
    <p>Zl 2: Av 1,12</p>
   </div>
   <div type="commentary" subtype="Zeilenkommentar">
    <head>Zeilenkommentar</head>
    <p>Zl 5: Menachem, "Tröster", ist ein euphemistischer Name für den Trauermonat Aw.</p>
   </div>
   <div type="commentary" subtype="Prosopographie">
    <head>Prosopographie</head>
   </div>
   <div type="bibliography">
    <head>Bibliographie</head>
    <p>to be done ...</p>
   </div>
  </body>
 </text>
</TEI>
