﻿<?xml version="1.0" encoding="UTF-8"?>
<?xml-model href="http://www.stoa.org/epidoc/schema/8.18/tei-epidoc.rng" schematypens="http://relaxng.org/ns/structure/1.0"?>
<TEI xmlns:xi="http://www.w3.org/2001/XInclude" xmlns:svg="http://www.w3.org/2000/svg" xmlns:math="http://www.w3.org/1998/Math/MathML" xmlns="http://www.tei-c.org/ns/1.0">
 <teiHeader>
  <fileDesc>
   <titleStmt>
    <title xml:lang='de'>Grabmal für Natan ben Jaakow Halevi (Nathan Lifges), gest. 1902-12-27, Jüdischer Friedhof Viersen-Süchteln</title>
    <respStmt xml:lang="de">
     <resp>herausgegeben vom</resp>
     <orgName ref="http://d-nb.info/gnd/212562-6">
      Salomon Ludwig Steinheim-Institut
      <address>
       <addrLine>Edmund-Körner-Platz 2</addrLine>
       <addrLine>D-45127 Essen</addrLine>
      </address>
     </orgName>
    </respStmt>
   </titleStmt>
    <editionStmt>
    <edition/>
   </editionStmt>
   <extent/>
   <publicationStmt>
    <publisher>
     <orgName ref="http://d-nb.info/gnd/212562-6">
      Salomon Ludwig Steinheim-Institut 
      <address>
       <addrLine>Edmund-Körner-Platz 2</addrLine>
       <addrLine>D-45127 Essen</addrLine>
      </address>
     </orgName>
    </publisher>
    <idno>e40-2</idno>
    <idno type="url">http://www.steinheim-institut.de/cgi-bin/epidat?id=e40-2</idno>
    <availability xml:lang="en" status="free">
     <licence>
      <ref target="http://creativecommons.org/licenses/by/4.0/">Distributed under a Creative Commons licence Attribution-BY 4.0</ref>
      <p>
       All reuse or distribution of this work must contain somewhere a link back to the URL 
       <ref>http://www.steinheim-institut.de/cgi-bin/epidat?id=e40-2</ref>
      </p>
     </licence>
    </availability>
   </publicationStmt>
    <notesStmt>
    <note/>
   </notesStmt>
   <sourceDesc>
    <bibl>born digital</bibl>
     <msDesc>
     <msIdentifier/>
     <physDesc>
      <objectDesc>
       <supportDesc>
        <support>
         <p>
          <material>Stein</material>
          Sich nach oben verjüngende Stele mit Flachbogenabschluß und erhabenen Buchstaben in einzelnen, vertieften Schriftzeilen.
         </p>
        </support>
        <condition>
         <p>1986: Das Grabmal liegt auf der Schriftseite vor dem Fundament. 2007: Das Grabmal wurde wieder aufgestelltgut erhalten.</p>
        </condition>
       </supportDesc>
        <layoutDesc>
        <layout/>
       </layoutDesc>
      </objectDesc>
      <handDesc>
       <handNote>Schrift erhaben</handNote>
      </handDesc>
      <decoDesc>
       <decoNote type='ornament'>gestalterisch</decoNote>
      </decoDesc>
     </physDesc>
     <history>
      <origin>
       <date notBefore='1902-12-27'>1902-12-27</date>
       <country type="ISO_3166" key="XA-DE-NW">
        Germany
        <region>North Rhine-Westphalia</region>
       </country>
       <settlement type='city' key='tgn:1040985'>
        Viersen-Süchteln 
        <geogName>
         Jüdischer Friedhof
         <geo decls="#WGS">51.285627 6.358901</geo>
        </geogName>
       </settlement>
      </origin>
     </history>
    </msDesc>
   </sourceDesc>
  </fileDesc>
  <encodingDesc>
   <p>Encoded according to the EpiDoc Guidelines, Schema Version 8.18</p>
   <classDecl>
    <taxonomy>
     <category xml:id='foto1'>
      <catDesc>
       <persName ref='http://d-nb.info/gnd/128472499' role='photographer'>Bert Sommer</persName>
      </catDesc>
     </category>
    </taxonomy>
   </classDecl>
   <geoDecl xml:id="WGS" datum="WGS84">World Geodetic System</geoDecl>
  </encodingDesc>
  <profileDesc>
   <particDesc>
    <listPerson>
     <person xml:id="e40-2-1" sex='1'>
      <persName>Natan ben Jaakow Halevi (Nathan Lifges)</persName>
       <event when='1902-12-27' type="dateofdeath">
       <desc/>
      </event>
     </person>
    </listPerson>
   </particDesc>
    <langUsage>
    <!-- According to bcp47 http://tools.ietf.org/html/bcp47 (Language) and ISO15924 (writing System)-->
    <language ident='he' usage='69'>Hebrew</language>
    <language ident='de' usage='30'>German</language>
   </langUsage>
  </profileDesc>
   <revisionDesc>
   <change/>
  </revisionDesc>
 </teiHeader>
 <facsimile>
  <graphic url='http://steinheim-institut.de/daten/picse40/xl/0002_E40_070801EPS5153hb.jpg'>
    <desc>
    <ref target='#foto1'/>
    recto
   </desc>
  </graphic>
  <graphic url='http://steinheim-institut.de/daten/picse40/xl/0002dE40_070801EPS5155qb.jpg'>
    <desc>
    <ref target='#foto1'/>
    Detail
   </desc>
  </graphic>
 </facsimile>
 <text>
  <body>
   <div type='edition'>
    <head>Edition</head>
     <ab>
     <lb n='1'/>
     ‎‏פ״נ‏‎
‏‎     <lb n='2'/>
     ‎‏איש ירא ה׳ מנעוריו‏‎
‏‎     <lb n='3'/>
     ‎‏תם וישר בכל מעשיו‏‎
‏‎     <lb n='4'/>
     ‎‏כ׳ נתן בר יעקב הלוי‏‎
‏‎     <lb n='5'/>
     ‎‏מת ביום שבת חנוכה‏‎
‏‎     <lb n='6'/>
     ‎‏כ״ז כסלו תרס״ג לפ״ק‏‎
‏‎     <lb n='7'/>
     ‎‏תנצב״ה‏‎
‏‎     <lb n='8'/>
     Nathan Lifges
     <lb n='9'/>
     geb. 1. Sept. 1819,
     <lb n='10'/>
     gest. 27. Dez. 1902.
    </ab>
   </div>
   <div type='translation'>
    <head>Übersetzung</head>
     <ab>
     <lb n='1'/>
     Hier ist begraben
     <lb n='2'/>
     ein Mann, ›den Ewigen ehrfürchtend von Jugend auf‹ ,
     <lb n='3'/>
     ›lauter und aufrecht‹ in all seinen Taten,
     <lb n='4'/>
     der geehrte Natan, Sohn des Jaakow Halevi,
     <lb n='5'/>
     gestorben am Tag des Schabbat (von) Chanukka,
     <lb n='6'/>
     27. Kislev 663 der kleinen Zählung.
     <lb n='7'/>
     Seine Seele sei eingebunden in das Bündel des Lebens
    </ab>
   </div>
   <div type="commentary" subtype="Zitate">
    <head>Zitate</head>
    <p>Zl 2: 1Kön 18,12</p>
    <p>Zl 3: Ijob 1,8</p>
   </div>
   <div type='commentary' subtype='Stilmittel'>
    <head>Stilmittel</head>
    <p>
     <label>Reim</label>
      auf -av in Zln 2-3.
    </p>
   </div>
   <div type="commentary" subtype="Prosopographie">
    <head>Prosopographie</head>
    <p>Nathan Lifges betätigte sich zunächst als Metzger und führte dann ein Textilgeschäft in Süchteln.</p>
   </div>
   <div type="bibliography">
    <head>Bibliographie</head>
    <p>to be done ...</p>
   </div>
  </body>
 </text>
</TEI>
