﻿<?xml version="1.0" encoding="UTF-8"?>
<?xml-model href="http://www.stoa.org/epidoc/schema/8.18/tei-epidoc.rng" schematypens="http://relaxng.org/ns/structure/1.0"?>
<TEI xmlns:xi="http://www.w3.org/2001/XInclude" xmlns:svg="http://www.w3.org/2000/svg" xmlns:math="http://www.w3.org/1998/Math/MathML" xmlns="http://www.tei-c.org/ns/1.0">
 <teiHeader>
  <fileDesc>
   <titleStmt>
    <title xml:lang='de'>Grabmal für Mosche ben Jehoschua, gest. 1844-10-01, Jüdischer Friedhof Krefeld-Linn</title>
    <respStmt xml:lang="de">
     <resp>herausgegeben vom</resp>
     <orgName ref="http://d-nb.info/gnd/212562-6">
      Salomon Ludwig Steinheim-Institut
      <address>
       <addrLine>Edmund-Körner-Platz 2</addrLine>
       <addrLine>D-45127 Essen</addrLine>
      </address>
     </orgName>
    </respStmt>
   </titleStmt>
    <editionStmt>
    <edition/>
   </editionStmt>
   <extent/>
   <publicationStmt>
    <publisher>
     <orgName ref="http://d-nb.info/gnd/212562-6">
      Salomon Ludwig Steinheim-Institut 
      <address>
       <addrLine>Edmund-Körner-Platz 2</addrLine>
       <addrLine>D-45127 Essen</addrLine>
      </address>
     </orgName>
    </publisher>
    <idno>e43-34</idno>
    <idno type="url">http://www.steinheim-institut.de/cgi-bin/epidat?id=e43-34</idno>
    <availability xml:lang="en" status="free">
     <licence>
      <ref target="http://creativecommons.org/licenses/by/4.0/">Distributed under a Creative Commons licence Attribution-BY 4.0</ref>
      <p>
       All reuse or distribution of this work must contain somewhere a link back to the URL 
       <ref>http://www.steinheim-institut.de/cgi-bin/epidat?id=e43-34</ref>
      </p>
     </licence>
    </availability>
   </publicationStmt>
    <notesStmt>
    <note/>
   </notesStmt>
   <sourceDesc>
    <bibl>born digital</bibl>
     <msDesc>
     <msIdentifier/>
     <physDesc>
      <objectDesc>
       <supportDesc>
        <support>
         <p>
          <material>Stein</material>
          Breite Stele mit geschweiftem Flachbogenabschluß.
         </p>
        </support>
        <condition></condition>
       </supportDesc>
        <layoutDesc>
        <layout/>
       </layoutDesc>
      </objectDesc>
     </physDesc>
     <history>
      <origin>
       <date notBefore='1844-10-01'>1844-10-01</date>
       <country type="ISO_3166" key="XA-DE-NW">
        Germany
        <region>North Rhine-Westphalia</region>
       </country>
       <settlement type='city' key='tgn:1004984'>
        Krefeld-Linn 
        <geogName>
         Jüdischer Friedhof
         <geo decls="#WGS">51.336007 6.632584</geo>
        </geogName>
       </settlement>
      </origin>
     </history>
    </msDesc>
   </sourceDesc>
  </fileDesc>
  <encodingDesc>
   <p>Encoded according to the EpiDoc Guidelines, Schema Version 8.18</p>
   <classDecl>
    <taxonomy>
     <category xml:id='foto1'>
      <catDesc>
       <persName ref='http://d-nb.info/gnd/128472499' role='photographer'>Bert Sommer</persName>
      </catDesc>
     </category>
     <category xml:id='foto2'>
      <catDesc>
       Epigraphisches Bildarchiv, 
       <orgName ref="http://d-nb.info/gnd/212562-6">Steinheim-Institut</orgName>
      </catDesc>
     </category>
    </taxonomy>
   </classDecl>
   <geoDecl xml:id="WGS" datum="WGS84">World Geodetic System</geoDecl>
  </encodingDesc>
  <profileDesc>
   <particDesc>
    <listPerson>
     <person xml:id="e43-34-1" sex='1'>
      <persName>Mosche ben Jehoschua</persName>
       <event when='1844-10-01' type="dateofdeath">
       <desc/>
      </event>
     </person>
    </listPerson>
   </particDesc>
    <langUsage>
    <!-- According to bcp47 http://tools.ietf.org/html/bcp47 (Language) and ISO15924 (writing System)-->
    <language ident='he' usage='100'>Hebrew</language>
   </langUsage>
  </profileDesc>
   <revisionDesc>
   <change/>
  </revisionDesc>
 </teiHeader>
 <facsimile>
  <graphic url='http://steinheim-institut.de/daten/picse43/xl/0033_E43_070803EPS5386hb.jpg'>
    <desc>
    <ref target='#foto1'/>
    <date when='2007'/>
    recto
   </desc>
  </graphic>
 </facsimile>
 <text>
  <body>
   <div type='edition'>
    <head>Edition</head>
     <ab>
     <lb n='1'/>
     ‎‏פה נטמן‏‎
‏‎     <lb n='2'/>
     ‎‏איש ישר וטוב עם אלהים ועם אנשים ה״ה‏‎
‏‎     <lb n='3'/>
     ‎‏כ׳ משה בן כ׳ יהושע יצ״ו‏‎
‏‎     <lb n='4'/>
     ‎‏נפטר ביום ג׳ ב׳ דחול המועד של סכות‏‎
‏‎     <lb n='5'/>
     ‎‏ונקבר בשם טוב ביום ה׳ ד׳ דח״ה כ׳‏‎
‏‎     <lb n='6'/>
     ‎‏תשרי שנת תר״ה לפ״ק בשנת‏‎
‏‎     <lb n='7'/>
     ‎‏הארבעים לשני חייו ׃‏‎
‏‎     <lb n='8'/>
     ‎‏תהי נפשו צרורה‏‎
‏‎     <lb n='9'/>
     ‎‏בצרור החיים‏‎
‏‎     <lb n='10'/>
     ‎‏אמן ׃‏‎
‏‎    </ab>
   </div>
   <div type='translation'>
    <head>Übersetzung</head>
     <ab>
     <lb n='1'/>
     Hier ist begraben
     <lb n='2'/>
     ein Mann, aufrecht und gut mit Gott und mit den Menschen, es ist
     <lb n='3'/>
     der geehrte Mosche, Sohn des geehrten Jehoschua, sein Fels und Erlöser behüte ihn,
     <lb n='4'/>
     verschieden am Tag 3, 2. Zwischenfeiertag von Sukkot,
     <lb n='5'/>
     und begraben ›mit gutem Namen‹ am Tag 5, 4. Zwischenfeiertag, 20.
     <lb n='6'/>
     Tischri des Jahres 605 der kleinen Zählung, in
     <lb n='7'/>
     seinem vierzigsten Lebensjahr.
     <lb n='8'/>
     Seine Seele sei eingebunden 
     <lb n='9'/>
     in das Bündel des Lebens,
     <lb n='10'/>
     Amen
    </ab>
   </div>
   <div type="commentary" subtype="Zitate">
    <head>Zitate</head>
    <p>Zl 5: bBer 17a</p>
   </div>
   <div type="commentary" subtype="Prosopographie">
    <head>Prosopographie</head>
   </div>
   <div type="bibliography">
    <head>Bibliographie</head>
    <p>to be done ...</p>
   </div>
  </body>
 </text>
</TEI>
