﻿<?xml version="1.0" encoding="UTF-8"?>
<?xml-model href="http://www.stoa.org/epidoc/schema/8.18/tei-epidoc.rng" schematypens="http://relaxng.org/ns/structure/1.0"?>
<TEI xmlns:xi="http://www.w3.org/2001/XInclude" xmlns:svg="http://www.w3.org/2000/svg" xmlns:math="http://www.w3.org/1998/Math/MathML" xmlns="http://www.tei-c.org/ns/1.0">
 <teiHeader>
  <fileDesc>
   <titleStmt>
    <title xml:lang='de'>Grabmal für Aharon ben Awraham Kohen, gest. 1830-10-29, Jüdischer Friedhof Gennep</title>
    <respStmt xml:lang="de">
     <resp>herausgegeben vom</resp>
     <orgName ref="http://d-nb.info/gnd/212562-6">
      Salomon Ludwig Steinheim-Institut
      <address>
       <addrLine>Edmund-Körner-Platz 2</addrLine>
       <addrLine>D-45127 Essen</addrLine>
      </address>
     </orgName>
    </respStmt>
   </titleStmt>
    <editionStmt>
    <edition/>
   </editionStmt>
   <extent/>
   <publicationStmt>
    <publisher>
     <orgName ref="http://d-nb.info/gnd/212562-6">
      Salomon Ludwig Steinheim-Institut 
      <address>
       <addrLine>Edmund-Körner-Platz 2</addrLine>
       <addrLine>D-45127 Essen</addrLine>
      </address>
     </orgName>
    </publisher>
    <idno>e52-7</idno>
    <idno type="url">http://www.steinheim-institut.de/cgi-bin/epidat?id=e52-7</idno>
    <availability xml:lang="en" status="free">
     <licence>
      <ref target="http://creativecommons.org/licenses/by/4.0/">Distributed under a Creative Commons licence Attribution-BY 4.0</ref>
      <p>
       All reuse or distribution of this work must contain somewhere a link back to the URL 
       <ref>http://www.steinheim-institut.de/cgi-bin/epidat?id=e52-7</ref>
      </p>
     </licence>
    </availability>
   </publicationStmt>
    <notesStmt>
    <note/>
   </notesStmt>
   <sourceDesc>
    <bibl>born digital</bibl>
     <msDesc>
     <msIdentifier/>
     <physDesc>
      <objectDesc>
       <supportDesc>
        <support>
         <p>
          <material>Stein</material>
          Stele mit leicht eingezogenem Rundbogenabschluß, im Giebelfeld ein ovales Medaillon mit den erhabenen Buchstaben der abgekürzten, hebräischen Einleitungsformel, darüber kleine, reliefierte Priesterhände. (Vgl. auch das Grabmal der Mutter).
         </p>
        </support>
        <condition>
         <p>Gut erhalten.</p>
        </condition>
       </supportDesc>
        <layoutDesc>
        <layout/>
       </layoutDesc>
      </objectDesc>
      <handDesc>
       <handNote>Schrift vertieft und erhaben</handNote>
      </handDesc>
      <decoDesc>
       <decoNote type='symbol'>Priesterhände</decoNote>
      </decoDesc>
     </physDesc>
     <history>
      <origin>
       <date notBefore='1830-10-29'>1830-10-29</date>
       <country type="ISO_3166" key="XA-NL-LI">
        Netherlands
        <region>Limburg</region>
       </country>
       <settlement type='city' key='tgn:7262133'>
        Gennep 
        <geogName>
         Jüdischer Friedhof
         <geo decls="#WGS">51.695833 5.967222</geo>
        </geogName>
       </settlement>
      </origin>
     </history>
    </msDesc>
   </sourceDesc>
  </fileDesc>
  <encodingDesc>
   <p>Encoded according to the EpiDoc Guidelines, Schema Version 8.18</p>
   <classDecl>
    <taxonomy>
     <category xml:id='foto1'>
      <catDesc>
       <persName ref='http://d-nb.info/gnd/128472499' role='photographer'>Bert Sommer</persName>
      </catDesc>
     </category>
    </taxonomy>
   </classDecl>
   <geoDecl xml:id="WGS" datum="WGS84">World Geodetic System</geoDecl>
  </encodingDesc>
  <profileDesc>
   <particDesc>
    <listPerson>
     <person xml:id="e52-7-1" sex='1'>
      <persName>Aharon ben Awraham Kohen</persName>
       <event when='1830-10-29' type="dateofdeath">
       <desc/>
      </event>
     </person>
    </listPerson>
   </particDesc>
    <langUsage>
    <!-- According to bcp47 http://tools.ietf.org/html/bcp47 (Language) and ISO15924 (writing System)-->
    <language ident='he' usage='100'>Hebrew</language>
   </langUsage>
  </profileDesc>
   <revisionDesc>
   <change/>
  </revisionDesc>
 </teiHeader>
 <facsimile>
  <graphic url='http://steinheim-institut.de/daten/picse52/xl/0007_E52_070906EPS7673hb.jpg'>
    <desc>
    <ref target='#foto1'/>
    recto
   </desc>
  </graphic>
  <graphic url='http://steinheim-institut.de/daten/maps/svg/e52.svg' xml:id="map">
    <desc type='map'>
    <date when='2013-11-26T14:24:19'/>
   </desc>
  </graphic>
 </facsimile>
 <text>
  <body>
   <div type='edition'>
    <head>Edition</head>
     <ab>
     <lb n='1'/>
     ‎‏פ״נ‏‎
‏‎     <lb n='2'/>
     ‎‏הבחור החתן הישר והנדיב ׃‏‎
‏‎     <lb n='3'/>
     ‎‏הנקרא אהרן בן כ״ה‏‎
‏‎     <lb n='4'/>
     ‎‏אברהם כהן בגענניפף‏‎
‏‎     <lb n='5'/>
     ‎‏שהלך לעולמו ביום‏‎
‏‎     <lb n='6'/>
     ‎‏ש״ק י״ב מרחשון ונקבר‏‎
‏‎     <lb n='7'/>
     ‎‏למחרתו ביום א׳ י״ג בו‏‎
‏‎     <lb n='8'/>
     ‎‏שנת תקצ״א לפ״ק‏‎
‏‎     <lb n='9'/>
     ‎‏תנצב״ה ׃ עשמע״י ׃‏‎
‏‎    </ab>
   </div>
   <div type='translation'>
    <head>Übersetzung</head>
     <ab>
     <lb n='1'/>
     Hier ist begraben
     <lb n='2'/>
     der Junggeselle, der Bräutigam, der Aufrechte und der Wohltätige,
     <lb n='3'/>
     genannt Aharon, Sohn des geehrten Herrn
     <lb n='4'/>
     Awraham Kohen in Gennep,
     <lb n='5'/>
     ›der in seine Welt hinging‹ am Tage
     <lb n='6'/>
     des heiligen Schabbat, 12. Marcheschvan, und begraben wurde
     <lb n='7'/>
     am Tag darauf, am Tag 1, 13. desselben (Monats)
     <lb n='8'/>
     des Jahres 591 der kleinen Zählung.
     <lb n='9'/>
     Seine Seele sei eingebunden in das Bündel des Lebens mit den übrigen Toten des Volkes Israels
    </ab>
   </div>
   <div type="commentary" subtype="Zitate">
    <head>Zitate</head>
    <p>Zl 5: Koh 12,5</p>
   </div>
   <div type="commentary" subtype="Zeilenkommentar">
    <head>Zeilenkommentar</head>
    <p>Zln 1+9: Die Zeilen sind bogenförmig angebracht.</p>
   </div>
   <div type="commentary" subtype="Endkommentar">
    <head>Endkommentar</head>
    <p>Die angegeben Wochentage stimmen nicht mit den Monatstagen überein: Der 12. Cheschvan fiel auf Freitag, der 13. Cheschvan auf Samstag, die Beerdigung erfolgte aber vermutlich am Sonntag, den 14. Cheschvan, den 31.10.1830.</p>
   </div>
   <div type="commentary" subtype="Prosopographie">
    <head>Prosopographie</head>
    <p>Der 1803 in Gennep geborene Aharon war ein Sohn von Abraham Hartog und Johanna Mendel. Er starb offensichtlich kurz vor seiner Hochzeit.</p>
   </div>
   <div type="bibliography">
    <head>Bibliographie</head>
    <p>to be done ...</p>
   </div>
  </body>
 </text>
</TEI>
