﻿<?xml version="1.0" encoding="UTF-8"?>
<?xml-model href="http://www.stoa.org/epidoc/schema/8.18/tei-epidoc.rng" schematypens="http://relaxng.org/ns/structure/1.0"?>
<TEI xmlns:xi="http://www.w3.org/2001/XInclude" xmlns:svg="http://www.w3.org/2000/svg" xmlns:math="http://www.w3.org/1998/Math/MathML" xmlns="http://www.tei-c.org/ns/1.0">
 <teiHeader>
  <fileDesc>
   <titleStmt>
    <title xml:lang='de'>Grabmal für Awraham ben Mosche Elieser KaZ Hartog, gest. 1856-11-08, Jüdischer Friedhof Gennep</title>
    <respStmt xml:lang="de">
     <resp>herausgegeben vom</resp>
     <orgName ref="http://d-nb.info/gnd/212562-6">
      Salomon Ludwig Steinheim-Institut
      <address>
       <addrLine>Edmund-Körner-Platz 2</addrLine>
       <addrLine>D-45127 Essen</addrLine>
      </address>
     </orgName>
    </respStmt>
   </titleStmt>
    <editionStmt>
    <edition/>
   </editionStmt>
   <extent/>
   <publicationStmt>
    <publisher>
     <orgName ref="http://d-nb.info/gnd/212562-6">
      Salomon Ludwig Steinheim-Institut 
      <address>
       <addrLine>Edmund-Körner-Platz 2</addrLine>
       <addrLine>D-45127 Essen</addrLine>
      </address>
     </orgName>
    </publisher>
    <idno>e52-11</idno>
    <idno type="url">http://www.steinheim-institut.de/cgi-bin/epidat?id=e52-11</idno>
    <availability xml:lang="en" status="free">
     <licence>
      <ref target="http://creativecommons.org/licenses/by/4.0/">Distributed under a Creative Commons licence Attribution-BY 4.0</ref>
      <p>
       All reuse or distribution of this work must contain somewhere a link back to the URL 
       <ref>http://www.steinheim-institut.de/cgi-bin/epidat?id=e52-11</ref>
      </p>
     </licence>
    </availability>
   </publicationStmt>
    <notesStmt>
    <note/>
   </notesStmt>
   <sourceDesc>
    <bibl>born digital</bibl>
     <msDesc>
     <msIdentifier/>
     <physDesc>
      <objectDesc>
       <supportDesc>
        <support>
         <p>
          <material>Stein</material>
          Schmalhohe Stele mit geradem Abschluß, das Schriftfeld schließ mit einem Rundbogen, in den Ecken darüber reliefierte, fünfblättrige Blüten, im Bogenfeld ein rundes Medaillon mit den erhabenen Buchstaben der abgekürzten, hebräischen Einleitungsformel, darüber eine wappenförmige Vertiefung mit kleinen, reliefierten Priesterhänden.
         </p>
        </support>
        <condition>
         <p>non in situ Beschädigung leicht: Der obere Teil des Grabsmals ist von feinen Rissen durchzogen.</p>
        </condition>
       </supportDesc>
        <layoutDesc>
        <layout/>
       </layoutDesc>
      </objectDesc>
      <handDesc>
       <handNote>Schrift vertieft und erhaben</handNote>
      </handDesc>
      <decoDesc>
       <decoNote type='symbol'>Priesterhände</decoNote>
       <decoNote type='ornament'>floral; gestalterisch</decoNote>
      </decoDesc>
     </physDesc>
     <history>
      <origin>
       <date notBefore='1856-11-08'>1856-11-08</date>
       <country type="ISO_3166" key="XA-NL-LI">
        Netherlands
        <region>Limburg</region>
       </country>
       <settlement type='city' key='tgn:7262133'>
        Gennep 
        <geogName>
         Jüdischer Friedhof
         <geo decls="#WGS">51.695833 5.967222</geo>
        </geogName>
       </settlement>
      </origin>
     </history>
    </msDesc>
   </sourceDesc>
  </fileDesc>
  <encodingDesc>
   <p>Encoded according to the EpiDoc Guidelines, Schema Version 8.18</p>
   <classDecl>
    <taxonomy>
     <category xml:id='foto1'>
      <catDesc>
       <persName ref='http://d-nb.info/gnd/128472499' role='photographer'>Bert Sommer</persName>
      </catDesc>
     </category>
    </taxonomy>
   </classDecl>
   <geoDecl xml:id="WGS" datum="WGS84">World Geodetic System</geoDecl>
  </encodingDesc>
  <profileDesc>
   <particDesc>
    <listPerson>
     <person xml:id="e52-11-1" sex='1'>
      <persName>Awraham ben Mosche Elieser KaZ Hartog</persName>
       <event when='1856-11-08' type="dateofdeath">
       <desc/>
      </event>
     </person>
    </listPerson>
   </particDesc>
    <langUsage>
    <!-- According to bcp47 http://tools.ietf.org/html/bcp47 (Language) and ISO15924 (writing System)-->
    <language ident='he' usage='100'>Hebrew</language>
   </langUsage>
  </profileDesc>
   <revisionDesc>
   <change/>
  </revisionDesc>
 </teiHeader>
 <facsimile>
  <graphic url='http://steinheim-institut.de/daten/picse52/xl/0011_E52_070906EPS7735hb.jpg'>
    <desc>
    <ref target='#foto1'/>
    recto
   </desc>
  </graphic>
  <graphic url='http://steinheim-institut.de/daten/maps/svg/e52.svg' xml:id="map">
    <desc type='map'>
    <date when='2013-11-26T14:24:19'/>
   </desc>
  </graphic>
 </facsimile>
 <text>
  <body>
   <div type='edition'>
    <head>Edition</head>
     <ab>
     <lb n='1'/>
     ‎‏פ״נ‏‎
‏‎     <lb n='2'/>
     ‎‏ויגוע וימת אברהם‏‎
‏‎     <lb n='3'/>
     ‎‏בשיבה טובה זקן ושבע ימים‏‎
‏‎     <lb n='4'/>
     ‎‏נקי כפים ובר לבב‏‎
‏‎     <lb n='5'/>
     ‎‏הלך בדרך תמים‏‎
‏‎     <lb n='6'/>
     ‎‏צדיק צדקות אהב‏‎
‏‎     <lb n='7'/>
     ‎‏והתאבק בעפר חכמים‏‎
‏‎     <lb n='8'/>
     ‎‏ה״ה הר״ר אברהם בן הר״ר‏‎
‏‎     <lb n='9'/>
     ‎‏משה אליעזר כ״ץ ז״ל הארתאג‏‎
‏‎     <lb n='10'/>
     ‎‏נפטר ביום ש״ק י׳ מרחשון‏‎
‏‎     <lb n='11'/>
     ‎‏בשנת תרי״ז לפ״ק‏‎
‏‎     <lb n='12'/>
     ‎‏תנצב״ה‏‎
‏‎    </ab>
   </div>
   <div type='translation'>
    <head>Übersetzung</head>
     <ab>
     <lb n='1'/>
     Hier ist begraben -
     <lb n='2'/>
     ›und Awraham schied hin und starb‹ 
     <lb n='3'/>
     ›in gutem Greisenalter‹ , ›betagt und satt an Tagen‹ ,
     <lb n='4'/>
     ›rein an Händen und lauteren Herzens‹ ,
     <lb n='5'/>
     ›er ging den Weg der Lauteren‹ ,
     <lb n='6'/>
     ein Gerechter, der Wohltaten liebte,
     <lb n='7'/>
     ›er wälzte sich im Staube der Gelehrten‹ ,
     <lb n='8'/>
     es ist der Meister, Herr Awraham, Sohn des Meisters, Herrn
     <lb n='9'/>
     Mosche Elieser KaZ Hartog, sein Andenken zum Segen,
     <lb n='10'/>
     verschieden am Tage des heiligen Schabbat, 10. Marcheschvan
     <lb n='11'/>
     des Jahres 617 der kleinen Zählung.
     <lb n='12'/>
     Seine Seele sei eingebunden in das Bündel des Lebens
    </ab>
   </div>
   <div type="commentary" subtype="Zitate">
    <head>Zitate</head>
    <p>Zl 2: Gen 25,8</p>
    <p>Zl 3: Gen 25,8 | Zl 3: Gen 35,29</p>
    <p>Zl 4: Ps 24,4</p>
    <p>Zl 5: Ps 101,6</p>
    <p>Zl 7: Av 1,4</p>
   </div>
   <div type='commentary' subtype='Stilmittel'>
    <head>Stilmittel</head>
    <p>
     <label>Reim</label>
      auf -mim in Zln 3,5+7, auf -aw in Zln 4+6.
    </p>
   </div>
   <div type="commentary" subtype="Endkommentar">
    <head>Endkommentar</head>
    <p>Die Inschrift hebt neben dem hohen Alter des Verstorbenen insbesondere seine Wohltätigkeit und seine Gelehrsamkeit hervor. Dies läßt vermuten, daß Abraham in der kleinen Genneper Gemeinde (1849 sind in Gennep 36 Juden belegt) eine nicht unwesentliche Rolle spielte und vielleicht auch Gemeindefunktionen innehatte.</p>
   </div>
   <div type="commentary" subtype="Prosopographie">
    <head>Prosopographie</head>
    <p>Der 1766 geborene Metzger und Händler Abraham Elias, später Abraham Hartog, stammte aus Goch und war verheiratet mit der aus Groenlo stammenden Johanna Mendels (auch Johanna/Jeanne Levi, Mendels van Koopman). Um 1799 wurde die Tochter Rosetta geboren (welche 1821 den in Goch geborenen Samuel Hertz heiratete). Um das Jahr 1800 zog das Paar nach Gennep, wo 1803 der Sohn Aron zur Welt kam (welcher 1830 ledig starb). 1801 kam der Sohn Jakob zur Welt (welcher 1826 in Gennep Susanna Canters aus Goch ehelichte und 1834 in Gennep starb), 1807 wurde der Sohn David Abraham geboren und 1809 die Tochter Hester.</p>
   </div>
   <div type="bibliography">
    <head>Bibliographie</head>
    <p>to be done ...</p>
   </div>
  </body>
 </text>
</TEI>
