﻿<?xml version="1.0" encoding="UTF-8"?>
<?xml-model href="http://www.stoa.org/epidoc/schema/8.18/tei-epidoc.rng" schematypens="http://relaxng.org/ns/structure/1.0"?>
<TEI xmlns:xi="http://www.w3.org/2001/XInclude" xmlns:svg="http://www.w3.org/2000/svg" xmlns:math="http://www.w3.org/1998/Math/MathML" xmlns="http://www.tei-c.org/ns/1.0">
 <teiHeader>
  <fileDesc>
   <titleStmt>
    <title xml:lang='de'>Grabmal für Kela bat Jaakow Halevi ∞ Jaakow Hakohen, gest. 1843-06-06, Jüdischer Friedhof Roermond, Oude kerkhof (oude deel)</title>
    <respStmt xml:lang="de">
     <resp>herausgegeben vom</resp>
     <orgName ref="http://d-nb.info/gnd/212562-6">
      Salomon Ludwig Steinheim-Institut
      <address>
       <addrLine>Edmund-Körner-Platz 2</addrLine>
       <addrLine>D-45127 Essen</addrLine>
      </address>
     </orgName>
    </respStmt>
   </titleStmt>
    <editionStmt>
    <edition/>
   </editionStmt>
   <extent/>
   <publicationStmt>
    <publisher>
     <orgName ref="http://d-nb.info/gnd/212562-6">
      Salomon Ludwig Steinheim-Institut 
      <address>
       <addrLine>Edmund-Körner-Platz 2</addrLine>
       <addrLine>D-45127 Essen</addrLine>
      </address>
     </orgName>
    </publisher>
    <idno>e53-6</idno>
    <idno type="url">http://www.steinheim-institut.de/cgi-bin/epidat?id=e53-6</idno>
    <availability xml:lang="en" status="free">
     <licence>
      <ref target="http://creativecommons.org/licenses/by/4.0/">Distributed under a Creative Commons licence Attribution-BY 4.0</ref>
      <p>
       All reuse or distribution of this work must contain somewhere a link back to the URL 
       <ref>http://www.steinheim-institut.de/cgi-bin/epidat?id=e53-6</ref>
      </p>
     </licence>
    </availability>
   </publicationStmt>
    <notesStmt>
    <note/>
   </notesStmt>
   <sourceDesc>
    <bibl>born digital</bibl>
     <msDesc>
     <msIdentifier/>
     <physDesc>
      <objectDesc>
       <supportDesc>
        <support>
         <p>
          <material>Stein</material>
          Stele mit leicht eingezogenem Rundbogenabschluß und schmalem, scharrierten Rand.
         </p>
        </support>
        <condition>
         <p>Gut erhalten.</p>
        </condition>
       </supportDesc>
        <layoutDesc>
        <layout/>
       </layoutDesc>
      </objectDesc>
     </physDesc>
     <history>
      <origin>
       <date notBefore='1843-06-06'>1843-06-06</date>
       <country type="ISO_3166" key="XA-NL-LI">
        Netherlands
        <region>Limburg</region>
       </country>
       <settlement type='city' key='tgn:7006856'>
        Roermond, Oude kerkhof (oude deel) 
        <geogName>
         Jüdischer Friedhof
         <geo decls="#WGS">51.181102 6.00074</geo>
        </geogName>
       </settlement>
      </origin>
     </history>
    </msDesc>
   </sourceDesc>
  </fileDesc>
  <encodingDesc>
   <p>Encoded according to the EpiDoc Guidelines, Schema Version 8.18</p>
   <classDecl>
    <taxonomy>
     <category xml:id='foto1'>
      <catDesc>
       <persName ref='http://d-nb.info/gnd/128472499' role='photographer'>Bert Sommer</persName>
      </catDesc>
     </category>
    </taxonomy>
   </classDecl>
   <geoDecl xml:id="WGS" datum="WGS84">World Geodetic System</geoDecl>
  </encodingDesc>
  <profileDesc>
   <particDesc>
    <listPerson>
     <person xml:id="e53-6-1" sex='2'>
      <persName>Kela bat Jaakow Halevi ∞ Jaakow Hakohen</persName>
       <event when='1843-06-06' type="dateofdeath">
       <desc/>
      </event>
     </person>
    </listPerson>
   </particDesc>
    <langUsage>
    <!-- According to bcp47 http://tools.ietf.org/html/bcp47 (Language) and ISO15924 (writing System)-->
    <language ident='he' usage='100'>Hebrew</language>
   </langUsage>
  </profileDesc>
   <revisionDesc>
   <change/>
  </revisionDesc>
 </teiHeader>
 <facsimile>
  <graphic url='http://steinheim-institut.de/daten/picse53/xl/0006_E53_070916EPS8339hb.jpg'>
    <desc>
    <ref target='#foto1'/>
    recto
   </desc>
  </graphic>
 </facsimile>
 <text>
  <body>
   <div type='edition'>
    <head>Edition</head>
     <ab>
     <lb n='1'/>
     ‎‏אשת חיל צדקה עשתה כאביגיל‏‎
‏‎     <lb n='2'/>
     ‎‏פ״ט‏‎
‏‎     <lb n='3'/>
     ‎‏טעמה כי טוב סחרה ׃ צנועה‏‎
‏‎     <lb n='4'/>
     ‎‏היתה כדבורה ׃ מעשיה הי׳‏‎
‏‎     <lb n='5'/>
     ‎‏נעימה ׃ עלתה נשמתה‏‎
‏‎     <lb n='6'/>
     ‎‏למרומה ׃ כל ימיה הלכה‏‎
‏‎     <lb n='7'/>
     ‎‏בדרך ישרה ׃ מצות ה׳ שמרה ׃‏‎
‏‎     <lb n='8'/>
     ‎‏קילא בת כ״ה יעקב הלוי‏‎
‏‎     <lb n='9'/>
     ‎‏אשת כהר״ר יעקב הכהן‏‎
‏‎     <lb n='10'/>
     ‎‏הלכה לעולמה ביום ג׳‏‎
‏‎     <lb n='11'/>
     ‎‏אסרו חג דשבועות‏‎
‏‎     <lb n='12'/>
     ‎‏שנת תר״ג לפ״ק ׃‏‎
‏‎     <lb n='13'/>
     ‎‏תנצב״ה‏‎
‏‎    </ab>
   </div>
   <div type='translation'>
    <head>Übersetzung</head>
     <ab>
     <lb n='1'/>
     ›Die tüchtige Gattin‹ , Wohltätigkeit erwies sie wie Awigail
     <lb n='2'/>
     Hier ist geborgen
     <lb n='3'/>
     - ›sie spürt, dass ihr Handelswerk gut ist‹ , züchtig war sie wie Dwora,
     <lb n='4'/>
     ihre Taten waren
     <lb n='5'/>
     anmutsvoll, empor stieg ihre Seele
     <lb n='6'/>
     zu ihrer Höhe, all ihre Tage ›ging sie
     <lb n='7'/>
     auf rechtem Weg‹ , die Gebote des Ewigen wahrte sie,
     <lb n='8'/>
     Kela, Tochter des geehrten Herrn Jaakow Halevi,
     <lb n='9'/>
     Gattin des geehrten Meisters, Herrn Jaakow Hakohen,
     <lb n='10'/>
     ›sie ging hin in ihre Welt‹ am Tag 3,
     <lb n='11'/>
     dem Nachfeiertag des Wochenfestes
     <lb n='12'/>
     des Jahres 603 der kleinen Zählung.
     <lb n='13'/>
     Ihre Seele sei eingebunden in das Bündel des Lebens
    </ab>
   </div>
   <div type="commentary" subtype="Zitate">
    <head>Zitate</head>
    <p>Zl 1: Spr 31,10</p>
    <p>Zl 3: Spr 31,18</p>
    <p>Zl 6f: Ps 107,7</p>
    <p>Zl 10: Koh 12,5</p>
   </div>
   <div type='commentary' subtype='Stilmittel'>
    <head>Stilmittel</head>
    <p>
     <label>Reim</label>
      auf -ra in Zln 3-4, auf -ma in Zln 4-6, auf -ra in Zln 6-7.
    </p>
   </div>
   <div type="commentary" subtype="Zeilenkommentar">
    <head>Zeilenkommentar</head>
    <p>Zl 1: Die Zeile folgt dem Bogenverlauf.</p>
   </div>
   <div type="commentary" subtype="Prosopographie">
    <head>Prosopographie</head>
   </div>
   <div type="bibliography">
    <head>Bibliographie</head>
    <p>to be done ...</p>
   </div>
  </body>
 </text>
</TEI>
