﻿<?xml version="1.0" encoding="UTF-8"?>
<?xml-model href="http://www.stoa.org/epidoc/schema/8.18/tei-epidoc.rng" schematypens="http://relaxng.org/ns/structure/1.0"?>
<TEI xmlns:xi="http://www.w3.org/2001/XInclude" xmlns:svg="http://www.w3.org/2000/svg" xmlns:math="http://www.w3.org/1998/Math/MathML" xmlns="http://www.tei-c.org/ns/1.0">
 <teiHeader>
  <fileDesc>
   <titleStmt>
    <title xml:lang='de'>Grabmal für Rechle bat Jokew Hensiburg (?), gest. 1715-07-31, Jüdischer Friedhof Sittard</title>
    <respStmt xml:lang="de">
     <resp>herausgegeben vom</resp>
     <orgName ref="http://d-nb.info/gnd/212562-6">
      Salomon Ludwig Steinheim-Institut
      <address>
       <addrLine>Edmund-Körner-Platz 2</addrLine>
       <addrLine>D-45127 Essen</addrLine>
      </address>
     </orgName>
    </respStmt>
   </titleStmt>
    <editionStmt>
    <edition/>
   </editionStmt>
   <extent/>
   <publicationStmt>
    <publisher>
     <orgName ref="http://d-nb.info/gnd/212562-6">
      Salomon Ludwig Steinheim-Institut 
      <address>
       <addrLine>Edmund-Körner-Platz 2</addrLine>
       <addrLine>D-45127 Essen</addrLine>
      </address>
     </orgName>
    </publisher>
    <idno>e58-24</idno>
    <idno type="url">http://www.steinheim-institut.de/cgi-bin/epidat?id=e58-24</idno>
    <availability xml:lang="en" status="free">
     <licence>
      <ref target="http://creativecommons.org/licenses/by/4.0/">Distributed under a Creative Commons licence Attribution-BY 4.0</ref>
      <p>
       All reuse or distribution of this work must contain somewhere a link back to the URL 
       <ref>http://www.steinheim-institut.de/cgi-bin/epidat?id=e58-24</ref>
      </p>
     </licence>
    </availability>
   </publicationStmt>
    <notesStmt>
    <note/>
   </notesStmt>
   <sourceDesc>
    <bibl>born digital</bibl>
     <msDesc>
     <msIdentifier/>
     <physDesc>
      <objectDesc>
       <supportDesc>
        <support>
         <p>
          <material>Stein</material>
          Stele mit leicht eingezogenem (?) Rundbogenabschluß (?).
         </p>
        </support>
        <condition>
         <p>non in situdas Grabmal liegt Beschädigung schwer, es war in mehrere Teile zerbrochen und wurde wieder zusammengesetzt, ein Teil des Giebels fehlt.</p>
        </condition>
       </supportDesc>
        <layoutDesc>
        <layout/>
       </layoutDesc>
      </objectDesc>
     </physDesc>
     <history>
      <origin>
       <date notBefore='1715-07-31'>1715-07-31</date>
       <country type="ISO_3166" key="XA-NL-LI">
        Netherlands
        <region>Limburg</region>
       </country>
       <settlement type='city' key='tgn:1048111'>
        Sittard 
        <geogName>
         Jüdischer Friedhof
         <geo decls="#WGS">50.995278 5.879167</geo>
        </geogName>
       </settlement>
      </origin>
     </history>
    </msDesc>
   </sourceDesc>
  </fileDesc>
  <encodingDesc>
   <p>Encoded according to the EpiDoc Guidelines, Schema Version 8.18</p>
   <classDecl>
    <taxonomy>
     <category xml:id='foto1'>
      <catDesc>
       <persName ref='http://d-nb.info/gnd/128472499' role='photographer'>Bert Sommer</persName>
      </catDesc>
     </category>
    </taxonomy>
   </classDecl>
   <geoDecl xml:id="WGS" datum="WGS84">World Geodetic System</geoDecl>
  </encodingDesc>
  <profileDesc>
   <particDesc>
    <listPerson>
     <person xml:id="e58-24-1" sex='2'>
      <persName>Rechle bat Jokew Hensiburg (?)</persName>
       <event when='1715-07-31' type="dateofdeath">
       <desc/>
      </event>
     </person>
    </listPerson>
   </particDesc>
    <langUsage>
    <!-- According to bcp47 http://tools.ietf.org/html/bcp47 (Language) and ISO15924 (writing System)-->
    <language ident='he' usage='100'>Hebrew</language>
   </langUsage>
  </profileDesc>
   <revisionDesc>
   <change/>
  </revisionDesc>
 </teiHeader>
 <facsimile>
  <graphic url='http://steinheim-institut.de/daten/picse58/xl/0024_E58_070923EPS8845hb.jpg'>
    <desc>
    <ref target='#foto1'/>
    recto
   </desc>
  </graphic>
 </facsimile>
 <text>
  <body>
   <div type='edition'>
    <head>Edition</head>
     <ab>
     <lb n='1'/>
     ‎‏פ״ט‏‎
‏‎     <lb n='2'/>
     ‎‏האשה חשובה מרת‏‎
‏‎     <lb n='3'/>
     ‎‏רעכלה בת מוהר״ר‏‎
‏‎     <lb n='4'/>
     ‎‏יאקב הענזיבורג (?)‏‎
‏‎     <lb n='5'/>
     ‎‏שנפטרת ביום‏‎
‏‎     <lb n='6'/>
     ‎‏ר״ח אב תע״ה‏‎
‏‎     <lb n='7'/>
     ‎‏לפ״ק ׃‏‎
‏‎     <lb n='8'/>
     ‎‏תנצב״ה‏‎
‏‎    </ab>
   </div>
   <div type='translation'>
    <head>Übersetzung</head>
     <ab>
     <lb n='1'/>
     Hier ist geborgen
     <lb n='2'/>
     die angesehene Frau, Frau
     <lb n='3'/>
     Rechle, Tochter unseres Lehrers und Meisters, Herrn
     <lb n='4'/>
     Jokew Hensiburg (?)
     <lb n='5'/>
     die verschieden ist am
     <lb n='6'/>
     Neumondstag Aw 475
     <lb n='7'/>
     der kleinen Zählung.
     <lb n='8'/>
     Ihre Seele sei eingebunden in das Bündel des Lebens
    </ab>
   </div>
   <div type="commentary" subtype="Endkommentar">
    <head>Endkommentar</head>
    <p>
     Aufgrund des Sterbedatums handelt es sich um einen der ursprünglich 65 Grabsteine (bzw. Gräber), die nach Auflösung des bis 1869 belegten Friedhofs in Fort Sanderbout 1956 zunächst auf den Algemene Begraafplaats an der Carkstraat und nach 1964 auf den Algemene Begraafplaats Vrangendael überführt wurden (siehe den 
     <ref target="http://steinheim-institut.de/cgi-bin/epidat?id=e58-0051-t">Gedenkstein</ref>
     ).
    </p>
   </div>
   <div type="commentary" subtype="Prosopographie">
    <head>Prosopographie</head>
   </div>
   <div type="bibliography">
    <head>Bibliographie</head>
    <p>to be done ...</p>
   </div>
  </body>
 </text>
</TEI>
