﻿<?xml version="1.0" encoding="UTF-8"?>
<?xml-model href="http://www.stoa.org/epidoc/schema/8.18/tei-epidoc.rng" schematypens="http://relaxng.org/ns/structure/1.0"?>
<TEI xmlns:xi="http://www.w3.org/2001/XInclude" xmlns:svg="http://www.w3.org/2000/svg" xmlns:math="http://www.w3.org/1998/Math/MathML" xmlns="http://www.tei-c.org/ns/1.0">
 <teiHeader>
  <fileDesc>
   <titleStmt>
    <title xml:lang='de'>Grabmal für Jizchak (genannt Eisek SeGaL), gest. 1824-01-07, Jüdischer Friedhof Venlo, (alter Friedhof) Broekhofpad</title>
    <respStmt xml:lang="de">
     <resp>herausgegeben vom</resp>
     <orgName ref="http://d-nb.info/gnd/212562-6">
      Salomon Ludwig Steinheim-Institut
      <address>
       <addrLine>Edmund-Körner-Platz 2</addrLine>
       <addrLine>D-45127 Essen</addrLine>
      </address>
     </orgName>
    </respStmt>
   </titleStmt>
    <editionStmt>
    <edition/>
   </editionStmt>
   <extent/>
   <publicationStmt>
    <publisher>
     <orgName ref="http://d-nb.info/gnd/212562-6">
      Salomon Ludwig Steinheim-Institut 
      <address>
       <addrLine>Edmund-Körner-Platz 2</addrLine>
       <addrLine>D-45127 Essen</addrLine>
      </address>
     </orgName>
    </publisher>
    <idno>e60-6</idno>
    <idno type="url">http://www.steinheim-institut.de/cgi-bin/epidat?id=e60-6</idno>
    <availability xml:lang="en" status="free">
     <licence>
      <ref target="http://creativecommons.org/licenses/by/4.0/">Distributed under a Creative Commons licence Attribution-BY 4.0</ref>
      <p>
       All reuse or distribution of this work must contain somewhere a link back to the URL 
       <ref>http://www.steinheim-institut.de/cgi-bin/epidat?id=e60-6</ref>
      </p>
     </licence>
    </availability>
   </publicationStmt>
    <notesStmt>
    <note/>
   </notesStmt>
   <sourceDesc>
    <bibl>born digital</bibl>
     <msDesc>
     <msIdentifier/>
     <physDesc>
      <objectDesc>
       <supportDesc>
        <support>
         <p>
          <material>Stein</material>
          Stele mit Rundbogenabschluß.
         </p>
        </support>
        <condition>
         <p> Beschädigung leicht.</p>
        </condition>
       </supportDesc>
        <layoutDesc>
        <layout/>
       </layoutDesc>
      </objectDesc>
     </physDesc>
     <history>
      <origin>
       <date notBefore='1824-01-07'>1824-01-07</date>
       <country type="ISO_3166" key="XA-NL-LI">
        Netherlands
        <region>Limburg</region>
       </country>
       <settlement type='city' key='tgn:7006853'>
        Venlo, (alter Friedhof) Broekhofpad 
        <geogName>
         Jüdischer Friedhof
         <geo decls="#WGS">51.357003 6.171596</geo>
        </geogName>
       </settlement>
      </origin>
     </history>
    </msDesc>
   </sourceDesc>
  </fileDesc>
  <encodingDesc>
   <p>Encoded according to the EpiDoc Guidelines, Schema Version 8.18</p>
   <classDecl>
    <taxonomy>
     <category xml:id='foto1'>
      <catDesc>
       <persName ref='http://d-nb.info/gnd/128472499' role='photographer'>Bert Sommer</persName>
      </catDesc>
     </category>
    </taxonomy>
   </classDecl>
   <geoDecl xml:id="WGS" datum="WGS84">World Geodetic System</geoDecl>
  </encodingDesc>
  <profileDesc>
   <particDesc>
    <listPerson>
     <person xml:id="e60-6-1" sex='1'>
      <persName>Jizchak (genannt Eisek SeGaL)</persName>
       <event when='1824-01-07' type="dateofdeath">
       <desc/>
      </event>
     </person>
    </listPerson>
   </particDesc>
    <langUsage>
    <!-- According to bcp47 http://tools.ietf.org/html/bcp47 (Language) and ISO15924 (writing System)-->
    <language ident='he' usage='100'>Hebrew</language>
   </langUsage>
  </profileDesc>
   <revisionDesc>
   <change/>
  </revisionDesc>
 </teiHeader>
 <facsimile>
  <graphic url='http://steinheim-institut.de/daten/picse60/xl/0006_E60_070912EPS8129hb.jpg'>
    <desc>
    <ref target='#foto1'/>
    recto
   </desc>
  </graphic>
  <graphic url='http://steinheim-institut.de/daten/maps/svg/e60.svg' xml:id="map">
    <desc type='map'>
    <date when='2013-11-26T14:24:19'/>
   </desc>
  </graphic>
 </facsimile>
 <text>
  <body>
   <div type='edition'>
    <head>Edition</head>
     <ab>
     <lb n='1'/>
     ‎‏פ״נ‏‎
‏‎     <lb n='2'/>
     ‎‏כ״ה יצחק‏‎
‏‎     <lb n='3'/>
     ‎‏המכונה אייזק‏‎
‏‎     <lb n='4'/>
     ‎‏סג״ל ז״ל הלך‏‎
‏‎     <lb n='5'/>
     ‎‏לעלמו ונפטר‏‎
‏‎     <lb n='6'/>
     ‎‏ונקבר בשם טוב‏‎
‏‎     <lb n='7'/>
     ‎‏ביום ד׳ ז׳ שבט‏‎
‏‎     <lb n='8'/>
     ‎‏תקפ״ד לפ״ק נשמתו‏‎
‏‎     <lb n='9'/>
     ‎‏תהי צרורה‏‎
‏‎     <lb n='10'/>
     ‎‏בצה״ח עם שאר‏‎
‏‎     <lb n='11'/>
     ‎‏מתי עמך‏‎
‏‎     <lb n='12'/>
     ‎‏ישראל אמן‏‎
‏‎    </ab>
   </div>
   <div type='translation'>
    <head>Übersetzung</head>
     <ab>
     <lb n='1'/>
     Hier ist begraben
     <lb n='2'/>
     der geehrte Herr Jizchak,
     <lb n='3'/>
     genannt Eisek
     <lb n='4'/>
     SeGaL, sein Andenken zum Segen, ›er ging
     <lb n='5'/>
     in seine Welt‹ und verschied
     <lb n='6'/>
     und wurde begraben ›mit gutem Namen‹ 
     <lb n='7'/>
     am Tag 4, 7. Schwat
     <lb n='8'/>
     584 der kleinen Zählung. Seine Seele
     <lb n='9'/>
     sei eingebunden
     <lb n='10'/>
     in das Bündel des Leben mit den übrigen
     <lb n='11'/>
     Toten deines Volkes
     <lb n='12'/>
     Israel, Amen
    </ab>
   </div>
   <div type="commentary" subtype="Zitate">
    <head>Zitate</head>
    <p>Zl 4f: Koh 12,5</p>
    <p>Zl 6: bBer 17a</p>
   </div>
   <div type="commentary" subtype="Prosopographie">
    <head>Prosopographie</head>
   </div>
   <div type="bibliography">
    <head>Bibliographie</head>
    <p>to be done ...</p>
   </div>
  </body>
 </text>
</TEI>
