﻿<?xml version="1.0" encoding="UTF-8"?>
<?xml-model href="http://www.stoa.org/epidoc/schema/8.18/tei-epidoc.rng" schematypens="http://relaxng.org/ns/structure/1.0"?>
<TEI xmlns:xi="http://www.w3.org/2001/XInclude" xmlns:svg="http://www.w3.org/2000/svg" xmlns:math="http://www.w3.org/1998/Math/MathML" xmlns="http://www.tei-c.org/ns/1.0">
 <teiHeader>
  <fileDesc>
   <titleStmt>
    <title xml:lang='de'>Grabmal für Schlomo ben Josef Halevi, gest. 1854-11-25, Jüdischer Friedhof Venlo, (alter Friedhof) Broekhofpad</title>
    <respStmt xml:lang="de">
     <resp>herausgegeben vom</resp>
     <orgName ref="http://d-nb.info/gnd/212562-6">
      Salomon Ludwig Steinheim-Institut
      <address>
       <addrLine>Edmund-Körner-Platz 2</addrLine>
       <addrLine>D-45127 Essen</addrLine>
      </address>
     </orgName>
    </respStmt>
   </titleStmt>
    <editionStmt>
    <edition/>
   </editionStmt>
   <extent/>
   <publicationStmt>
    <publisher>
     <orgName ref="http://d-nb.info/gnd/212562-6">
      Salomon Ludwig Steinheim-Institut 
      <address>
       <addrLine>Edmund-Körner-Platz 2</addrLine>
       <addrLine>D-45127 Essen</addrLine>
      </address>
     </orgName>
    </publisher>
    <idno>e60-8</idno>
    <idno type="url">http://www.steinheim-institut.de/cgi-bin/epidat?id=e60-8</idno>
    <availability xml:lang="en" status="free">
     <licence>
      <ref target="http://creativecommons.org/licenses/by/4.0/">Distributed under a Creative Commons licence Attribution-BY 4.0</ref>
      <p>
       All reuse or distribution of this work must contain somewhere a link back to the URL 
       <ref>http://www.steinheim-institut.de/cgi-bin/epidat?id=e60-8</ref>
      </p>
     </licence>
    </availability>
   </publicationStmt>
    <notesStmt>
    <note/>
   </notesStmt>
   <sourceDesc>
    <bibl>born digital</bibl>
     <msDesc>
     <msIdentifier/>
     <physDesc>
      <objectDesc>
       <supportDesc>
        <support>
         <p>
          <material>Stein</material>
          Breite Stele mit geschweiftem Flachbogenabschluß und schmalem, scharrierten Rand, im Giebelfeld ein rundes Medaillon mit den erhabenen Buchstaben der abgekürzten, hebräischen Einleitungsformel.
         </p>
        </support>
        <condition>
         <p> Beschädigung mittel: das Grabmal war in mehrere Teile zerbrochen und wurde wieder zusammengesetzt.</p>
        </condition>
       </supportDesc>
        <layoutDesc>
        <layout/>
       </layoutDesc>
      </objectDesc>
      <handDesc>
       <handNote>Schrift vertieft und erhaben</handNote>
      </handDesc>
     </physDesc>
     <history>
      <origin>
       <date notBefore='1854-11-25'>1854-11-25</date>
       <country type="ISO_3166" key="XA-NL-LI">
        Netherlands
        <region>Limburg</region>
       </country>
       <settlement type='city' key='tgn:7006853'>
        Venlo, (alter Friedhof) Broekhofpad 
        <geogName>
         Jüdischer Friedhof
         <geo decls="#WGS">51.357003 6.171596</geo>
        </geogName>
       </settlement>
      </origin>
     </history>
    </msDesc>
   </sourceDesc>
  </fileDesc>
  <encodingDesc>
   <p>Encoded according to the EpiDoc Guidelines, Schema Version 8.18</p>
   <classDecl>
    <taxonomy>
     <category xml:id='foto1'>
      <catDesc>
       <persName ref='http://d-nb.info/gnd/128472499' role='photographer'>Bert Sommer</persName>
      </catDesc>
     </category>
    </taxonomy>
   </classDecl>
   <geoDecl xml:id="WGS" datum="WGS84">World Geodetic System</geoDecl>
  </encodingDesc>
  <profileDesc>
   <particDesc>
    <listPerson>
     <person xml:id="e60-8-1" sex='1'>
      <persName>Schlomo ben Josef Halevi</persName>
       <event when='1854-11-25' type="dateofdeath">
       <desc/>
      </event>
     </person>
    </listPerson>
   </particDesc>
    <langUsage>
    <!-- According to bcp47 http://tools.ietf.org/html/bcp47 (Language) and ISO15924 (writing System)-->
    <language ident='he' usage='100'>Hebrew</language>
   </langUsage>
  </profileDesc>
   <revisionDesc>
   <change/>
  </revisionDesc>
 </teiHeader>
 <facsimile>
  <graphic url='http://steinheim-institut.de/daten/picse60/xl/0008_E60_070912EPS8132hb.jpg'>
    <desc>
    <ref target='#foto1'/>
    recto
   </desc>
  </graphic>
  <graphic url='http://steinheim-institut.de/daten/maps/svg/e60.svg' xml:id="map">
    <desc type='map'>
    <date when='2013-11-26T14:24:19'/>
   </desc>
  </graphic>
 </facsimile>
 <text>
  <body>
   <div type='edition'>
    <head>Edition</head>
     <ab>
     <lb n='1'/>
     ‎‏פ״ט‏‎
‏‎     <lb n='2'/>
     ‎‏איש תם וישר מגזע ישרים‏‎
‏‎     <lb n='3'/>
     ‎‏פועל צדק וכשר מעללים‏‎
‏‎     <lb n='4'/>
     ‎‏הלא הוא כ׳ שלמה‏‎
‏‎     <lb n='5'/>
     ‎‏בן הר״ר יוסף הלוי‏‎
‏‎     <lb n='6'/>
     ‎‏מקרשנברוך‏‎
‏‎     <lb n='7'/>
     ‎‏נפטר ביום ד׳ לחדש כסלו‏‎
‏‎     <lb n='8'/>
     ‎‏שנת תרט״ו לפ״ק‏‎
‏‎     <lb n='9'/>
     ‎‏תנצב״ה‏‎
‏‎    </ab>
   </div>
   <div type='translation'>
    <head>Übersetzung</head>
     <ab>
     <lb n='1'/>
     Hier ist geborgen
     <lb n='2'/>
     ›ein lauterer und aufrechter Mann‹ vom Stamme der Aufrechten,
     <lb n='3'/>
     ›Wohltat wirkend‹ und tugendhaft seine Taten,
     <lb n='4'/>
     es ist der geehrte Schlomo,
     <lb n='5'/>
     Sohn des Meisters, Herrn Josef Halevi
     <lb n='6'/>
     aus Korschenbroich,
     <lb n='7'/>
     verschieden am 4. Tag des Monats Kislev
     <lb n='8'/>
     des Jahres 615 der kleinen Zählung.
     <lb n='9'/>
     Seine Seele sei eingebunden in das Bündel des Lebens
    </ab>
   </div>
   <div type="commentary" subtype="Zitate">
    <head>Zitate</head>
    <p>Zl 2: Ijob 1,8</p>
    <p>Zl 3: Ps 15,2</p>
   </div>
   <div type='commentary' subtype='Stilmittel'>
    <head>Stilmittel</head>
    <p>
     <label>Reim</label>
      auf -im in Zln 2-3.
    </p>
   </div>
   <div type="commentary" subtype="Prosopographie">
    <head>Prosopographie</head>
   </div>
   <div type="bibliography">
    <head>Bibliographie</head>
    <p>to be done ...</p>
   </div>
  </body>
 </text>
</TEI>
