﻿<?xml version="1.0" encoding="UTF-8"?>
<?xml-model href="http://www.stoa.org/epidoc/schema/8.18/tei-epidoc.rng" schematypens="http://relaxng.org/ns/structure/1.0"?>
<TEI xmlns:xi="http://www.w3.org/2001/XInclude" xmlns:svg="http://www.w3.org/2000/svg" xmlns:math="http://www.w3.org/1998/Math/MathML" xmlns="http://www.tei-c.org/ns/1.0">
 <teiHeader>
  <fileDesc>
   <titleStmt>
    <title xml:lang='de'>Grabmal für Jaakow ben Schlomo (Cappel Cappel), gest. 1851-02-17, Jüdischer Friedhof Brüggen, Hochstraße</title>
    <respStmt xml:lang="de">
     <resp>herausgegeben vom</resp>
     <orgName ref="http://d-nb.info/gnd/212562-6">
      Salomon Ludwig Steinheim-Institut
      <address>
       <addrLine>Edmund-Körner-Platz 2</addrLine>
       <addrLine>D-45127 Essen</addrLine>
      </address>
     </orgName>
    </respStmt>
   </titleStmt>
    <editionStmt>
    <edition/>
   </editionStmt>
   <extent/>
   <publicationStmt>
    <publisher>
     <orgName ref="http://d-nb.info/gnd/212562-6">
      Salomon Ludwig Steinheim-Institut 
      <address>
       <addrLine>Edmund-Körner-Platz 2</addrLine>
       <addrLine>D-45127 Essen</addrLine>
      </address>
     </orgName>
    </publisher>
    <idno>e99-2</idno>
    <idno type="url">http://www.steinheim-institut.de/cgi-bin/epidat?id=e99-2</idno>
    <availability xml:lang="en" status="free">
     <licence>
      <ref target="http://creativecommons.org/licenses/by/4.0/">Distributed under a Creative Commons licence Attribution-BY 4.0</ref>
      <p>
       All reuse or distribution of this work must contain somewhere a link back to the URL 
       <ref>http://www.steinheim-institut.de/cgi-bin/epidat?id=e99-2</ref>
      </p>
     </licence>
    </availability>
   </publicationStmt>
    <notesStmt>
    <note/>
   </notesStmt>
   <sourceDesc>
    <bibl>born digital</bibl>
     <msDesc>
     <msIdentifier/>
     <physDesc>
      <objectDesc>
       <supportDesc>
        <support>
         <p>
          <material>Stein</material>
          Stele mit eingezogenem Rundbogenabschluß, auf den Ecken Akroterien, im Giebelfeld ein leicht vertieftes Medaillon mit der abgekürzten Kopfformel und gekreuzten Palmwedeln.
         </p>
        </support>
        <condition>
         <p>
          <date>2010</date>
           Flechtenbewuchs. Leichte Beschädigungen
         </p>
        </condition>
       </supportDesc>
        <layoutDesc>
        <layout/>
       </layoutDesc>
      </objectDesc>
      <handDesc>
       <handNote>Schrift vertieft und erhaben</handNote>
      </handDesc>
      <decoDesc>
       <decoNote type='ornament'>floral: gekreuzte Palmwedel</decoNote>
      </decoDesc>
     </physDesc>
     <history>
      <origin>
       <date notBefore='1851-02-17'>1851-02-17</date>
       <country type="ISO_3166" key="XA-DE-NW">
        Germany
        <region>North Rhine-Westphalia</region>
       </country>
       <settlement type='city' key='tgn:7012407'>
        Brüggen, Hochstraße 
        <geogName>
         Jüdischer Friedhof
         <geo decls="#WGS">51.243038 6.181774</geo>
        </geogName>
       </settlement>
      </origin>
     </history>
    </msDesc>
   </sourceDesc>
  </fileDesc>
  <encodingDesc>
   <p>Encoded according to the EpiDoc Guidelines, Schema Version 8.18</p>
   <classDecl>
    <taxonomy>
     <category xml:id='foto1'>
      <catDesc>Ilona Riedel</catDesc>
     </category>
    </taxonomy>
   </classDecl>
   <geoDecl xml:id="WGS" datum="WGS84">World Geodetic System</geoDecl>
  </encodingDesc>
  <profileDesc>
   <particDesc>
    <listPerson>
     <person xml:id="e99-2-1" sex='1'>
      <persName>Jaakow ben Schlomo (Cappel Cappel)</persName>
       <event when='1851-02-17' type="dateofdeath">
       <desc/>
      </event>
     </person>
    </listPerson>
   </particDesc>
    <langUsage>
    <!-- According to bcp47 http://tools.ietf.org/html/bcp47 (Language) and ISO15924 (writing System)-->
    <language ident='he' usage='61'>Hebrew</language>
    <language ident='de' usage='38'>German</language>
   </langUsage>
  </profileDesc>
   <revisionDesc>
   <change/>
  </revisionDesc>
 </teiHeader>
 <facsimile>
  <graphic url='http://steinheim-institut.de/daten/picse99/xl/2.png'>
    <desc>
    <ref target='#foto1'/>
    recto
   </desc>
  </graphic>
 </facsimile>
 <text>
  <body>
   <div type='edition'>
    <head>Edition</head>
     <ab>
     <lb n='1'/>
     ‎‏פ״ט‏‎
‏‎     <lb n='2'/>
     ‎‏איש תם וישר הלך כל‏‎
‏‎     <lb n='3'/>
     ‎‏ימיו בדרך התמימים‏‎
‏‎     <lb n='4'/>
     ‎‏ה״ה יעקב בר שלמה‏‎
‏‎     <lb n='5'/>
     ‎‏הלך לעולמו בן מ״ז שנה‏‎
‏‎     <lb n='6'/>
     ‎‏ביום ב׳ ט״ו אדר א׳‏‎
‏‎     <lb n='7'/>
     ‎‏תרי״א לפ״ק‏‎
‏‎     <lb n='8'/>
     ‎‏תנצב״ה‏‎
‏‎     <lb n='9'/>
     H.R.
     <lb n='10'/>
     Cappel Cappel
     <lb n='11'/>
     Geb. zu Brüggen 1804
     <lb n='12'/>
     Gest. zu " "
     <lb n='13'/>
     17. Februar 5611 / 1851.
    </ab>
   </div>
   <div type='translation'>
    <head>Übersetzung</head>
     <ab>
     <lb n='1'/>
     Hier ist geborgen
     <lb n='2'/>
     ›ein lauterer und aufrechter Mann‹, er ging all
     <lb n='3'/>
     seine Tage den Weg der Lauteren,
     <lb n='4'/>
     es ist Jaakow, Sohn des Schlomo,
     <lb n='5'/>
     ›er ging hin in seine Welt‹ im Alter von 47 Jahren
     <lb n='6'/>
     am Tag 2, 15. erster Adar
     <lb n='7'/>
     611 der kleinen Zählung.
     <lb n='8'/>
     Seine Seele sei eingebunden in das Bündel des Lebens
    </ab>
   </div>
   <div type="commentary" subtype="Zitate">
    <head>Zitate</head>
    <p>Zl 2: Ijob 1,8</p>
    <p>Zl 5: Koh 12,5</p>
   </div>
   <div type="commentary" subtype="Abkürzung">
    <p>Zl 9: Die Abkürzung "H.R." steht für "Hier ruht".</p>
   </div>
   <div type="commentary" subtype="Prosopographie">
    <head>Prosopographie</head>
   </div>
   <div type="bibliography">
    <head>Bibliographie</head>
    <p>to be done ...</p>
   </div>
  </body>
 </text>
</TEI>
