﻿<?xml version="1.0" encoding="UTF-8"?>
<?xml-model href="http://www.stoa.org/epidoc/schema/8.18/tei-epidoc.rng" schematypens="http://relaxng.org/ns/structure/1.0"?>
<TEI xmlns:xi="http://www.w3.org/2001/XInclude" xmlns:svg="http://www.w3.org/2000/svg" xmlns:math="http://www.w3.org/1998/Math/MathML" xmlns="http://www.tei-c.org/ns/1.0">
 <teiHeader>
  <fileDesc>
   <titleStmt>
    <title xml:lang='de'>Grabmal für Pess bat Jaakow Halevi ∞ Schlomo ben Jaakow, gest. 1848-02-03, Jüdischer Friedhof Brüggen, Hochstraße</title>
    <respStmt xml:lang="de">
     <resp>herausgegeben vom</resp>
     <orgName ref="http://d-nb.info/gnd/212562-6">
      Salomon Ludwig Steinheim-Institut
      <address>
       <addrLine>Edmund-Körner-Platz 2</addrLine>
       <addrLine>D-45127 Essen</addrLine>
      </address>
     </orgName>
    </respStmt>
   </titleStmt>
    <editionStmt>
    <edition/>
   </editionStmt>
   <extent/>
   <publicationStmt>
    <publisher>
     <orgName ref="http://d-nb.info/gnd/212562-6">
      Salomon Ludwig Steinheim-Institut 
      <address>
       <addrLine>Edmund-Körner-Platz 2</addrLine>
       <addrLine>D-45127 Essen</addrLine>
      </address>
     </orgName>
    </publisher>
    <idno>e99-5</idno>
    <idno type="url">http://www.steinheim-institut.de/cgi-bin/epidat?id=e99-5</idno>
    <availability xml:lang="en" status="free">
     <licence>
      <ref target="http://creativecommons.org/licenses/by/4.0/">Distributed under a Creative Commons licence Attribution-BY 4.0</ref>
      <p>
       All reuse or distribution of this work must contain somewhere a link back to the URL 
       <ref>http://www.steinheim-institut.de/cgi-bin/epidat?id=e99-5</ref>
      </p>
     </licence>
    </availability>
   </publicationStmt>
    <notesStmt>
    <note/>
   </notesStmt>
   <sourceDesc>
    <bibl>born digital</bibl>
     <msDesc>
     <msIdentifier/>
     <physDesc>
      <objectDesc>
       <supportDesc>
        <support>
         <p>
          <material>Stein</material>
          Stele mit ganz leicht eingezogenem Rundbogenabschluß, im Giebelfeld die Kopfzeile in einem runden Medaillon, die zweite Zeile folgt dem Bogenverlauf (vgl. auch das Grabmal des Gatten).
         </p>
        </support>
        <condition>
         <p>2010: Leichter Flechtenbewuchs.</p>
        </condition>
       </supportDesc>
        <layoutDesc>
        <layout/>
       </layoutDesc>
      </objectDesc>
      <handDesc>
       <handNote>Schrift vertieft und erhaben</handNote>
      </handDesc>
     </physDesc>
     <history>
      <origin>
       <date notBefore='1848-02-03'>1848-02-03</date>
       <country type="ISO_3166" key="XA-DE-NW">
        Germany
        <region>North Rhine-Westphalia</region>
       </country>
       <settlement type='city' key='tgn:7012407'>
        Brüggen, Hochstraße 
        <geogName>
         Jüdischer Friedhof
         <geo decls="#WGS">51.243038 6.181774</geo>
        </geogName>
       </settlement>
      </origin>
     </history>
    </msDesc>
   </sourceDesc>
  </fileDesc>
  <encodingDesc>
   <p>Encoded according to the EpiDoc Guidelines, Schema Version 8.18</p>
   <classDecl>
    <taxonomy>
     <category xml:id='foto1'>
      <catDesc>Ilona Riedel</catDesc>
     </category>
    </taxonomy>
   </classDecl>
   <geoDecl xml:id="WGS" datum="WGS84">World Geodetic System</geoDecl>
  </encodingDesc>
  <profileDesc>
   <particDesc>
    <listPerson>
     <person xml:id="e99-5-1" sex='2'>
      <persName>Pess bat Jaakow Halevi ∞ Schlomo ben Jaakow</persName>
       <event when='1848-02-03' type="dateofdeath">
       <desc/>
      </event>
     </person>
    </listPerson>
   </particDesc>
    <langUsage>
    <!-- According to bcp47 http://tools.ietf.org/html/bcp47 (Language) and ISO15924 (writing System)-->
    <language ident='he' usage='100'>Hebrew</language>
   </langUsage>
  </profileDesc>
   <revisionDesc>
   <change/>
  </revisionDesc>
 </teiHeader>
 <facsimile>
  <graphic url='http://steinheim-institut.de/daten/picse99/xl/5.png'>
    <desc>
    <ref target='#foto1'/>
    recto
   </desc>
  </graphic>
 </facsimile>
 <text>
  <body>
   <div type='edition'>
    <head>Edition</head>
     <ab>
     <lb n='1'/>
     ‎‏פ״ט‏‎
‏‎     <lb n='2'/>
     ‎‏האשה הצנועה והחסידה וישרה‏‎
‏‎     <lb n='3'/>
     ‎‏כל ימיה‏‎
‏‎     <lb n='4'/>
     ‎‏הלכה בתמימות דרכה‏‎
‏‎     <lb n='5'/>
     ‎‏ה״ה אשה היקרה מרת פעס‏‎
‏‎     <lb n='6'/>
     ‎‏בת יעקב הלוי אשת כ״מ‏‎
‏‎     <lb n='7'/>
     ‎‏שלמה ב״ר יעקב שהלכה‏‎
‏‎     <lb n='8'/>
     ‎‏לעולמה ביום ה׳ כ״ט שבט‏‎
‏‎     <lb n='9'/>
     ‎‏ונקברה למחרתו בעש״ק‏‎
‏‎     <lb n='10'/>
     ‎‏א׳ דר״ח אדר ראשון‏‎
‏‎     <lb n='11'/>
     ‎‏שנת תר״ח לפ״ק‏‎
‏‎     <lb n='12'/>
     ‎‏תנצב״ה‏‎
‏‎    </ab>
   </div>
   <div type='translation'>
    <head>Übersetzung</head>
     <ab>
     <lb n='1'/>
     Hier ist geborgen
     <lb n='2'/>
     die züchtige Frau und die Fromme und Aufrechte,
     <lb n='3'/>
     all ihre Tage
     <lb n='4'/>
     ging sie in Lauterkeit ihren Weg,
     <lb n='5'/>
     es ist die teure Frau, Frau Pess,
     <lb n='6'/>
     Tochter des Jaakow Halevi, Gattin des geehrten Herrn
     <lb n='7'/>
     Schlomo, Sohn des Herrn Jaakow, ›die
     <lb n='8'/>
     in ihre Welt hinging‹ am Tag 5, 29. Schwat,
     <lb n='9'/>
     und begraben wurde am Tag darauf, am Rüsttag des heiligen Schabbat,
     <lb n='10'/>
     1. des Neumonds des ersten Adar
     <lb n='11'/>
     des Jahres 608 der kleinen Zählung.
     <lb n='12'/>
     Ihre Seele sei eingebunden in das Bündel des Lebens
    </ab>
   </div>
   <div type="commentary" subtype="Zitate">
    <head>Zitate</head>
    <p>Zl 7f: Koh 12,5</p>
   </div>
   <div type="commentary" subtype="Prosopographie">
    <head>Prosopographie</head>
   </div>
   <div type="bibliography">
    <head>Bibliographie</head>
    <p>to be done ...</p>
   </div>
  </body>
 </text>
</TEI>
