﻿<?xml version="1.0" encoding="UTF-8"?>
<?xml-model href="http://www.stoa.org/epidoc/schema/8.18/tei-epidoc.rng" schematypens="http://relaxng.org/ns/structure/1.0"?>
<TEI xmlns:xi="http://www.w3.org/2001/XInclude" xmlns:svg="http://www.w3.org/2000/svg" xmlns:math="http://www.w3.org/1998/Math/MathML" xmlns="http://www.tei-c.org/ns/1.0">
 <teiHeader>
  <fileDesc>
   <titleStmt>
    <title xml:lang='de'>Grabmal für Golde bat Menachem ∞ Salman Markus (Polde Markus), gest. 1822-06-14, Jüdischer Friedhof Erfurt, Cyriakstraße</title>
    <respStmt xml:lang="de">
     <resp>herausgegeben vom</resp>
     <orgName ref="http://d-nb.info/gnd/212562-6">
      Salomon Ludwig Steinheim-Institut
      <address>
       <addrLine>Edmund-Körner-Platz 2</addrLine>
       <addrLine>D-45127 Essen</addrLine>
      </address>
     </orgName>
    </respStmt>
   </titleStmt>
    <editionStmt>
    <edition/>
   </editionStmt>
   <extent/>
   <publicationStmt>
    <publisher>
     <orgName ref="http://d-nb.info/gnd/212562-6">
      Salomon Ludwig Steinheim-Institut 
      <address>
       <addrLine>Edmund-Körner-Platz 2</addrLine>
       <addrLine>D-45127 Essen</addrLine>
      </address>
     </orgName>
    </publisher>
    <idno>erc-3</idno>
    <idno type="url">http://www.steinheim-institut.de/cgi-bin/epidat?id=erc-3</idno>
    <availability xml:lang="en" status="free">
     <licence>
      <ref target="http://creativecommons.org/licenses/by/4.0/">Distributed under a Creative Commons licence Attribution-BY 4.0</ref>
      <p>
       All reuse or distribution of this work must contain somewhere a link back to the URL 
       <ref>http://www.steinheim-institut.de/cgi-bin/epidat?id=erc-3</ref>
      </p>
     </licence>
    </availability>
   </publicationStmt>
    <notesStmt>
    <note/>
   </notesStmt>
   <sourceDesc>
    <bibl>born digital</bibl>
     <msDesc>
     <msIdentifier/>
     <physDesc>
      <objectDesc>
       <supportDesc>
        <support>
         <p>
          <material>Stein</material>
         </p>
        </support>
        <condition>
         <p>
          <date>2013</date>
           
          <damage agent='Verwitterung'>Non in situ. Die rechte Ecke des Grabsteins fehlt, das Schriftfeld ist im unteren Teil stark verwittert.</damage>
         </p>
        </condition>
       </supportDesc>
        <layoutDesc>
        <layout/>
       </layoutDesc>
      </objectDesc>
     </physDesc>
     <history>
      <origin>
       <date notBefore='1822-06-14'>1822-06-14</date>
       <country type="ISO_3166" key="XA-DE-TH">
        Germany
        <region>Thuringa</region>
       </country>
       <settlement type='city' key='tgn:7024031'>
        Erfurt, Cyriakstraße 
        <geogName>
         Jüdischer Friedhof
         <geo decls="#WGS">50.970566 11.010673</geo>
        </geogName>
       </settlement>
      </origin>
     </history>
    </msDesc>
   </sourceDesc>
  </fileDesc>
  <encodingDesc>
   <p>Encoded according to the EpiDoc Guidelines, Schema Version 8.18</p>
   <geoDecl xml:id="WGS" datum="WGS84">World Geodetic System</geoDecl>
  </encodingDesc>
  <profileDesc>
   <particDesc>
    <listPerson>
     <person xml:id="erc-3-1" sex='2'>
      <persName>Golde bat Menachem ∞ Salman Markus (Polde Markus)</persName>
       <event when='1822-06-14' type="dateofdeath">
       <desc/>
      </event>
     </person>
    </listPerson>
   </particDesc>
    <langUsage>
    <!-- According to bcp47 http://tools.ietf.org/html/bcp47 (Language) and ISO15924 (writing System)-->
    <language ident='he' usage='100'>Hebrew</language>
   </langUsage>
  </profileDesc>
   <revisionDesc>
   <change/>
  </revisionDesc>
 </teiHeader>
 <facsimile></facsimile>
 <text>
  <body>
   <div type='edition'>
    <head>Edition</head>
     <ab>
     <lb n='1'/>
     ‎‏פ״ט‏‎
‏‎     <lb n='2'/>
     ‎‏האשה חשבה מרת‏‎
‏‎     <lb n='3'/>
     ‎‏גאלדי ב׳ מנחם אשת‏‎
‏‎     <lb n='4'/>
     ‎‏הח״ר זלמן מארקוס‏‎
‏‎     <lb n='5'/>
     ‎‏נפ׳ בי׳ ו׳ כ״ה ונק׳ בי׳ א׳ כ״ז‏‎
‏‎     <lb n='6'/>
     ‎‏סיון תקפ״ב לפ״ק נתב״ה‏‎
‏‎     <lb n='7'/>
     ‎‏בגן עדן אמן‏‎
‏‎    </ab>
   </div>
   <div type='translation'>
    <head>Übersetzung</head>
     <ab>
     <lb n='1'/>
     Hier ist geborgen
     <lb n='2'/>
     die angesehene Frau, Frau
     <lb n='3'/>
     Golde, Tochter des Menachem, Gattin des
     <lb n='4'/>
     toragelehrten Herrn Salman Markus,
     <lb n='5'/>
     verschieden am Tag 6, 25., und begraben am Tag 1, 27.
     <lb n='6'/>
     <supplied reason='subaudible'>Polde Markus</supplied>
     Sivan 582 der kleinen Zählung. Ihre Seele sei im Bündel des Lebens
     <lb n='7'/>
     im Garten Eden, Amen
    </ab>
   </div>
   <div type="commentary" subtype="Prosopographie">
    <head>Prosopographie</head>
   </div>
   <div type="bibliography">
    <head>Bibliographie</head>
    <p>to be done ...</p>
   </div>
  </body>
 </text>
</TEI>
