﻿<?xml version="1.0" encoding="UTF-8"?>
<?xml-model href="http://www.stoa.org/epidoc/schema/8.18/tei-epidoc.rng" schematypens="http://relaxng.org/ns/structure/1.0"?>
<TEI xmlns:xi="http://www.w3.org/2001/XInclude" xmlns:svg="http://www.w3.org/2000/svg" xmlns:math="http://www.w3.org/1998/Math/MathML" xmlns="http://www.tei-c.org/ns/1.0">
 <teiHeader>
  <fileDesc>
   <titleStmt>
    <title xml:lang='de'>Grabmal für Salman Markus, gest. 1817-07-19, Jüdischer Friedhof Erfurt, Cyriakstraße</title>
    <respStmt xml:lang="de">
     <resp>herausgegeben vom</resp>
     <orgName ref="http://d-nb.info/gnd/212562-6">
      Salomon Ludwig Steinheim-Institut
      <address>
       <addrLine>Edmund-Körner-Platz 2</addrLine>
       <addrLine>D-45127 Essen</addrLine>
      </address>
     </orgName>
    </respStmt>
   </titleStmt>
    <editionStmt>
    <edition/>
   </editionStmt>
   <extent/>
   <publicationStmt>
    <publisher>
     <orgName ref="http://d-nb.info/gnd/212562-6">
      Salomon Ludwig Steinheim-Institut 
      <address>
       <addrLine>Edmund-Körner-Platz 2</addrLine>
       <addrLine>D-45127 Essen</addrLine>
      </address>
     </orgName>
    </publisher>
    <idno>erc-122</idno>
    <idno type="url">http://www.steinheim-institut.de/cgi-bin/epidat?id=erc-122</idno>
    <availability xml:lang="en" status="free">
     <licence>
      <ref target="http://creativecommons.org/licenses/by/4.0/">Distributed under a Creative Commons licence Attribution-BY 4.0</ref>
      <p>
       All reuse or distribution of this work must contain somewhere a link back to the URL 
       <ref>http://www.steinheim-institut.de/cgi-bin/epidat?id=erc-122</ref>
      </p>
     </licence>
    </availability>
   </publicationStmt>
    <notesStmt>
    <note/>
   </notesStmt>
   <sourceDesc>
    <bibl>born digital</bibl>
     <msDesc>
     <msIdentifier/>
     <physDesc>
      <objectDesc>
       <supportDesc>
        <support>
         <p>
          <material>Stein</material>
         </p>
        </support>
        <condition>
         <p>
          <date>2013</date>
           Das Grabmal existiert nicht mehr. Die Abschrift erfolgte nach einem historischen Foto aus dem Jahr 1944. Die untere Hälfte des Grabmals fehlte schon damals.
         </p>
        </condition>
       </supportDesc>
        <layoutDesc>
        <layout/>
       </layoutDesc>
      </objectDesc>
     </physDesc>
     <history>
      <origin>
       <date notBefore='1817-07-19'>1817-07-19</date>
       <country type="ISO_3166" key="XA-DE-TH">
        Germany
        <region>Thuringa</region>
       </country>
       <settlement type='city' key='tgn:7024031'>
        Erfurt, Cyriakstraße 
        <geogName>
         Jüdischer Friedhof
         <geo decls="#WGS">50.970566 11.010673</geo>
        </geogName>
       </settlement>
      </origin>
     </history>
    </msDesc>
   </sourceDesc>
  </fileDesc>
  <encodingDesc>
   <p>Encoded according to the EpiDoc Guidelines, Schema Version 8.18</p>
   <geoDecl xml:id="WGS" datum="WGS84">World Geodetic System</geoDecl>
  </encodingDesc>
  <profileDesc>
   <particDesc>
    <listPerson>
     <person xml:id="erc-122-1" sex='1'>
      <persName>Salman Markus</persName>
       <event when='1817-07-19' type="dateofdeath">
       <desc/>
      </event>
     </person>
    </listPerson>
   </particDesc>
    <langUsage>
    <!-- According to bcp47 http://tools.ietf.org/html/bcp47 (Language) and ISO15924 (writing System)-->
    <language ident='he' usage='100'>Hebrew</language>
   </langUsage>
  </profileDesc>
   <revisionDesc>
   <change/>
  </revisionDesc>
 </teiHeader>
 <facsimile></facsimile>
 <text>
  <body>
   <div type='edition'>
    <head>Edition</head>
     <ab>
     <lb n='1'/>
     ‎‏פ״נ‏‎
‏‎     <lb n='2'/>
     ‎‏איש נדיב הלך בתמי׳‏‎
‏‎     <lb n='3'/>
     ‎‏מעשי׳ היו באהבה שלמי׳‏‎
‏‎     <lb n='4'/>
     ‎‏ואכל מיגיע כפי׳ שמו היה‏‎
‏‎     <lb n='5'/>
     ‎‏נודע באהבים החבר‏‎
‏‎     <lb n='6'/>
     ‎‏ר׳ זלמן מארקוס‏‎
‏‎     <lb n='7'/>
     ‎‏[‎‏נפט]ר בשבת קודש ונק׳‏‎
‏‎     <lb n='8'/>
     ‎‏[...] ‎‏לפ״ק‏‎
‏‎     <lb n='9'/>
     ‎‏[...]‏‎
    </ab>
   </div>
   <div type='translation'>
    <head>Übersetzung</head>
     <ab>
     <lb n='1'/>
     Hier ist begraben
     <lb n='2'/>
     ein wohltätiger Mann, er wandelte in Lauterkeit,
     <lb n='3'/>
     seine Taten geschahen in vollkommener Liebe
     <lb n='4'/>
     und er aß ›von der Mühe seine Hände‹, sein Name war
     <lb n='5'/>
     bekannt in mitten der Frommen, der toragelehrte
     <lb n='6'/>
     Herr Salman Markus,
     <lb n='7'/>
     verschieden am heiligen Schabbat und begraben
     <lb n='8'/>
     [...] der kleinen Zählung.
     <lb n='9'/>
     [...]
    </ab>
   </div>
   <div type="commentary" subtype="Zitate">
    <head>Zitate</head>
    <p>Zl 4: Ps 128,2</p>
   </div>
   <div type='commentary' subtype='Stilmittel'>
    <head>Stilmittel</head>
    <p>
     <label>Reim</label>
      auf -im in Zln 2-5.
    </p>
   </div>
   <div type="commentary" subtype="Prosopographie">
    <head>Prosopographie</head>
   </div>
   <div type="bibliography">
    <head>Bibliographie</head>
    <p>to be done ...</p>
   </div>
  </body>
 </text>
</TEI>
