﻿<?xml version="1.0" encoding="UTF-8"?>
<?xml-model href="http://www.stoa.org/epidoc/schema/8.18/tei-epidoc.rng" schematypens="http://relaxng.org/ns/structure/1.0"?>
<TEI xmlns:xi="http://www.w3.org/2001/XInclude" xmlns:svg="http://www.w3.org/2000/svg" xmlns:math="http://www.w3.org/1998/Math/MathML" xmlns="http://www.tei-c.org/ns/1.0">
 <teiHeader>
  <fileDesc>
   <titleStmt>
    <title xml:lang='de'>Grabmal für ... ben ... Dressel ([Bern?]hart Dressel), gest. 1879-03-22, Jüdischer Friedhof Erfurt, Neuer Friedhof, Werner-Seelenbinder-Straße</title>
    <respStmt xml:lang="de">
     <resp>herausgegeben vom</resp>
     <orgName ref="http://d-nb.info/gnd/212562-6">
      Salomon Ludwig Steinheim-Institut
      <address>
       <addrLine>Edmund-Körner-Platz 2</addrLine>
       <addrLine>D-45127 Essen</addrLine>
      </address>
     </orgName>
    </respStmt>
   </titleStmt>
    <editionStmt>
    <edition/>
   </editionStmt>
   <extent/>
   <publicationStmt>
    <publisher>
     <orgName ref="http://d-nb.info/gnd/212562-6">
      Salomon Ludwig Steinheim-Institut 
      <address>
       <addrLine>Edmund-Körner-Platz 2</addrLine>
       <addrLine>D-45127 Essen</addrLine>
      </address>
     </orgName>
    </publisher>
    <idno>erf-114</idno>
    <idno type="url">http://www.steinheim-institut.de/cgi-bin/epidat?id=erf-114</idno>
    <availability xml:lang="en" status="free">
     <licence>
      <ref target="http://creativecommons.org/licenses/by/4.0/">Distributed under a Creative Commons licence Attribution-BY 4.0</ref>
      <p>
       All reuse or distribution of this work must contain somewhere a link back to the URL 
       <ref>http://www.steinheim-institut.de/cgi-bin/epidat?id=erf-114</ref>
      </p>
     </licence>
    </availability>
   </publicationStmt>
    <notesStmt>
    <note/>
   </notesStmt>
   <sourceDesc>
    <bibl>born digital</bibl>
     <msDesc>
     <msIdentifier/>
     <physDesc>
      <objectDesc>
       <supportDesc>
        <support>
         <p>
          <material>Stein</material>
         </p>
        </support>
       </supportDesc>
        <layoutDesc>
        <layout/>
       </layoutDesc>
      </objectDesc>
     </physDesc>
     <history>
      <origin>
       <date notBefore='1879-03-22'>1879-03-22</date>
       <country type="ISO_3166" key="XA-DE-TH">
        Germany
        <region>Thuringa</region>
       </country>
       <settlement type='city' key='tgn:7024031'>
        Erfurt, Neuer Friedhof, Werner-Seelenbinder-Straße 
        <geogName>
         Jüdischer Friedhof
         <geo decls="#WGS">50.957207 11.038496</geo>
        </geogName>
       </settlement>
      </origin>
     </history>
    </msDesc>
   </sourceDesc>
  </fileDesc>
  <encodingDesc>
   <p>Encoded according to the EpiDoc Guidelines, Schema Version 8.18</p>
   <classDecl>
    <taxonomy>
     <category xml:id='foto1'>
      <catDesc>Annelie Hubrich</catDesc>
     </category>
     <category xml:id='foto2'>
      <catDesc>Historische Aufnahme</catDesc>
     </category>
    </taxonomy>
   </classDecl>
   <geoDecl xml:id="WGS" datum="WGS84">World Geodetic System</geoDecl>
  </encodingDesc>
  <profileDesc>
   <particDesc>
    <listPerson>
     <person xml:id="erf-114-1" sex='1'>
      <persName>... ben ... Dressel ([Bern?]hart Dressel)</persName>
       <event when='1879-03-22' type="dateofdeath">
       <desc/>
      </event>
     </person>
    </listPerson>
   </particDesc>
    <langUsage>
    <!-- According to bcp47 http://tools.ietf.org/html/bcp47 (Language) and ISO15924 (writing System)-->
    <language ident='he' usage='43'>Hebrew</language>
    <language ident='de' usage='56'>German</language>
   </langUsage>
  </profileDesc>
   <revisionDesc>
   <change/>
  </revisionDesc>
 </teiHeader>
 <facsimile>
  <graphic url='http://steinheim-institut.de/daten/picserf/xl/0114_erf_2012.png'>
    <desc>
    <ref target='#foto1'/>
    recto
   </desc>
  </graphic>
  <graphic url='http://steinheim-institut.de/daten/picserf/xl/0114derf_2012.png'>
    <desc>
    <ref target='#foto1'/>
    Detail
   </desc>
  </graphic>
  <graphic url='http://steinheim-institut.de/daten/picserf/xl/0114serf_2012.png'>
    <desc>
    <ref target='#foto1'/>
    Steinmetzzeichen
   </desc>
  </graphic>
 </facsimile>
 <text>
  <body>
   <div type='edition'>
    <head>Edition</head>
     <ab>
     <lb n='1'/>
     ‎‏[‎‏פ״]ש‏‎
‏‎     <lb n='2'/>
     ‎‏איש עני[ו ...]ים‏‎
‏‎     <lb n='3'/>
     ‎‏כי בא[...]ים‏‎
‏‎     <lb n='4'/>
     ‎‏[...] ‎‏מקום‏‎
‏‎     <lb n='5'/>
     ‎‏[...] ‎‏בר [... דר]עסל‏‎
‏‎     <lb n='6'/>
     ‎‏מת בש״ק כ״ז אדר [תרל״ט ת]נצב״ה‏‎
‏‎     <lb n='7'/>
     Hier [ruht uns]er lieber Vater
     <lb n='8'/>
     Herr [Bern?]hart Dressel,
     <lb n='9'/>
     ge[...]. Decbr. 1812,
     <lb n='10'/>
     gest. d. [22.] März 1879.
     <lb n='11'/>
     Frieden [...] Droben
     <lb n='12'/>
     [...]den,
     <lb n='13'/>
     Nach ar[...]
     <lb n='14'/>
     [...]
    </ab>
   </div>
   <div type='translation'>
    <head>Übersetzung</head>
     <ab>
     <lb n='1'/>
     Hier ruht
     <lb n='2'/>
     ›ein Mann, demütig‹ und ...,
     <lb n='3'/>
     denn es kam ...
     <lb n='4'/>
     ... Ort?
     <lb n='5'/>
     ..., Sohn des ... Dressel,
     <lb n='6'/>
     gestorben am heiligen Schabbat, 27. Adar 639. Seine Seele sei eingebunden in das Bündel des Lebens
    </ab>
   </div>
   <div type="commentary" subtype="Zitate">
    <head>Zitate</head>
    <p>Zl 2: Num 12,3</p>
   </div>
   <div type="commentary" subtype="Zeilenkommentar">
    <head>Zeilenkommentar</head>
    <p>Zln 3-4: Möglicherweise wurde hier (in Abwandlung) Gen 28,11 zitiert: ‎‏כי בא השמש ויקח מאבני המקום‏‎ "... weil die Sonne untergegangen war, und er nahm einen von den Steinen des Ortes ...", hier als eine Umschreibung des Sterbens und Begraben werdens zu verstehen.</p>
   </div>
   <div type="commentary" subtype="Endkommentar">
    <head>Endkommentar</head>
    <p>Aufgrund der fortgeschrittenen Verwitterung sind die Inschriften nur noch teilweise zu lesen.</p>
   </div>
   <div type="commentary" subtype="Prosopographie">
    <head>Prosopographie</head>
   </div>
   <div type="bibliography">
    <head>Bibliographie</head>
    <p>to be done ...</p>
   </div>
  </body>
 </text>
</TEI>
