﻿<?xml version="1.0" encoding="UTF-8"?>
<?xml-model href="http://www.stoa.org/epidoc/schema/8.18/tei-epidoc.rng" schematypens="http://relaxng.org/ns/structure/1.0"?>
<TEI xmlns:xi="http://www.w3.org/2001/XInclude" xmlns:svg="http://www.w3.org/2000/svg" xmlns:math="http://www.w3.org/1998/Math/MathML" xmlns="http://www.tei-c.org/ns/1.0">
 <teiHeader>
  <fileDesc>
   <titleStmt>
    <title xml:lang='de'>Grabmal für Naftali ben ... Hakohen (Wilhelm Gottlieb), gest. 1879-12-14, Jüdischer Friedhof Erfurt, Neuer Friedhof, Werner-Seelenbinder-Straße</title>
    <respStmt xml:lang="de">
     <resp>herausgegeben vom</resp>
     <orgName ref="http://d-nb.info/gnd/212562-6">
      Salomon Ludwig Steinheim-Institut
      <address>
       <addrLine>Edmund-Körner-Platz 2</addrLine>
       <addrLine>D-45127 Essen</addrLine>
      </address>
     </orgName>
    </respStmt>
   </titleStmt>
    <editionStmt>
    <edition/>
   </editionStmt>
   <extent/>
   <publicationStmt>
    <publisher>
     <orgName ref="http://d-nb.info/gnd/212562-6">
      Salomon Ludwig Steinheim-Institut 
      <address>
       <addrLine>Edmund-Körner-Platz 2</addrLine>
       <addrLine>D-45127 Essen</addrLine>
      </address>
     </orgName>
    </publisher>
    <idno>erf-116</idno>
    <idno type="url">http://www.steinheim-institut.de/cgi-bin/epidat?id=erf-116</idno>
    <availability xml:lang="en" status="free">
     <licence>
      <ref target="http://creativecommons.org/licenses/by/4.0/">Distributed under a Creative Commons licence Attribution-BY 4.0</ref>
      <p>
       All reuse or distribution of this work must contain somewhere a link back to the URL 
       <ref>http://www.steinheim-institut.de/cgi-bin/epidat?id=erf-116</ref>
      </p>
     </licence>
    </availability>
   </publicationStmt>
    <notesStmt>
    <note/>
   </notesStmt>
   <sourceDesc>
    <bibl>born digital</bibl>
     <msDesc>
     <msIdentifier/>
     <physDesc>
      <objectDesc>
       <supportDesc>
        <support>
         <p>
          <material>Stein</material>
         </p>
        </support>
       </supportDesc>
        <layoutDesc>
        <layout/>
       </layoutDesc>
      </objectDesc>
      <decoDesc>
       <decoNote type='symbol'>Priesterhände</decoNote>
      </decoDesc>
     </physDesc>
     <history>
      <origin>
       <date notBefore='1879-12-14'>1879-12-14</date>
       <country type="ISO_3166" key="XA-DE-TH">
        Germany
        <region>Thuringa</region>
       </country>
       <settlement type='city' key='tgn:7024031'>
        Erfurt, Neuer Friedhof, Werner-Seelenbinder-Straße 
        <geogName>
         Jüdischer Friedhof
         <geo decls="#WGS">50.957207 11.038496</geo>
        </geogName>
       </settlement>
      </origin>
     </history>
    </msDesc>
   </sourceDesc>
  </fileDesc>
  <encodingDesc>
   <p>Encoded according to the EpiDoc Guidelines, Schema Version 8.18</p>
   <classDecl>
    <taxonomy>
     <category xml:id='foto1'>
      <catDesc>Annelie Hubrich</catDesc>
     </category>
     <category xml:id='foto2'>
      <catDesc>Historische Aufnahme</catDesc>
     </category>
    </taxonomy>
   </classDecl>
   <geoDecl xml:id="WGS" datum="WGS84">World Geodetic System</geoDecl>
  </encodingDesc>
  <profileDesc>
   <particDesc>
    <listPerson>
     <person xml:id="erf-116-1" sex='1'>
      <persName>Naftali ben ... Hakohen (Wilhelm Gottlieb)</persName>
       <event when='1879-12-14' type="dateofdeath">
       <desc/>
      </event>
     </person>
    </listPerson>
   </particDesc>
    <langUsage>
    <!-- According to bcp47 http://tools.ietf.org/html/bcp47 (Language) and ISO15924 (writing System)-->
    <language ident='he' usage='36'>Hebrew</language>
    <language ident='de' usage='63'>German</language>
   </langUsage>
  </profileDesc>
   <revisionDesc>
   <change/>
  </revisionDesc>
 </teiHeader>
 <facsimile>
  <graphic url='http://steinheim-institut.de/daten/picserf/xl/0116_erf_2012.png'>
    <desc>
    <ref target='#foto1'/>
    recto
   </desc>
  </graphic>
  <graphic url='http://steinheim-institut.de/daten/picserf/xl/0116derf_1_2012.png'>
    <desc>
    <ref target='#foto1'/>
    Detail
   </desc>
  </graphic>
  <graphic url='http://steinheim-institut.de/daten/picserf/xl/0116derf_2_2012.png'>
    <desc>
    <ref target='#foto1'/>
    Detail
   </desc>
  </graphic>
  <graphic url='http://steinheim-institut.de/daten/picserf/xl/0116serf_2012.png'>
    <desc>
    <ref target='#foto1'/>
    Steinmetzzeichen
   </desc>
  </graphic>
  <graphic url='http://steinheim-institut.de/daten/picserf/xl/0116yerf_2012.png'>
    <desc>
    <ref target='#foto1'/>
    Symbol
   </desc>
  </graphic>
 </facsimile>
 <text>
  <body>
   <div type='edition'>
    <head>Edition</head>
    <div type='textpart' subtype='recto'>
      <ab>
      <lb n='1'/>
      Hier ruht
      <lb n='2'/>
      Wilhelm
      <lb n='3'/>
      Gottlieb.
      <lb n='4'/>
      geb. 14. Apr. 1874
      <lb n='5'/>
      gest. 14. Dez. 1879.
     </ab>
    </div>
    <div type='textpart' subtype='Postament'>
      <ab>
      <lb n='6'/>
      ‎‏פ״נ‏‎
‏‎      <lb n='7'/>
      ‎‏הילד נפתלי ב״ר‏‎
‏‎      <lb n='8'/>
      ‎‏[...] ‎‏הכהן‏‎
‏‎      <lb n='9'/>
      ‎‏תנצב״ה‏‎
‏‎     </ab>
    </div>
   </div>
   <div type='translation'>
    <head>Übersetzung</head>
    <div type='textpart' subtype='recto'>
     <ab></ab>
    </div>
    <div type='textpart' subtype='Postament'>
      <ab>
      <lb n='6'/>
      Hier ist begraben
      <lb n='7'/>
      das Kind Naftali, Sohn des Herrn
      <lb n='8'/>
      ... Hakohen
      <lb n='9'/>
      Seine Seele sei eingebunden in das Bündel des Lebens
     </ab>
    </div>
   </div>
   <div type="commentary" subtype="Prosopographie">
    <head>Prosopographie</head>
   </div>
   <div type="bibliography">
    <head>Bibliographie</head>
    <p>to be done ...</p>
   </div>
  </body>
 </text>
</TEI>
