﻿<?xml version="1.0" encoding="UTF-8"?>
<?xml-model href="http://www.stoa.org/epidoc/schema/8.18/tei-epidoc.rng" schematypens="http://relaxng.org/ns/structure/1.0"?>
<TEI xmlns:xi="http://www.w3.org/2001/XInclude" xmlns:svg="http://www.w3.org/2000/svg" xmlns:math="http://www.w3.org/1998/Math/MathML" xmlns="http://www.tei-c.org/ns/1.0">
 <teiHeader>
  <fileDesc>
   <titleStmt>
    <title xml:lang='de'>Grabmal für Bela bat Natan, gest. 1272-12-06, Jüdischer Friedhof Frankfurt am Main, Battonnstraße</title>
    <respStmt xml:lang="de">
     <resp>herausgegeben vom</resp>
     <orgName ref="http://d-nb.info/gnd/212562-6">
      Salomon Ludwig Steinheim-Institut
      <address>
       <addrLine>Edmund-Körner-Platz 2</addrLine>
       <addrLine>D-45127 Essen</addrLine>
      </address>
     </orgName>
    </respStmt>
   </titleStmt>
    <editionStmt>
    <edition/>
   </editionStmt>
   <extent/>
   <publicationStmt>
    <publisher>
     <orgName ref="http://d-nb.info/gnd/212562-6">
      Salomon Ludwig Steinheim-Institut 
      <address>
       <addrLine>Edmund-Körner-Platz 2</addrLine>
       <addrLine>D-45127 Essen</addrLine>
      </address>
     </orgName>
    </publisher>
    <idno>ffb-98</idno>
    <idno type="url">http://www.steinheim-institut.de/cgi-bin/epidat?id=ffb-98</idno>
    <availability xml:lang="en" status="free">
     <licence>
      <ref target="http://creativecommons.org/licenses/by/4.0/">Distributed under a Creative Commons licence Attribution-BY 4.0</ref>
      <p>
       All reuse or distribution of this work must contain somewhere a link back to the URL 
       <ref>http://www.steinheim-institut.de/cgi-bin/epidat?id=ffb-98</ref>
      </p>
     </licence>
    </availability>
   </publicationStmt>
    <notesStmt>
    <note/>
   </notesStmt>
   <sourceDesc>
    <bibl>born digital</bibl>
     <msDesc>
     <msIdentifier/>
     <physDesc>
      <objectDesc>
       <supportDesc>
        <support>
         <p>
          <material>Stein</material>
          <dimensions>
           <dim>70 x 62 x 37 cm</dim>
          </dimensions>
         </p>
        </support>
        <condition>
         <p>ein schlichter, oben abgerundeter Stein. Der schmale Rahmen ist so geformt, daß das Inschriftenfeld ein asymetrisches Herz assoziieren läßt.</p>
         <p>Dies ist der zweitälteste vorhandene Stein auf dem Friedhof Battonnstraße.</p>
         <p>
           
          <damage agent='Verwitterung'>leichte Verwitterungen.</damage>
         </p>
        </condition>
       </supportDesc>
        <layoutDesc>
        <layout/>
       </layoutDesc>
      </objectDesc>
      <decoDesc>
       <decoNote type='symbol'></decoNote>
      </decoDesc>
     </physDesc>
     <history>
      <origin>
       <date notBefore='1272-12-06'>1272-12-06</date>
       <country type="ISO_3166" key="XA-DE-HE">
        Germany
        <region>Hesse</region>
       </country>
       <settlement type='city' key='tgn:7005293'>
        Frankfurt am Main, Battonnstraße 
        <geogName>
         Jüdischer Friedhof
         <geo decls="#WGS">50.1119 8.689675</geo>
        </geogName>
       </settlement>
      </origin>
     </history>
    </msDesc>
   </sourceDesc>
  </fileDesc>
  <encodingDesc>
   <p>Encoded according to the EpiDoc Guidelines, Schema Version 8.18</p>
   <classDecl>
    <taxonomy>
     <category xml:id='foto1'>
      <catDesc>Andreas Hemstege</catDesc>
     </category>
    </taxonomy>
   </classDecl>
   <geoDecl xml:id="WGS" datum="WGS84">World Geodetic System</geoDecl>
  </encodingDesc>
  <profileDesc>
   <particDesc>
    <listPerson>
     <person xml:id="ffb-98-1" sex='2'>
      <persName>Bela bat Natan</persName>
       <event when='1272-12-06' type="dateofdeath">
       <desc/>
      </event>
     </person>
    </listPerson>
   </particDesc>
    <langUsage>
    <!-- According to bcp47 http://tools.ietf.org/html/bcp47 (Language) and ISO15924 (writing System)-->
    <language ident='he' usage='100'>Hebrew</language>
   </langUsage>
  </profileDesc>
   <revisionDesc>
   <change/>
  </revisionDesc>
 </teiHeader>
 <facsimile>
  <graphic url='http://steinheim-institut.de/daten/picsffb/xl/ffb0098.jpg'>
    <desc>
    <ref target='#foto1'/>
   </desc>
  </graphic>
 </facsimile>
 <text>
  <body>
   <div type='edition'>
    <head>Edition</head>
     <ab>
     <lb n='1'/>
     ‎‏עד הגל הזה‏‎
‏‎     <lb n='2'/>
     ‎‏ועדה המצבה הזאת‏‎
‏‎     <lb n='3'/>
     ‎‏אשר יריתי לראש ה׳‏‎
‏‎     <lb n='4'/>
     ‎‏[‎‏בח]ורה חשובה מרת‏‎
‏‎     <lb n='5'/>
     ‎‏בילא בת ר׳ נתן שנפטר׳‏‎
‏‎     <lb n='6'/>
     ‎‏י״ד בטבת שנת ה׳ אלפים‏‎
‏‎     <lb n='7'/>
     ‎‏ול״ג לפרט הצור יפקד‏‎
‏‎     <lb n='8'/>
     ‎‏נשמת׳ בג׳ עדן סלה‏‎
‏‎    </ab>
   </div>
   <div type='translation'>
    <head>Übersetzung</head>
     <ab>
     <lb n='1'/>
     Zeuge sei dieser Haufe
     <lb n='2'/>
     und Zeugin diese Stele,
     <lb n='3'/>
     welche ich errichtet habe zu Häupten der
     <lb n='4'/>
     angesehenen jungen Frau, Frau
     <lb n='5'/>
     Bela, Tochter des Herrn Natan, die verschied
     <lb n='6'/>
     14. im Tewet des Jahres 5 Tausend
     <lb n='7'/>
     und 33 der Zählung . Der Fels bewahre
     <lb n='8'/>
     ihre Seele im Garten Eden. Sela
    </ab>
   </div>
   <div type="commentary" subtype="Zeilenkommentar">
    <head>Zeilenkommentar</head>
    <p>Zl 1/2: Gen 31,52.</p>
    <p>Zl 3: Aufnahme von Gen 31,51.</p>
    <p>Zl 7: Der Fels ist eine Gottesbezeichnung.</p>
   </div>
   <div type="commentary" subtype="Endkommentar">
    <head>Endkommentar</head>
    <p>Ho Einleitung, S.XLII (Hier wird das Grabmal unter der Jahreszahl 1273 geführt, im Inschriftenteil aber richtig unter 1272.)</p>
   </div>
   <div type="commentary" subtype="Prosopographie">
    <head>Prosopographie</head>
    <p>ET: "Identifikation misslang."</p>
   </div>
   <div type="bibliography">
    <head>Bibliographie</head>
    <p>to be done ...</p>
   </div>
  </body>
 </text>
</TEI>
