﻿<?xml version="1.0" encoding="UTF-8"?>
<?xml-model href="http://www.stoa.org/epidoc/schema/8.18/tei-epidoc.rng" schematypens="http://relaxng.org/ns/structure/1.0"?>
<TEI xmlns:xi="http://www.w3.org/2001/XInclude" xmlns:svg="http://www.w3.org/2000/svg" xmlns:math="http://www.w3.org/1998/Math/MathML" xmlns="http://www.tei-c.org/ns/1.0">
 <teiHeader>
  <fileDesc>
   <titleStmt>
    <title xml:lang='de'>Grabmal für Channa bat Alexander, gest. 1272-07-12, Jüdischer Friedhof Frankfurt am Main, Battonnstraße</title>
    <respStmt xml:lang="de">
     <resp>herausgegeben vom</resp>
     <orgName ref="http://d-nb.info/gnd/212562-6">
      Salomon Ludwig Steinheim-Institut
      <address>
       <addrLine>Edmund-Körner-Platz 2</addrLine>
       <addrLine>D-45127 Essen</addrLine>
      </address>
     </orgName>
    </respStmt>
   </titleStmt>
    <editionStmt>
    <edition/>
   </editionStmt>
   <extent/>
   <publicationStmt>
    <publisher>
     <orgName ref="http://d-nb.info/gnd/212562-6">
      Salomon Ludwig Steinheim-Institut 
      <address>
       <addrLine>Edmund-Körner-Platz 2</addrLine>
       <addrLine>D-45127 Essen</addrLine>
      </address>
     </orgName>
    </publisher>
    <idno>ffb-97</idno>
    <idno type="url">http://www.steinheim-institut.de/cgi-bin/epidat?id=ffb-97</idno>
    <availability xml:lang="en" status="free">
     <licence>
      <ref target="http://creativecommons.org/licenses/by/4.0/">Distributed under a Creative Commons licence Attribution-BY 4.0</ref>
      <p>
       All reuse or distribution of this work must contain somewhere a link back to the URL 
       <ref>http://www.steinheim-institut.de/cgi-bin/epidat?id=ffb-97</ref>
      </p>
     </licence>
    </availability>
   </publicationStmt>
    <notesStmt>
    <note/>
   </notesStmt>
   <sourceDesc>
    <bibl>born digital</bibl>
     <msDesc>
     <msIdentifier/>
     <physDesc>
      <objectDesc>
       <supportDesc>
        <support>
         <p>
          <material>Stein</material>
          <dimensions>
           <dim>73 x 63 x 27 cm</dim>
          </dimensions>
         </p>
        </support>
        <condition>
         <p>weitgehend gut erhalten. Der Stein ist an der Mauer aufgestellt.</p>
        </condition>
       </supportDesc>
        <layoutDesc>
        <layout/>
       </layoutDesc>
      </objectDesc>
      <decoDesc>
       <decoNote type='symbol'></decoNote>
      </decoDesc>
     </physDesc>
     <history>
      <origin>
       <date notBefore='1272-07-12'>1272-07-12</date>
       <country type="ISO_3166" key="XA-DE-HE">
        Germany
        <region>Hesse</region>
       </country>
       <settlement type='city' key='tgn:7005293'>
        Frankfurt am Main, Battonnstraße 
        <geogName>
         Jüdischer Friedhof
         <geo decls="#WGS">50.1119 8.689675</geo>
        </geogName>
       </settlement>
      </origin>
     </history>
    </msDesc>
   </sourceDesc>
  </fileDesc>
  <encodingDesc>
   <p>Encoded according to the EpiDoc Guidelines, Schema Version 8.18</p>
   <classDecl>
    <taxonomy>
     <category xml:id='foto1'>
      <catDesc>Andreas Hemstege</catDesc>
     </category>
    </taxonomy>
   </classDecl>
   <geoDecl xml:id="WGS" datum="WGS84">World Geodetic System</geoDecl>
  </encodingDesc>
  <profileDesc>
   <particDesc>
    <listPerson>
     <person xml:id="ffb-97-1" sex='2'>
      <persName>Channa bat Alexander</persName>
       <event when='1272-07-12' type="dateofdeath">
       <desc/>
      </event>
     </person>
    </listPerson>
   </particDesc>
    <langUsage>
    <!-- According to bcp47 http://tools.ietf.org/html/bcp47 (Language) and ISO15924 (writing System)-->
    <language ident='he' usage='100'>Hebrew</language>
   </langUsage>
  </profileDesc>
   <revisionDesc>
   <change/>
  </revisionDesc>
 </teiHeader>
 <facsimile>
  <graphic url='http://steinheim-institut.de/daten/picsffb/xl/ffb0097.jpg'>
    <desc>
    <ref target='#foto1'/>
   </desc>
  </graphic>
  <graphic url='http://steinheim-institut.de/daten/picsffb/xl/ffb0097A.jpg'>
    <desc>
    <ref target='#foto1'/>
   </desc>
  </graphic>
 </facsimile>
 <text>
  <body>
   <div type='edition'>
    <head>Edition</head>
     <ab>
     <lb n='1'/>
     ‎‏הוקמתי מצבה‏‎
‏‎     <lb n='2'/>
     ‎‏לראש החשובה‏‎
‏‎     <lb n='3'/>
     ‎‏מרת חנה בת ר׳‏‎
‏‎     <lb n='4'/>
     ‎‏אלכסנדרי‏‎
‏‎     <lb n='5'/>
     ‎‏הנפטרה י״ד לירח‏‎
‏‎     <lb n='6'/>
     ‎‏אב שנה ה׳ אלפים‏‎
‏‎     <lb n='7'/>
     ‎‏ל״ב לפרט תהא‏‎
‏‎     <lb n='8'/>
     ‎‏נשמתה בגן עדן‏‎
‏‎     <lb n='9'/>
     ‎‏א׳ סלה‏‎
‏‎    </ab>
   </div>
   <div type='translation'>
    <head>Übersetzung</head>
     <ab>
     <lb n='1'/>
     Aufgestellt wurde ich, eine Stele,
     <lb n='2'/>
     zu Häupten der Angesehenen,
     <lb n='3'/>
     Frau Channa Tochter des Herrn
     <lb n='4'/>
     Alexander,
     <lb n='5'/>
     die verschieden (ist) 14. des Mondes
     <lb n='6'/>
     Aw im Jahre 5 Tausend
     <lb n='7'/>
     32 der Zählung. Es sei
     <lb n='8'/>
     ihre Seele im Garten Eden.
     <lb n='9'/>
     A(men) Sela
    </ab>
   </div>
   <div type='commentary' subtype='Stilmittel'>
    <head>Stilmittel</head>
    <p>
     <label>Reim</label>
      auf -wah in Zln 1/2.
    </p>
   </div>
   <div type="commentary" subtype="Endkommentar">
    <head>Endkommentar</head>
    <p>Das älteste erhaltene Grabmal. Es ist bei Hülsen abgebildet, Unna druckte die Inschrift ab.</p>
   </div>
   <div type="commentary" subtype="Prosopographie">
    <head>Prosopographie</head>
   </div>
   <div type="bibliography">
    <head>Bibliographie</head>
    <p>to be done ...</p>
   </div>
  </body>
 </text>
</TEI>
