﻿<?xml version="1.0" encoding="UTF-8"?>
<?xml-model href="http://www.stoa.org/epidoc/schema/8.18/tei-epidoc.rng" schematypens="http://relaxng.org/ns/structure/1.0"?>
<TEI xmlns:xi="http://www.w3.org/2001/XInclude" xmlns:svg="http://www.w3.org/2000/svg" xmlns:math="http://www.w3.org/1998/Math/MathML" xmlns="http://www.tei-c.org/ns/1.0">
 <teiHeader>
  <fileDesc>
   <titleStmt>
    <title xml:lang='de'>Grabmal für Rechlin bat Mosche ∞ Eisek, gest. 1666-10-03, Jüdischer Friedhof Frankfurt am Main-Heddernheim</title>
    <respStmt xml:lang="de">
     <resp>herausgegeben vom</resp>
     <orgName ref="http://d-nb.info/gnd/212562-6">
      Salomon Ludwig Steinheim-Institut
      <address>
       <addrLine>Edmund-Körner-Platz 2</addrLine>
       <addrLine>D-45127 Essen</addrLine>
      </address>
     </orgName>
    </respStmt>
   </titleStmt>
    <editionStmt>
    <edition/>
   </editionStmt>
   <extent/>
   <publicationStmt>
    <publisher>
     <orgName ref="http://d-nb.info/gnd/212562-6">
      Salomon Ludwig Steinheim-Institut 
      <address>
       <addrLine>Edmund-Körner-Platz 2</addrLine>
       <addrLine>D-45127 Essen</addrLine>
      </address>
     </orgName>
    </publisher>
    <idno>ffh-217</idno>
    <idno type="url">http://www.steinheim-institut.de/cgi-bin/epidat?id=ffh-217</idno>
    <availability xml:lang="en" status="free">
     <licence>
      <ref target="http://creativecommons.org/licenses/by/4.0/">Distributed under a Creative Commons licence Attribution-BY 4.0</ref>
      <p>
       All reuse or distribution of this work must contain somewhere a link back to the URL 
       <ref>http://www.steinheim-institut.de/cgi-bin/epidat?id=ffh-217</ref>
      </p>
     </licence>
    </availability>
   </publicationStmt>
    <notesStmt>
    <note/>
   </notesStmt>
   <sourceDesc>
    <bibl>born digital</bibl>
     <msDesc>
     <msIdentifier/>
     <physDesc>
      <objectDesc>
       <supportDesc>
        <support>
         <p>
          <material>Stein</material>
          Hochrechteckige Stele mit flachbogigem Abschluß, eingetieftes Schriftfeld, ebenfalls mit flachbogigem Abschluß, senkrechte Tilden als Satztrenner.
         </p>
        </support>
        <condition>
         <p>Stein lehnt an Mauer, obere rechte Ecke fehlt.</p>
        </condition>
       </supportDesc>
        <layoutDesc>
        <layout/>
       </layoutDesc>
      </objectDesc>
     </physDesc>
     <history>
      <origin>
       <date notBefore='1666-10-03'>1666-10-03</date>
       <country type="ISO_3166" key="XA-DE-HE">
        Germany
        <region>Hesse</region>
       </country>
       <settlement type='city' key='tgn:7005293'>
        Frankfurt am Main-Heddernheim 
        <geogName>
         Jüdischer Friedhof
         <geo decls="#WGS">50.154075 8.637539</geo>
        </geogName>
       </settlement>
      </origin>
     </history>
    </msDesc>
   </sourceDesc>
  </fileDesc>
  <encodingDesc>
   <p>Encoded according to the EpiDoc Guidelines, Schema Version 8.18</p>
   <classDecl>
    <taxonomy>
     <category xml:id='foto1'>
      <catDesc>
       <persName ref='http://d-nb.info/gnd/128472499' role='photographer'>Bert Sommer</persName>
      </catDesc>
     </category>
    </taxonomy>
   </classDecl>
   <geoDecl xml:id="WGS" datum="WGS84">World Geodetic System</geoDecl>
  </encodingDesc>
  <profileDesc>
   <particDesc>
    <listPerson>
     <person xml:id="ffh-217-1" sex='2'>
      <persName>Rechlin bat Mosche ∞ Eisek</persName>
       <event when='1666-10-03' type="dateofdeath">
       <desc/>
      </event>
     </person>
    </listPerson>
   </particDesc>
    <langUsage>
    <!-- According to bcp47 http://tools.ietf.org/html/bcp47 (Language) and ISO15924 (writing System)-->
    <language ident='he' usage='100'>Hebrew</language>
   </langUsage>
  </profileDesc>
   <revisionDesc>
   <change/>
  </revisionDesc>
 </teiHeader>
 <facsimile>
  <graphic url='http://steinheim-institut.de/daten/picsffh/xl/Hedd217.png'>
    <desc>
    <ref target='#foto1'/>
    recto
   </desc>
  </graphic>
 </facsimile>
 <text>
  <body>
   <div type='edition'>
    <head>Edition</head>
     <ab>
     <lb n='1'/>
     ‎‏...‎‏לי אש׳ אייזק‏‎
‏‎     <lb n='2'/>
     ‎‏פה‏‎
‏‎     <lb n='3'/>
     ‎‏קבורה וטמונה ׃ אשה‏‎
‏‎     <lb n='4'/>
     ‎‏יקרה והגונה ׃ מרת‏‎
‏‎     <lb n='5'/>
     ‎‏רעכלין בת משה ׃ נפ׳‏‎
‏‎     <lb n='6'/>
     ‎‏בש״ק ונקב׳ ביו׳ א׳ ד׳‏‎
‏‎     <lb n='7'/>
     ‎‏תשרי תכ״ז ל׳ ׃ תנצב״ה‏‎
‏‎    </ab>
   </div>
   <div type='translation'>
    <head>Übersetzung</head>
     <ab>
     <lb n='1'/>
      ...le Gattin des Eisek
     <lb n='2'/>
      Hier
     <lb n='3'/>
      ist begraben und geborgen eine
     <lb n='4'/>
      teure und würdige Frau, Frau
     <lb n='5'/>
      Rechlin, Tochter des Mosche, verschieden
     <lb n='6'/>
      am heiligen Schabbat und begraben am Tag 1, 4.
     <lb n='7'/>
      Tischri 427 der Zählung. Ihre Seele sei eingebunden in das Bündel des Lebens
    </ab>
   </div>
   <div type="commentary" subtype="Prosopographie">
    <head>Prosopographie</head>
   </div>
   <div type="bibliography">
    <head>Bibliographie</head>
    <p>to be done ...</p>
   </div>
  </body>
 </text>
</TEI>
