﻿<?xml version="1.0" encoding="UTF-8"?>
<?xml-model href="http://www.stoa.org/epidoc/schema/8.18/tei-epidoc.rng" schematypens="http://relaxng.org/ns/structure/1.0"?>
<TEI xmlns:xi="http://www.w3.org/2001/XInclude" xmlns:svg="http://www.w3.org/2000/svg" xmlns:math="http://www.w3.org/1998/Math/MathML" xmlns="http://www.tei-c.org/ns/1.0">
 <teiHeader>
  <fileDesc>
   <titleStmt>
    <title xml:lang='de'>Grabmal für Josef ben Awraham, gest. 1623-07-21, Jüdischer Friedhof Frankfurt am Main-Heddernheim</title>
    <respStmt xml:lang="de">
     <resp>herausgegeben vom</resp>
     <orgName ref="http://d-nb.info/gnd/212562-6">
      Salomon Ludwig Steinheim-Institut
      <address>
       <addrLine>Edmund-Körner-Platz 2</addrLine>
       <addrLine>D-45127 Essen</addrLine>
      </address>
     </orgName>
    </respStmt>
   </titleStmt>
    <editionStmt>
    <edition/>
   </editionStmt>
   <extent/>
   <publicationStmt>
    <publisher>
     <orgName ref="http://d-nb.info/gnd/212562-6">
      Salomon Ludwig Steinheim-Institut 
      <address>
       <addrLine>Edmund-Körner-Platz 2</addrLine>
       <addrLine>D-45127 Essen</addrLine>
      </address>
     </orgName>
    </publisher>
    <idno>ffh-221</idno>
    <idno type="url">http://www.steinheim-institut.de/cgi-bin/epidat?id=ffh-221</idno>
    <availability xml:lang="en" status="free">
     <licence>
      <ref target="http://creativecommons.org/licenses/by/4.0/">Distributed under a Creative Commons licence Attribution-BY 4.0</ref>
      <p>
       All reuse or distribution of this work must contain somewhere a link back to the URL 
       <ref>http://www.steinheim-institut.de/cgi-bin/epidat?id=ffh-221</ref>
      </p>
     </licence>
    </availability>
   </publicationStmt>
    <notesStmt>
    <note/>
   </notesStmt>
   <sourceDesc>
    <bibl>born digital</bibl>
     <msDesc>
     <msIdentifier/>
     <physDesc>
      <objectDesc>
       <supportDesc>
        <support>
         <p>
          <material>Stein</material>
          Annähernd quadratische Stele mit eingetieftem Schriftfeld.
         </p>
        </support>
        <condition>
         <p>Rechte obere Ecke abgebrochen, Anfänge der Zeilen 1 und 2 fehlen.</p>
        </condition>
       </supportDesc>
        <layoutDesc>
        <layout/>
       </layoutDesc>
      </objectDesc>
     </physDesc>
     <history>
      <origin>
       <date notBefore='1623-07-21'>1623-07-21</date>
       <country type="ISO_3166" key="XA-DE-HE">
        Germany
        <region>Hesse</region>
       </country>
       <settlement type='city' key='tgn:7005293'>
        Frankfurt am Main-Heddernheim 
        <geogName>
         Jüdischer Friedhof
         <geo decls="#WGS">50.154075 8.637539</geo>
        </geogName>
       </settlement>
      </origin>
     </history>
    </msDesc>
   </sourceDesc>
  </fileDesc>
  <encodingDesc>
   <p>Encoded according to the EpiDoc Guidelines, Schema Version 8.18</p>
   <classDecl>
    <taxonomy>
     <category xml:id='foto1'>
      <catDesc>
       <persName ref='http://d-nb.info/gnd/128472499' role='photographer'>Bert Sommer</persName>
      </catDesc>
     </category>
    </taxonomy>
   </classDecl>
   <geoDecl xml:id="WGS" datum="WGS84">World Geodetic System</geoDecl>
  </encodingDesc>
  <profileDesc>
   <particDesc>
    <listPerson>
     <person xml:id="ffh-221-1" sex='1'>
      <persName>Josef ben Awraham</persName>
       <event when='1623-07-21' type="dateofdeath">
       <desc/>
      </event>
     </person>
    </listPerson>
   </particDesc>
    <langUsage>
    <!-- According to bcp47 http://tools.ietf.org/html/bcp47 (Language) and ISO15924 (writing System)-->
    <language ident='he' usage='100'>Hebrew</language>
   </langUsage>
  </profileDesc>
   <revisionDesc>
   <change/>
  </revisionDesc>
 </teiHeader>
 <facsimile>
  <graphic url='http://steinheim-institut.de/daten/picsffh/xl/Hedd221-2.png'>
    <desc>
    <ref target='#foto1'/>
    recto
   </desc>
  </graphic>
  <graphic url='http://steinheim-institut.de/daten/picsffh/xl/Hedd221.png'>
    <desc>
    <ref target='#foto1'/>
    recto
   </desc>
  </graphic>
 </facsimile>
 <text>
  <body>
   <div type='edition'>
    <head>Edition</head>
     <ab>
     <lb n='1'/>
     ‎‏... [‎‏הרב כ׳]‏‎
‏‎     <lb n='2'/>
     ‎‏...‎‏ים ׃ עדות ביוסף‏‎
‏‎     <lb n='3'/>
     ‎‏...[‎‏ל]ע יוסף למלאכי‏‎
‏‎     <lb n='4'/>
     ‎‏מעלה נתוסף ׃ בא במים‏‎
‏‎     <lb n='5'/>
     ‎‏אין סוף כמ״ר יוסף ב״ר‏‎
‏‎     <lb n='6'/>
     ‎‏אברהם נטבע יום ו׳ כ״ג‏‎
‏‎     <lb n='7'/>
     ‎‏תמו[ז] שפ״ג נקבר יום א׳‏‎
‏‎     <lb n='8'/>
     ‎‏[‎‏־־־]‏‎
‏‎    </ab>
   </div>
   <div type='translation'>
    <head>Übersetzung</head>
     <ab>
     <lb n='1'/>
     ... der Meister, der geehrte
     <lb n='2'/>
     ... ihr Zeugnis... 
     <lb n='3'/>
     ... Josef wurde den Engeln
     <lb n='4'/>
     der Höhe hinzugefügt, er kam in
     <lb n='5'/>
     unendliches Wasser, der geehrte Herr Josef, Sohn des Herrn
     <lb n='6'/>
     Awraham, er ertrank Tag 6, 23.
     <lb n='7'/>
     Tammus 383 und wurde begraben Tag 1
     <lb n='8'/>
     [---]
    </ab>
   </div>
   <div type="commentary" subtype="Zeilenkommentar">
    <head>Zeilenkommentar</head>
    <p>Zln 3-5: Wortspiele mit dem Namen Josef: ‎‏נתוסף‏‎und ‎‏אין סוף‏‎.</p>
   </div>
   <div type="commentary" subtype="Prosopographie">
    <head>Prosopographie</head>
   </div>
   <div type="bibliography">
    <head>Bibliographie</head>
    <p>to be done ...</p>
   </div>
  </body>
 </text>
</TEI>
