﻿<?xml version="1.0" encoding="UTF-8"?>
<?xml-model href="http://www.stoa.org/epidoc/schema/8.18/tei-epidoc.rng" schematypens="http://relaxng.org/ns/structure/1.0"?>
<TEI xmlns:xi="http://www.w3.org/2001/XInclude" xmlns:svg="http://www.w3.org/2000/svg" xmlns:math="http://www.w3.org/1998/Math/MathML" xmlns="http://www.tei-c.org/ns/1.0">
 <teiHeader>
  <fileDesc>
   <titleStmt>
    <title xml:lang='de'>Grabmal für Rös'che bat Zwi Hakohen (Rosa Schüler), gest. 1833-04-10, Jüdischer Friedhof Geseke</title>
    <respStmt xml:lang="de">
     <resp>herausgegeben vom</resp>
     <orgName ref="http://d-nb.info/gnd/212562-6">
      Salomon Ludwig Steinheim-Institut
      <address>
       <addrLine>Edmund-Körner-Platz 2</addrLine>
       <addrLine>D-45127 Essen</addrLine>
      </address>
     </orgName>
    </respStmt>
   </titleStmt>
    <editionStmt>
    <edition/>
   </editionStmt>
   <extent/>
   <publicationStmt>
    <publisher>
     <orgName ref="http://d-nb.info/gnd/212562-6">
      Salomon Ludwig Steinheim-Institut 
      <address>
       <addrLine>Edmund-Körner-Platz 2</addrLine>
       <addrLine>D-45127 Essen</addrLine>
      </address>
     </orgName>
    </publisher>
    <idno>gsk-7</idno>
    <idno type="url">http://www.steinheim-institut.de/cgi-bin/epidat?id=gsk-7</idno>
    <availability xml:lang="en" status="free">
     <licence>
      <ref target="http://creativecommons.org/licenses/by/4.0/">Distributed under a Creative Commons licence Attribution-BY 4.0</ref>
      <p>
       All reuse or distribution of this work must contain somewhere a link back to the URL 
       <ref>http://www.steinheim-institut.de/cgi-bin/epidat?id=gsk-7</ref>
      </p>
     </licence>
    </availability>
   </publicationStmt>
    <notesStmt>
    <note/>
   </notesStmt>
   <sourceDesc>
    <bibl>born digital</bibl>
     <msDesc>
     <msIdentifier/>
     <physDesc>
      <objectDesc>
       <supportDesc>
        <support>
         <p>
          <material>Stein</material>
          Grabstein mit geradem Abschluß, das vertiefte Schriftfeld ist von einem mit einem Rundbogen schließenden Rahmen umgeben. Die Schrift wird in jeder Zeile kleiner, nur die Einleitungsformel und der Schlußsegen sind durch größere Buchstaben hervorgehoben.
         </p>
        </support>
        <condition>
         <p> Das Grabmal war beschädigt und wurde restauriert.</p>
        </condition>
       </supportDesc>
        <layoutDesc>
        <layout/>
       </layoutDesc>
      </objectDesc>
     </physDesc>
     <history>
      <origin>
       <date notBefore='1833-04-10'>1833-04-10</date>
       <country type="ISO_3166" key="XA-DE-NW">
        Germany
        <region>North Rhine-Westphalia</region>
       </country>
       <settlement type='city' key='tgn:7012478'>
        Geseke 
        <geogName>
         Jüdischer Friedhof
         <geo decls="#WGS">51.645134 8.505151</geo>
        </geogName>
       </settlement>
      </origin>
     </history>
    </msDesc>
   </sourceDesc>
  </fileDesc>
  <encodingDesc>
   <p>Encoded according to the EpiDoc Guidelines, Schema Version 8.18</p>
   <classDecl>
    <taxonomy>
     <category xml:id='foto1'>
      <catDesc>Arbeitskreis "Jüdische Familien in Geseke"</catDesc>
     </category>
    </taxonomy>
   </classDecl>
   <geoDecl xml:id="WGS" datum="WGS84">World Geodetic System</geoDecl>
  </encodingDesc>
  <profileDesc>
   <particDesc>
    <listPerson>
     <person xml:id="gsk-7-1" sex='2'>
      <persName>Rös'che bat Zwi Hakohen (Rosa Schüler)</persName>
       <event when='1833-04-10' type="dateofdeath">
       <desc/>
      </event>
     </person>
    </listPerson>
   </particDesc>
    <langUsage>
    <!-- According to bcp47 http://tools.ietf.org/html/bcp47 (Language) and ISO15924 (writing System)-->
    <language ident='he' usage='67'>Hebrew</language>
    <language ident='de' usage='32'>German</language>
   </langUsage>
  </profileDesc>
   <revisionDesc>
   <change/>
  </revisionDesc>
 </teiHeader>
 <facsimile>
  <graphic url='http://steinheim-institut.de/daten/picsgsk/xl/0007_gsk_1997.png'>
    <desc>
    <ref target='#foto1'/>
    recto
   </desc>
  </graphic>
  <graphic url='http://steinheim-institut.de/daten/picsgsk/xl/0007rgsk_1997.png'>
    <desc>
    <ref target='#foto1'/>
    verso
   </desc>
  </graphic>
 </facsimile>
 <text>
  <body>
   <div type='edition'>
    <head>Edition</head>
    <div type='textpart' subtype='recto'>
      <ab>
      <lb n='1'/>
      ‎‏פ״נ‏‎
‏‎      <lb n='2'/>
      ‎‏האשה היקרה‏‎
‏‎      <lb n='3'/>
      ‎‏והנכבדת האם‏‎
‏‎      <lb n='4'/>
      ‎‏לאביונים ויראת‏‎
‏‎      <lb n='5'/>
      ‎‏אלהים היתה כל‏‎
‏‎      <lb n='6'/>
      ‎‏ימיה ריסכה בת מ׳‏‎
‏‎      <lb n='7'/>
      ‎‏הרב צבי הכהן זצ״ל‏‎
‏‎      <lb n='8'/>
      ‎‏מתה שביעי של פסח‏‎
‏‎      <lb n='9'/>
      ‎‏תנצב״ה‏‎
‏‎     </ab>
    </div>
    <div type='textpart' subtype='verso'>
      <ab>
      <lb n='10'/>
      Hier ruht
      <lb n='11'/>
      Rosa Schüler
      <lb n='12'/>
      geb. 1790, gst. 1833
      <lb n='13'/>
      Friede ihrer
      <lb n='14'/>
      Asche
     </ab>
    </div>
   </div>
   <div type='translation'>
    <head>Übersetzung</head>
    <div type='textpart' subtype='recto'>
      <ab>
      <lb n='1'/>
      Hier ist begraben
      <lb n='2'/>
      die teure und verehrte
      <lb n='3'/>
      Frau, die Mutter den
      <lb n='4'/>
      Bedürftigen und gottes-
      <lb n='5'/>
      fürchtig war sie all
      <lb n='6'/>
      ihre Tage, Rös'che, Tochter unseres Lehrers,
      <lb n='7'/>
      des Rabbiners Zwi Hakohen, ›das Andenken des Gerechten zum Segen‹,
      <lb n='8'/>
      gestorben am siebten (Tag) von Pessach.
      <lb n='9'/>
      Ihre Seele sei eingebunden in das Bündel des Lebens
     </ab>
    </div>
    <div type='textpart' subtype='verso'>
     <ab></ab>
    </div>
   </div>
   <div type="commentary" subtype="Zitate">
    <head>Zitate</head>
    <p>Zl 7: Spr 10,7</p>
   </div>
   <div type="commentary" subtype="Zeilenkommentar">
    <head>Zeilenkommentar</head>
    <p>Zln 3-4: Angelehnt an Ijob 29,16.</p>
   </div>
   <div type="commentary" subtype="Endkommentar">
    <head>Endkommentar</head>
    <p>Dieses Grabmal stammt vom 1880 geschlossenen Vorgängerfriedhof am Steintor ("Judenhagen").</p>
    <p>Die hebräische Inschrift verzichtet auf die Angabe des Sterbejahres, die deutsche dagegen gibt nur Geburts- und Sterbejahr an und verzichtet auf genaue Daten. Laut Sterberegister starb Rosa am 14. März 1833.</p>
   </div>
   <div type="commentary" subtype="Prosopographie">
    <head>Prosopographie</head>
    <p>
     Rosa wurde, entgegen der Angabe auf ihrem Grabstein, im Jahr 1793 geboren. Verheiratet war sie mit dem Kaufmann Moses Schüler, dem sie elf Kinder gebar: Emanuel (1811-1881), Simon (geb. 1818), Fanni (geb. 1820), Levi (1821-1841), Lena (geb. 1823), Aron (1825-1897), Israel (geb. 1827), die Zwillingen Samuel (1829-30) und Nettchen (1829-30), Baruch (geb. 1830) und Regina (1833-1907). Nach ihrem frühen Tod heiratete Moses Schüler Rosas jüngere Schwester Nettchen, die acht weitere Kinder zur Welt brachte: Rosa (geb. 1834), Heinrich (geb. 1836), Mina (geb-/gest. 1839), Elise (geb. 1840), Albert (geb. 1843), Alexander (geb. 1845), Max (geb. 1849) und Emier (1851-54). Das Ehepaar zog zu seinem Schwiegersohn, dem Gründer der Frankfurter Zeitung und Reichstagsabgeordneten 
     <ref target="http://www.steinheim-institut.de/edocs/kalonymos/kalonymos_2009_3.pdf#page=1">Leopold Sonnemann</ref>
     , und liegt auf dem Friedhof in der Rat-Beil-Straße in Frankfurt begraben. Rosa Schüler war Großmutter der Dichterin Else Lasker-Schüler.
    </p>
   </div>
   <div type="bibliography">
    <head>Bibliographie</head>
    <p>to be done ...</p>
   </div>
  </body>
 </text>
</TEI>
