﻿<?xml version="1.0" encoding="UTF-8"?>
<?xml-model href="http://www.stoa.org/epidoc/schema/8.18/tei-epidoc.rng" schematypens="http://relaxng.org/ns/structure/1.0"?>
<TEI xmlns:xi="http://www.w3.org/2001/XInclude" xmlns:svg="http://www.w3.org/2000/svg" xmlns:math="http://www.w3.org/1998/Math/MathML" xmlns="http://www.tei-c.org/ns/1.0">
 <teiHeader>
  <fileDesc>
   <titleStmt>
    <title xml:lang='de'>Grabmal für Issachar Berman ben Lima SeGaL [(Behrend Lehmann)], gest. 1730-07-09, Jüdischer Friedhof Halberstadt: Im Roten Strumpf</title>
    <respStmt xml:lang="de">
     <resp>herausgegeben vom</resp>
     <orgName ref="http://d-nb.info/gnd/212562-6">
      Salomon Ludwig Steinheim-Institut
      <address>
       <addrLine>Edmund-Körner-Platz 2</addrLine>
       <addrLine>D-45127 Essen</addrLine>
      </address>
     </orgName>
    </respStmt>
   </titleStmt>
    <editionStmt>
    <edition/>
   </editionStmt>
   <extent/>
   <publicationStmt>
    <publisher>
     <orgName ref="http://d-nb.info/gnd/212562-6">
      Salomon Ludwig Steinheim-Institut 
      <address>
       <addrLine>Edmund-Körner-Platz 2</addrLine>
       <addrLine>D-45127 Essen</addrLine>
      </address>
     </orgName>
    </publisher>
    <idno>hbs-1</idno>
    <idno type="url">http://www.steinheim-institut.de/cgi-bin/epidat?id=hbs-1</idno>
    <availability xml:lang="en" status="free">
     <licence>
      <ref target="http://creativecommons.org/licenses/by/4.0/">Distributed under a Creative Commons licence Attribution-BY 4.0</ref>
      <p>
       All reuse or distribution of this work must contain somewhere a link back to the URL 
       <ref>http://www.steinheim-institut.de/cgi-bin/epidat?id=hbs-1</ref>
      </p>
     </licence>
    </availability>
   </publicationStmt>
    <notesStmt>
    <note/>
   </notesStmt>
   <sourceDesc>
    <bibl>born digital</bibl>
     <msDesc>
     <msIdentifier/>
     <physDesc>
      <objectDesc>
       <supportDesc>
        <support>
         <p>
          <material>Stein</material>
         </p>
        </support>
       </supportDesc>
        <layoutDesc>
        <layout/>
       </layoutDesc>
      </objectDesc>
     </physDesc>
     <history>
      <origin>
       <date notBefore='1730-07-09'>1730-07-09</date>
       <country type="ISO_3166" key="XA-DE-ST">
        Germany
        <region>Saxony-Anhalt</region>
       </country>
       <settlement type='city' key='tgn:7012317'>
        Halberstadt: Im Roten Strumpf 
        <geogName>
         Jüdischer Friedhof
         <geo decls="#WGS">51.905083 11.047165</geo>
        </geogName>
       </settlement>
      </origin>
     </history>
    </msDesc>
   </sourceDesc>
  </fileDesc>
  <encodingDesc>
   <p>Encoded according to the EpiDoc Guidelines, Schema Version 8.18</p>
   <geoDecl xml:id="WGS" datum="WGS84">World Geodetic System</geoDecl>
  </encodingDesc>
  <profileDesc>
   <particDesc>
    <listPerson>
     <person xml:id="hbs-1-1" sex='1'>
      <persName>Issachar Berman ben Lima SeGaL [(Behrend Lehmann)]</persName>
       <event when='1730-07-09' type="dateofdeath">
       <desc/>
      </event>
     </person>
    </listPerson>
   </particDesc>
    <langUsage>
    <!-- According to bcp47 http://tools.ietf.org/html/bcp47 (Language) and ISO15924 (writing System)-->
    <language ident='he' usage='100'>Hebrew</language>
   </langUsage>
  </profileDesc>
   <revisionDesc>
   <change/>
  </revisionDesc>
 </teiHeader>
 <facsimile></facsimile>
 <text>
  <body>
   <div type='edition'>
    <head>Edition</head>
     <ab>
     <lb n='1'/>
     ‎‏חבל על האי שופרא דבלע בעפר׳ א׳ כ״ד תמוז‏‎
‏‎     <lb n='2'/>
     ‎‏ת״צ‏‎
‏‎     <lb n='3'/>
     ‎‏פ״ט אדם גדול ה״ה פ״ו מאנשי‏‎
‏‎     <lb n='4'/>
     ‎‏השם שר גדול המפורסם נשיא הלווי׳ יששכר‏‎
‏‎     <lb n='5'/>
     ‎‏גבר׳ ברקאי האיר פני המזרח כ״ה יששכר‏‎
‏‎     <lb n='6'/>
     ‎‏בערמן ב״ה לימא סג״ל צדקה אשר עשה‏‎
‏‎     <lb n='7'/>
     ‎‏על המצבה א״א לחציבה יש שכר לפעלת׳‏‎
‏‎     <lb n='8'/>
     ‎‏הגדיל כפליי׳ לתושי׳ נעץ קנה בים התלמוד‏‎
‏‎     <lb n='9'/>
     ‎‏להדפיסו היזל זהב מכיסו תלמוד גדול‏‎
‏‎     <lb n='10'/>
     ‎‏שמביא למגליא לדרעי׳ ונפל נהורא‏‎
‏‎     <lb n='11'/>
     ‎‏בבה״מ ובבה״כ תל תלפיות שהכל פונים‏‎
‏‎     <lb n='12'/>
     ‎‏בו הקים לשמור עץ חיים למחזיקים‏‎
‏‎     <lb n='13'/>
     ‎‏גודרם ולצות ישראל בחר בה עסקים‏‎
‏‎     <lb n='14'/>
     ‎‏בזכות זה תנצב״ה ולחזות בנועם ה׳‏‎
‏‎    </ab>
   </div>
   <div type='translation'>
    <head>Übersetzung</head>
     <ab>
     <lb n='1'/>
     ›Wehe über diese Schönheit, die verschlungen ist im Staube‹ (am Tag) 1, 24. Tammus
     <lb n='2'/>
     490
     <lb n='3'/>
     Hier ist geborgen ein bedeutender Mann, es ist der Vorsteher und Leiter, ›ein Namhafter‹ ,
     <lb n='4'/>
     ein großer Fürst, der Weitbekannte, Patriarch der Leviten, Issachar,
     <lb n='5'/>
     ein glänzender Mann, ›der den Osten erleuchtete‹ , der geehrte Herr Issachar
     <lb n='6'/>
     Berman, Sohn des Herrn Lima SeGaL 
     <supplied reason='subaudible'>(Behrend Lehmann)</supplied>
     . Die Wohltat(en), die er erwies,
     <lb n='7'/>
     lassen sich auf dem Grabmal nicht einmeißeln, ›(doch) es gibt Lohn für sein Wirken‹ ,
     <lb n='8'/>
     (denn) ›doppelt groß ist seine Tat‹ , ›er wirbelte mit einem Rohr im Meer des Talmuds‹,
     <lb n='9'/>
     Geld ließ er fließen aus seinem Beutel, um ihn zu drucken, den großen Talmud,
     <lb n='10'/>
      ›er entblöste seinen Arm, da ward Licht‹
     <lb n='11'/>
     im Lehrhaus und in der Synagoge, ›(in) der hochgebauten Burg‹ , der sich alle zuwenden,
     <lb n='12'/>
     (und) die er dort errichtet hatte, um zu bewahren ›den Baum des Lebens für die, die daran festhalten‹ ,
     <lb n='13'/>
     die umzäunte er und schrieb Israel vor, sich mit ihr (der Lehre) zu befassen;
     <lb n='14'/>
     zum Verdienst dessen sei seine Seele eingebunden in das Bündel des Lebens und ›schauen möge er die Anmut des Ewigen‹ 
    </ab>
   </div>
   <div type="commentary" subtype="Zitate">
    <head>Zitate</head>
    <p>Zl 1: bBer 5b</p>
    <p>Zl 3: Gen 6,4</p>
    <p>Zl 5: bJom 28a</p>
    <p>Zl 7: Jer 31,15</p>
    <p>Zl 8: Jer 28,29 und Ijob 11,6 | Zl 8: bShab 56b</p>
    <p>Zl 10: bBer 5b</p>
    <p>Zl 11: nach Hld 4,4</p>
    <p>Zl 12: Spr 3,18</p>
    <p>Zl 14: Ps 27,4</p>
   </div>
   <div type="commentary" subtype="Prosopographie">
    <head>Prosopographie</head>
   </div>
   <div type="bibliography">
    <head>Bibliographie</head>
    <p>to be done ...</p>
   </div>
  </body>
 </text>
</TEI>
