﻿<?xml version="1.0" encoding="UTF-8"?>
<?xml-model href="http://www.stoa.org/epidoc/schema/8.18/tei-epidoc.rng" schematypens="http://relaxng.org/ns/structure/1.0"?>
<TEI xmlns:xi="http://www.w3.org/2001/XInclude" xmlns:svg="http://www.w3.org/2000/svg" xmlns:math="http://www.w3.org/1998/Math/MathML" xmlns="http://www.tei-c.org/ns/1.0">
 <teiHeader>
  <fileDesc>
   <titleStmt>
    <title xml:lang='de'>Grabmal für Knabe ben Jaakow ben Aharon Hakohen, gest. 1889-09-24, Jüdischer Friedhof Heidesheim am Rhein</title>
    <respStmt xml:lang="de">
     <resp>herausgegeben vom</resp>
     <orgName ref="http://d-nb.info/gnd/212562-6">
      Salomon Ludwig Steinheim-Institut
      <address>
       <addrLine>Edmund-Körner-Platz 2</addrLine>
       <addrLine>D-45127 Essen</addrLine>
      </address>
     </orgName>
    </respStmt>
   </titleStmt>
    <editionStmt>
    <edition/>
   </editionStmt>
   <extent/>
   <publicationStmt>
    <publisher>
     <orgName ref="http://d-nb.info/gnd/212562-6">
      Salomon Ludwig Steinheim-Institut 
      <address>
       <addrLine>Edmund-Körner-Platz 2</addrLine>
       <addrLine>D-45127 Essen</addrLine>
      </address>
     </orgName>
    </publisher>
    <idno>hdh-7</idno>
    <idno type="url">http://www.steinheim-institut.de/cgi-bin/epidat?id=hdh-7</idno>
    <availability xml:lang="en" status="free">
     <licence>
      <ref target="http://creativecommons.org/licenses/by/4.0/">Distributed under a Creative Commons licence Attribution-BY 4.0</ref>
      <p>
       All reuse or distribution of this work must contain somewhere a link back to the URL 
       <ref>http://www.steinheim-institut.de/cgi-bin/epidat?id=hdh-7</ref>
      </p>
     </licence>
    </availability>
   </publicationStmt>
    <notesStmt>
    <note/>
   </notesStmt>
   <sourceDesc>
    <bibl>born digital</bibl>
     <msDesc>
     <msIdentifier/>
     <physDesc>
      <objectDesc>
       <supportDesc>
        <support>
         <p>
          <material>Stein</material>
          Grabmal aus rosa Sandstein in Form einer mit einer Blumengirlande verzierten gebrochenen Säule, ein zu früh beendetes Leben symbolisierend. Das Grabmal steht in einer gemeinsamen Einfassung mit Grabstein Nr. 
          <ref target="http://steinheim-institut.de/cgi-bin/epidat?id=hdh-0008-t">hdh-0008</ref>
          , vermutlich handelt es sich um ein Kind des daneben bestatteten Ehepaares.
         </p>
        </support>
        <condition>
         <p>
           
          <damage agent='Verwitterung'>Leichte Verwitterung. Vermutlich fehlt ein Aufsatz in Form einer (wahrscheinlich deutsch beschrifteten) Schrifttafel mit dem Namen des Kindes.</damage>
         </p>
        </condition>
       </supportDesc>
        <layoutDesc>
        <layout/>
       </layoutDesc>
      </objectDesc>
      <decoDesc>
       <decoNote type='ornament'>floral</decoNote>
      </decoDesc>
     </physDesc>
     <history>
      <origin>
       <date notBefore='1889-09-24'>1889-09-24</date>
       <country type="ISO_3166" key="XA-DE-RP">
        Germany
        <region>Rhineland-Palatinate</region>
       </country>
       <settlement type='city' key='tgn:7165677'>
        Heidesheim am Rhein 
        <geogName>
         Jüdischer Friedhof
         <geo decls="#WGS">49.996564 8.124172</geo>
        </geogName>
       </settlement>
      </origin>
     </history>
    </msDesc>
   </sourceDesc>
  </fileDesc>
  <encodingDesc>
   <p>Encoded according to the EpiDoc Guidelines, Schema Version 8.18</p>
   <classDecl>
    <taxonomy>
     <category xml:id='foto1'>
      <catDesc>Dieter Schaub</catDesc>
     </category>
    </taxonomy>
   </classDecl>
   <geoDecl xml:id="WGS" datum="WGS84">World Geodetic System</geoDecl>
  </encodingDesc>
  <profileDesc>
   <particDesc>
    <listPerson>
     <person xml:id="hdh-7-1" sex='1'>
      <persName>Knabe ben Jaakow ben Aharon Hakohen</persName>
       <event when='1889-09-24' type="dateofdeath">
       <desc/>
      </event>
     </person>
    </listPerson>
   </particDesc>
    <langUsage>
    <!-- According to bcp47 http://tools.ietf.org/html/bcp47 (Language) and ISO15924 (writing System)-->
    <language ident='he' usage='100'>Hebrew</language>
   </langUsage>
  </profileDesc>
   <revisionDesc>
   <change/>
  </revisionDesc>
 </teiHeader>
 <facsimile>
  <graphic url='http://steinheim-institut.de/daten/picshdh/xl/0007_hdh_2010-2.png'>
    <desc>
    <ref target='#foto1'/>
    recto
   </desc>
  </graphic>
  <graphic url='http://steinheim-institut.de/daten/picshdh/xl/0007_hdh_2011.png'>
    <desc>
    <ref target='#foto1'/>
    recto
   </desc>
  </graphic>
  <graphic url='http://steinheim-institut.de/daten/picshdh/xl/0007dhdh_2010.png'>
    <desc>
    <ref target='#foto1'/>
    Detail
   </desc>
  </graphic>
  <graphic url='http://steinheim-institut.de/daten/picshdh/xl/0007dhdh_2011.png'>
    <desc>
    <ref target='#foto1'/>
    Detail
   </desc>
  </graphic>
 </facsimile>
 <text>
  <body>
   <div type='edition'>
    <head>Edition</head>
     <ab>
     <lb n='1'/>
     ‎‏נולד כ״ח סיון תרמ״ד לפ״ק‏‎
‏‎     <lb n='2'/>
     ‎‏נפטר כ״ח אלול תרמ״ט לפ״ק‏‎
‏‎    </ab>
   </div>
   <div type='translation'>
    <head>Übersetzung</head>
     <ab>
     <lb n='1'/>
     <supplied reason='subaudible'>KnabeJaakow ben Aharon Hakohen</supplied>
     Geboren 28. Sivan 644 der kleinen Zählung.
     <lb n='2'/>
     Verschieden 28. Elul 649 der kleinen Zählung.
    </ab>
   </div>
   <div type="commentary" subtype="Endkommentar">
    <head>Endkommentar</head>
    <p>Aufgrund der in der hebräischen Inschrift angegebenen Daten handelt es sich um einen Kindergrabstein.</p>
   </div>
   <div type="commentary" subtype="Prosopographie">
    <head>Prosopographie</head>
   </div>
   <div type="bibliography">
    <head>Bibliographie</head>
    <p>to be done ...</p>
   </div>
  </body>
 </text>
</TEI>
