﻿<?xml version="1.0" encoding="UTF-8"?>
<?xml-model href="http://www.stoa.org/epidoc/schema/8.18/tei-epidoc.rng" schematypens="http://relaxng.org/ns/structure/1.0"?>
<TEI xmlns:xi="http://www.w3.org/2001/XInclude" xmlns:svg="http://www.w3.org/2000/svg" xmlns:math="http://www.w3.org/1998/Math/MathML" xmlns="http://www.tei-c.org/ns/1.0">
 <teiHeader>
  <fileDesc>
   <titleStmt>
    <title xml:lang='de'>Grabmal für Lea ∞ David Sohn des Schlomo Löwensberg (Lea Löwensberg), gest. 1897-01-02, Jüdischer Friedhof Heidesheim am Rhein</title>
    <respStmt xml:lang="de">
     <resp>herausgegeben vom</resp>
     <orgName ref="http://d-nb.info/gnd/212562-6">
      Salomon Ludwig Steinheim-Institut
      <address>
       <addrLine>Edmund-Körner-Platz 2</addrLine>
       <addrLine>D-45127 Essen</addrLine>
      </address>
     </orgName>
    </respStmt>
   </titleStmt>
    <editionStmt>
    <edition/>
   </editionStmt>
   <extent/>
   <publicationStmt>
    <publisher>
     <orgName ref="http://d-nb.info/gnd/212562-6">
      Salomon Ludwig Steinheim-Institut 
      <address>
       <addrLine>Edmund-Körner-Platz 2</addrLine>
       <addrLine>D-45127 Essen</addrLine>
      </address>
     </orgName>
    </publisher>
    <idno>hdh-1</idno>
    <idno type="url">http://www.steinheim-institut.de/cgi-bin/epidat?id=hdh-1</idno>
    <availability xml:lang="en" status="free">
     <licence>
      <ref target="http://creativecommons.org/licenses/by/4.0/">Distributed under a Creative Commons licence Attribution-BY 4.0</ref>
      <p>
       All reuse or distribution of this work must contain somewhere a link back to the URL 
       <ref>http://www.steinheim-institut.de/cgi-bin/epidat?id=hdh-1</ref>
      </p>
     </licence>
    </availability>
   </publicationStmt>
    <notesStmt>
    <note/>
   </notesStmt>
   <sourceDesc>
    <bibl>born digital</bibl>
     <msDesc>
     <msIdentifier/>
     <physDesc>
      <objectDesc>
       <supportDesc>
        <support>
         <p>
          <material>Stein</material>
          Gesockeltes Grabmal aus grauem Sandstein mit Postament mit hebräischer Inschrift und mit einem mit Voluten verzierten und von einer Palmette gekrönten Giebel, im Giebelfeld zwei Rosetten. Das Grab ist eingefasst. Vgl. das fast identisch gestaltete Grabmal des Gatten, Nr. 
          <ref target="http://steinheim-institut.de/cgi-bin/epidat?id=hdh-0001-t">hdh-0001</ref>
          .
         </p>
        </support>
        <condition>
         <p>
           
          <damage agent='Verwitterung'>Das Grabmal weist leichte Verwitterungsspuren auf. Vermutlich fehlt ein Mittelstück mit einer wahrscheinlich deutschen Inschrift.</damage>
         </p>
        </condition>
       </supportDesc>
        <layoutDesc>
        <layout/>
       </layoutDesc>
      </objectDesc>
      <decoDesc>
       <decoNote type='ornament'>floral</decoNote>
      </decoDesc>
     </physDesc>
     <history>
      <origin>
       <date notBefore='1897-01-02'>1897-01-02</date>
       <country type="ISO_3166" key="XA-DE-RP">
        Germany
        <region>Rhineland-Palatinate</region>
       </country>
       <settlement type='city' key='tgn:7165677'>
        Heidesheim am Rhein 
        <geogName>
         Jüdischer Friedhof
         <geo decls="#WGS">49.996564 8.124172</geo>
        </geogName>
       </settlement>
      </origin>
     </history>
    </msDesc>
   </sourceDesc>
  </fileDesc>
  <encodingDesc>
   <p>Encoded according to the EpiDoc Guidelines, Schema Version 8.18</p>
   <classDecl>
    <taxonomy>
     <category xml:id='foto1'>
      <catDesc>Dieter Schaub</catDesc>
     </category>
    </taxonomy>
   </classDecl>
   <geoDecl xml:id="WGS" datum="WGS84">World Geodetic System</geoDecl>
  </encodingDesc>
  <profileDesc>
   <particDesc>
    <listPerson>
     <person xml:id="hdh-1-1" sex='2'>
      <persName>Lea ∞ David Sohn des Schlomo Löwensberg (Lea Löwensberg)</persName>
       <event when='1897-01-02' type="dateofdeath">
       <desc/>
      </event>
     </person>
    </listPerson>
   </particDesc>
    <langUsage>
    <!-- According to bcp47 http://tools.ietf.org/html/bcp47 (Language) and ISO15924 (writing System)-->
    <language ident='he' usage='100'>Hebrew</language>
   </langUsage>
  </profileDesc>
   <revisionDesc>
   <change/>
  </revisionDesc>
 </teiHeader>
 <facsimile>
  <graphic url='http://steinheim-institut.de/daten/picshdh/xl/0001_hdh_2010-2.png'>
    <desc>
    <ref target='#foto1'/>
    recto
   </desc>
  </graphic>
  <graphic url='http://steinheim-institut.de/daten/picshdh/xl/0001_hdh_2010.png'>
    <desc>
    <ref target='#foto1'/>
    recto
   </desc>
  </graphic>
  <graphic url='http://steinheim-institut.de/daten/picshdh/xl/0001dhdh_2010.png'>
    <desc>
    <ref target='#foto1'/>
    Detail
   </desc>
  </graphic>
 </facsimile>
 <text>
  <body>
   <div type='edition'>
    <head>Edition</head>
     <ab>
     <lb n='1'/>
     ‎‏פ״נ‏‎
‏‎     <lb n='2'/>
     ‎‏אשת חיל התמימה והישרה הצנועה‏‎
‏‎     <lb n='3'/>
     ‎‏והחסידה היקרה. שמה משובח בפי‏‎
‏‎     <lb n='4'/>
     ‎‏כל מכיריה, צדקה וחסד עשתה כל‏‎
‏‎     <lb n='5'/>
     ‎‏ימיה. ה״ה מרת לאה אלמנת כ׳ דוד בר‏‎
‏‎     <lb n='6'/>
     ‎‏שלמה לאווענזבערג מתה ביום ש״ק‏‎
‏‎     <lb n='7'/>
     ‎‏כ״ח טבת תרנ״ז לפ״ק תנצב״ה‏‎
‏‎    </ab>
   </div>
   <div type='translation'>
    <head>Übersetzung</head>
     <ab>
     <lb n='1'/>
     Hier ist begraben
     <lb n='2'/>
     ›die tüchtige Gattin‹, die Lautere und die Aufrechte, die Züchtige
     <lb n='3'/>
     und die Fromme, die Teure. Ihr Name wurde gepriesen
     <lb n='4'/>
     von all ihren Bekannten, Gerechigkeit und Liebeswerk führte sie aus all
     <lb n='5'/>
     ihre Tage. Es ist Frau Lea, Witwe des geehrten David, Sohn des
     <lb n='6'/>
     Schlomo Löwensberg, gestorben am Tage des heiligen Schabbat,
     <lb n='7'/>
     28. Tewet 657 der kleinen Zählung. 
     <supplied reason='subaudible'>Lea Löwensberg</supplied>
     Ihre Seele sei eingebunden in das Bündel des Lebens
    </ab>
   </div>
   <div type="commentary" subtype="Zitate">
    <head>Zitate</head>
    <p>Zl 2: Spr 31,10</p>
   </div>
   <div type="commentary" subtype="Prosopographie">
    <head>Prosopographie</head>
    <p>Der 1863 in Heidesheim geborene Emil Löwensberg, der im August 1942 von Stuttgart nach Theresienstadt deportiert und ermordet wurde, war vermutlich ein Sohn von David und Lea Löwensberg.</p>
   </div>
   <div type="bibliography">
    <head>Bibliographie</head>
    <p>to be done ...</p>
   </div>
  </body>
 </text>
</TEI>
