﻿<?xml version="1.0" encoding="UTF-8"?>
<?xml-model href="http://www.stoa.org/epidoc/schema/8.18/tei-epidoc.rng" schematypens="http://relaxng.org/ns/structure/1.0"?>
<TEI xmlns:xi="http://www.w3.org/2001/XInclude" xmlns:svg="http://www.w3.org/2000/svg" xmlns:math="http://www.w3.org/1998/Math/MathML" xmlns="http://www.tei-c.org/ns/1.0">
 <teiHeader>
  <fileDesc>
   <titleStmt>
    <title xml:lang='de'>Grabmal für Bella bat Baruch Hakohen (Bertha? Cohn), gest. 1886-06-23, Jüdischer Friedhof Hennef</title>
    <respStmt xml:lang="de">
     <resp>herausgegeben vom</resp>
     <orgName ref="http://d-nb.info/gnd/212562-6">
      Salomon Ludwig Steinheim-Institut
      <address>
       <addrLine>Edmund-Körner-Platz 2</addrLine>
       <addrLine>D-45127 Essen</addrLine>
      </address>
     </orgName>
    </respStmt>
   </titleStmt>
    <editionStmt>
    <edition/>
   </editionStmt>
   <extent/>
   <publicationStmt>
    <publisher>
     <orgName ref="http://d-nb.info/gnd/212562-6">
      Salomon Ludwig Steinheim-Institut 
      <address>
       <addrLine>Edmund-Körner-Platz 2</addrLine>
       <addrLine>D-45127 Essen</addrLine>
      </address>
     </orgName>
    </publisher>
    <idno>hen-1</idno>
    <idno type="url">http://www.steinheim-institut.de/cgi-bin/epidat?id=hen-1</idno>
    <availability xml:lang="en" status="free">
     <licence>
      <ref target="http://creativecommons.org/licenses/by/4.0/">Distributed under a Creative Commons licence Attribution-BY 4.0</ref>
      <p>
       All reuse or distribution of this work must contain somewhere a link back to the URL 
       <ref>http://www.steinheim-institut.de/cgi-bin/epidat?id=hen-1</ref>
      </p>
     </licence>
    </availability>
   </publicationStmt>
    <notesStmt>
    <note/>
   </notesStmt>
   <sourceDesc>
    <bibl>born digital</bibl>
     <msDesc>
     <msIdentifier/>
     <physDesc>
      <objectDesc>
       <supportDesc>
        <support>
         <p>
          <material>Sandstein</material>
          <dimensions>
           <dim>H: 100 B: 57 T: 17; Sockel: H: 45 B: 67 T: 24</dim>
          </dimensions>
          Gesockelte Stele mit eingezogenen leicht vorkragenden Rundbogenabschluß. Das vertiefte Schriftfeld ist von einem gekehlten Rahmen umgeben. Die hebräische Inschrift ist rechtsbündig gesetzt, nur Einleitungs- und Schlußformel sowie die Zeile mit dem Sterbejahr sind zentriert.
         </p>
        </support>
        <condition>
         <p>
           
          <damage agent='Verwitterung'>Das Schriftfeld ist deutlich verwittert, insbesondere ist im Bereich der deutschen Inschrift Textverlust zu beklagen.</damage>
         </p>
        </condition>
       </supportDesc>
        <layoutDesc>
        <layout/>
       </layoutDesc>
      </objectDesc>
     </physDesc>
     <history>
      <origin>
       <date notBefore='1886-06-23'>1886-06-23</date>
       <country type="ISO_3166" key="XA-DE-NW">
        Germany
        <region>North Rhine-Westphalia</region>
       </country>
       <settlement type='city' key='tgn:1039545'>
        Hennef 
        <geogName>
         Jüdischer Friedhof
         <geo decls="#WGS">50.768785 7.267189</geo>
        </geogName>
       </settlement>
      </origin>
     </history>
    </msDesc>
   </sourceDesc>
  </fileDesc>
  <encodingDesc>
   <p>Encoded according to the EpiDoc Guidelines, Schema Version 8.18</p>
   <geoDecl xml:id="WGS" datum="WGS84">World Geodetic System</geoDecl>
  </encodingDesc>
  <profileDesc>
   <particDesc>
    <listPerson>
     <person xml:id="hen-1-1" sex='2'>
      <persName>Bella bat Baruch Hakohen (Bertha? Cohn)</persName>
       <event when='1886-06-23' type="dateofdeath">
       <desc/>
      </event>
     </person>
    </listPerson>
   </particDesc>
    <langUsage>
    <!-- According to bcp47 http://tools.ietf.org/html/bcp47 (Language) and ISO15924 (writing System)-->
    <language ident='he' usage='72'>Hebrew</language>
    <language ident='de' usage='27'>German</language>
   </langUsage>
  </profileDesc>
   <revisionDesc>
   <change/>
  </revisionDesc>
 </teiHeader>
 <facsimile></facsimile>
 <text>
  <body>
   <div type='edition'>
    <head>Edition</head>
     <ab>
     <lb n='1'/>
     ‎‏פ״נ‏‎
‏‎     <lb n='2'/>
     ‎‏נערה בתולה בילה בת‏‎
‏‎     <lb n='3'/>
     ‎‏רבי ברוך הכהן הלכה‏‎
‏‎     <lb n='4'/>
     ‎‏לעולמה ביום ד׳ כ׳ סיון‏‎
‏‎     <lb n='5'/>
     ‎‏תרמ״ו לפ״ק‏‎
‏‎     <lb n='6'/>
     ‎‏תנו לה מפרי ידיה‏‎
‏‎     <lb n='7'/>
     ‎‏ויהללוה בשערים מעשיה‏‎
‏‎     <lb n='8'/>
     ‎‏תנצב״ה‏‎
‏‎     <lb n='9'/>
     Hier ruht Bertha? Cohn
     <lb n='10'/>
     geboren [...] Februar [...]
     <lb n='11'/>
     [...]
    </ab>
   </div>
   <div type='translation'>
    <head>Übersetzung</head>
     <ab>
     <lb n='1'/>
     Hier ist begraben
     <lb n='2'/>
     ein Mädchen, eine Jungfrau, Bella, Tochter des
     <lb n='3'/>
     Herrn Baruch Hakohen, ›sie ging hin
     <lb n='4'/>
      in ihre Welt‹ am Tag 4, 20. Sivan
     <lb n='5'/>
     646 der kleinen Zählung.
     <lb n='6'/>
     ›Man gebe ihr von der Frucht ihrer Hände ,
     <lb n='7'/>
     und es rühmen sie in den Toren ihre Werke‹ 
     <lb n='8'/>
     Ihre Seele sei eingebunden in das Bündel des Lebens
    </ab>
   </div>
   <div type="commentary" subtype="Zitate">
    <head>Zitate</head>
    <p>Zl 3f: Koh 12,5</p>
    <p>Zl 6f: Spr 31,31</p>
   </div>
   <div type="commentary" subtype="Endkommentar">
    <head>Endkommentar</head>
    <p>Die Lesung des Datums 20. Sivan (5)686 ist nicht ganz sicher. Möglich wäre auch 2. Sivan (5)687 zu lesen, das Mittwoch, dem 25.5.1887 entspräche.</p>
   </div>
   <div type="commentary" subtype="Prosopographie">
    <head>Prosopographie</head>
    <p>Bella, Tochter von Baruch Hakohen, auch Bertha? Cohn, starb vermutlich in Oberpleis und wurde vielleicht in Hennef begraben worden, weil ihr Bruder Emanuel dort lebte. Ihre Mutter Rosetta erhielt 1846 in Oberpleis des festen Familiennamen David, den ihre Mutter Judula Marx angenommen hatte.</p>
   </div>
   <div type="bibliography">
    <head>Bibliographie</head>
    <p>to be done ...</p>
   </div>
  </body>
 </text>
</TEI>
