﻿<?xml version="1.0" encoding="UTF-8"?>
<?xml-model href="http://www.stoa.org/epidoc/schema/8.18/tei-epidoc.rng" schematypens="http://relaxng.org/ns/structure/1.0"?>
<TEI xmlns:xi="http://www.w3.org/2001/XInclude" xmlns:svg="http://www.w3.org/2000/svg" xmlns:math="http://www.w3.org/1998/Math/MathML" xmlns="http://www.tei-c.org/ns/1.0">
 <teiHeader>
  <fileDesc>
   <titleStmt>
    <title xml:lang='de'>Grabmal für Mosche ben Schmuel, gest. 1805-10, Jüdischer Friedhof Haigerloch</title>
    <respStmt xml:lang="de">
     <resp>herausgegeben vom</resp>
     <orgName ref="http://d-nb.info/gnd/212562-6">
      Salomon Ludwig Steinheim-Institut
      <address>
       <addrLine>Edmund-Körner-Platz 2</addrLine>
       <addrLine>D-45127 Essen</addrLine>
      </address>
     </orgName>
    </respStmt>
   </titleStmt>
    <editionStmt>
    <edition/>
   </editionStmt>
   <extent/>
   <publicationStmt>
    <publisher>
     <orgName ref="http://d-nb.info/gnd/212562-6">
      Salomon Ludwig Steinheim-Institut 
      <address>
       <addrLine>Edmund-Körner-Platz 2</addrLine>
       <addrLine>D-45127 Essen</addrLine>
      </address>
     </orgName>
    </publisher>
    <idno>hgl-451</idno>
    <idno type="url">http://www.steinheim-institut.de/cgi-bin/epidat?id=hgl-451</idno>
    <availability xml:lang="en" status="free">
     <licence>
      <ref target="http://creativecommons.org/licenses/by/4.0/">Distributed under a Creative Commons licence Attribution-BY 4.0</ref>
      <p>
       All reuse or distribution of this work must contain somewhere a link back to the URL 
       <ref>http://www.steinheim-institut.de/cgi-bin/epidat?id=hgl-451</ref>
      </p>
     </licence>
    </availability>
   </publicationStmt>
    <notesStmt>
    <note/>
   </notesStmt>
   <sourceDesc>
    <bibl>born digital</bibl>
     <msDesc>
     <msIdentifier/>
     <physDesc>
      <objectDesc>
       <supportDesc>
        <support>
         <p>
          <material>Stein</material>
          <dimensions>
           <dim>(H/B/T) 62/61/9</dim>
          </dimensions>
         </p>
        </support>
       </supportDesc>
        <layoutDesc>
        <layout/>
       </layoutDesc>
      </objectDesc>
     </physDesc>
     <history>
      <origin>
       <date notBefore='1805-10'>1805-10</date>
       <country type="ISO_3166" key="XA-DE-BW">
        Germany
        <region>Baden-Württemberg</region>
       </country>
       <settlement type='city' key='tgn:1039436'>
        Haigerloch 
        <geogName>
         Jüdischer Friedhof
         <geo decls="#WGS">48.36392 8.807413</geo>
        </geogName>
       </settlement>
      </origin>
     </history>
    </msDesc>
   </sourceDesc>
  </fileDesc>
  <encodingDesc>
   <p>Encoded according to the EpiDoc Guidelines, Schema Version 8.18</p>
   <classDecl>
    <taxonomy>
     <category xml:id='foto1'>
      <catDesc>Marek Leszczynski, Hechingen</catDesc>
     </category>
     <category xml:id='foto2'>
      <catDesc>Zentralarchiv Heidelberg</catDesc>
     </category>
     <category xml:id='foto3'>
      <catDesc>R. Klotz</catDesc>
     </category>
    </taxonomy>
   </classDecl>
   <geoDecl xml:id="WGS" datum="WGS84">World Geodetic System</geoDecl>
  </encodingDesc>
  <profileDesc>
   <particDesc>
    <listPerson>
     <person xml:id="hgl-451-1" sex='1'>
      <persName>Mosche ben Schmuel</persName>
       <event when='1805-10' type="dateofdeath">
       <desc/>
      </event>
     </person>
    </listPerson>
   </particDesc>
    <langUsage>
    <!-- According to bcp47 http://tools.ietf.org/html/bcp47 (Language) and ISO15924 (writing System)-->
    <language ident='he' usage='100'>Hebrew</language>
   </langUsage>
  </profileDesc>
   <revisionDesc>
   <change/>
  </revisionDesc>
 </teiHeader>
 <facsimile>
  <graphic url='http://steinheim-institut.de/daten/picshgl/xl/451.jpg'>
    <desc>
    <ref target='#foto1'/>
    recto
   </desc>
  </graphic>
  <graphic url='http://steinheim-institut.de/daten/picshgl/xl/0451_hgl_1990.jpg'>
    <desc>
    <ref target='#foto2'/>
    recto
   </desc>
  </graphic>
 </facsimile>
 <text>
  <body>
   <div type='edition'>
    <head>Edition</head>
     <ab>
     <lb n='1'/>
     ‎‏משה‏‎
‏‎     <lb n='2'/>
     ‎‏מת מי לא ימות‏‎
‏‎     <lb n='3'/>
     ‎‏{‎‏פ}ה נקבר איש ח׳‏‎
‏‎     <lb n='4'/>
     ‎‏{‎‏משה בר ש}מואל‏‎
‏‎     <lb n='5'/>
     ‎‏ל[...]ר‏‎
‏‎     <lb n='6'/>
     ‎‏נ[...]ון‏‎
‏‎     <lb n='7'/>
     ‎‏תקס״ו ל[...] ת‏‎
‏‎     <lb n='8'/>
     ‎‏נצב״[ה ע]״ש‏‎
‏‎     <lb n='9'/>
     ‎‏[‎‏־־־]‏‎
‏‎    </ab>
   </div>
   <div type='translation'>
    <head>Übersetzung</head>
     <ab>
     <lb n='1'/>
     Mosche
     <lb n='2'/>
     Starb; wer wird nicht sterben?
     <lb n='3'/>
     Hier ist begraben ein bedeutender Mann:
     <lb n='4'/>
     Mosche, Sohn des Schmuel,
     <lb n='5'/>
     [...]
     <lb n='6'/>
     [...] Cheschvan
     <lb n='7'/>
     566 nach der kleinen Zahl. Es sei
     <lb n='8'/>
     Eingebunden seine Seele in das Bündel der Lebenden mit den übrigen
     <lb n='9'/>
     [...]
    </ab>
   </div>
   <div type="commentary" subtype="Zeilenkommentar">
    <head>Zeilenkommentar</head>
    <p>Die Abschlussformel muss in der letzten Zeile so ergänzt werden: "gerechten Frauen und Männern im Garten Eden. Amen!"</p>
    <p>
     Zln 1-2: "Mosche starb ..." wie schon bei Stein 
     <ref target="http://steinheim-institut.de/cgi-bin/epidat?id=hgl-0350-t">hgl-0350</ref>
     .
    </p>
   </div>
   <div type="commentary" subtype="Endkommentar">
    <head>Endkommentar</head>
    <p>Der Cheschvan im jüdischen Jahr (5)566 ging von Donnerstag, dem 24. Oktober bis zu Donnerstag, dem 21. November 1805.</p>
   </div>
   <div type="commentary" subtype="Prosopographie">
    <head>Prosopographie</head>
   </div>
   <div type="bibliography">
    <head>Bibliographie</head>
    <p>to be done ...</p>
   </div>
  </body>
 </text>
</TEI>
