﻿<?xml version="1.0" encoding="UTF-8"?>
<?xml-model href="http://www.stoa.org/epidoc/schema/8.18/tei-epidoc.rng" schematypens="http://relaxng.org/ns/structure/1.0"?>
<TEI xmlns:xi="http://www.w3.org/2001/XInclude" xmlns:svg="http://www.w3.org/2000/svg" xmlns:math="http://www.w3.org/1998/Math/MathML" xmlns="http://www.tei-c.org/ns/1.0">
 <teiHeader>
  <fileDesc>
   <titleStmt>
    <title xml:lang='de'>Grabmal für A... ben Jisrael, gest. 1739-11-21, Jüdischer Friedhof Haigerloch-Weildorf</title>
    <respStmt xml:lang="de">
     <resp>herausgegeben vom</resp>
     <orgName ref="http://d-nb.info/gnd/212562-6">
      Salomon Ludwig Steinheim-Institut
      <address>
       <addrLine>Edmund-Körner-Platz 2</addrLine>
       <addrLine>D-45127 Essen</addrLine>
      </address>
     </orgName>
    </respStmt>
   </titleStmt>
    <editionStmt>
    <edition/>
   </editionStmt>
   <extent/>
   <publicationStmt>
    <publisher>
     <orgName ref="http://d-nb.info/gnd/212562-6">
      Salomon Ludwig Steinheim-Institut 
      <address>
       <addrLine>Edmund-Körner-Platz 2</addrLine>
       <addrLine>D-45127 Essen</addrLine>
      </address>
     </orgName>
    </publisher>
    <idno>hgw-12</idno>
    <idno type="url">http://www.steinheim-institut.de/cgi-bin/epidat?id=hgw-12</idno>
    <availability xml:lang="en" status="free">
     <licence>
      <ref target="http://creativecommons.org/licenses/by/4.0/">Distributed under a Creative Commons licence Attribution-BY 4.0</ref>
      <p>
       All reuse or distribution of this work must contain somewhere a link back to the URL 
       <ref>http://www.steinheim-institut.de/cgi-bin/epidat?id=hgw-12</ref>
      </p>
     </licence>
    </availability>
   </publicationStmt>
    <notesStmt>
    <note/>
   </notesStmt>
   <sourceDesc>
    <bibl>born digital</bibl>
     <msDesc>
     <msIdentifier/>
     <physDesc>
      <objectDesc>
       <supportDesc>
        <support>
         <p>
          <material>Stein</material>
          <dimensions>
           <dim>(H/B/T) 82/82/15</dim>
          </dimensions>
         </p>
        </support>
       </supportDesc>
        <layoutDesc>
        <layout/>
       </layoutDesc>
      </objectDesc>
     </physDesc>
     <history>
      <origin>
       <date notBefore='1739-11-21'>1739-11-21</date>
       <country type="ISO_3166" key="XA-DE-BW">
        Germany
        <region>Baden-Württemberg</region>
       </country>
       <settlement type='city' key='tgn:1039436'>
        Haigerloch-Weildorf 
        <geogName>
         Jüdischer Friedhof
         <geo decls="#WGS">48.359279 8.759996</geo>
        </geogName>
       </settlement>
      </origin>
     </history>
    </msDesc>
   </sourceDesc>
  </fileDesc>
  <encodingDesc>
   <p>Encoded according to the EpiDoc Guidelines, Schema Version 8.18</p>
   <classDecl>
    <taxonomy>
     <category xml:id='foto1'>
      <catDesc>Marek Leszczynski, Hechingen</catDesc>
     </category>
    </taxonomy>
   </classDecl>
   <geoDecl xml:id="WGS" datum="WGS84">World Geodetic System</geoDecl>
  </encodingDesc>
  <profileDesc>
   <particDesc>
    <listPerson>
     <person xml:id="hgw-12-1" sex='1'>
      <persName>A... ben Jisrael</persName>
       <event when='1739-11-21' type="dateofdeath">
       <desc/>
      </event>
     </person>
    </listPerson>
   </particDesc>
    <langUsage>
    <!-- According to bcp47 http://tools.ietf.org/html/bcp47 (Language) and ISO15924 (writing System)-->
    <language ident='he' usage='100'>Hebrew</language>
   </langUsage>
  </profileDesc>
   <revisionDesc>
   <change/>
  </revisionDesc>
 </teiHeader>
 <facsimile>
  <graphic url='http://steinheim-institut.de/daten/picshgw/xl/12.jpg'>
    <desc>
    <ref target='#foto1'/>
    recto
   </desc>
  </graphic>
  <graphic url='http://steinheim-institut.de/daten/picshgw/xl/12 n.jpg'>
    <desc>
    <ref target='#foto1'/>
    recto
   </desc>
  </graphic>
 </facsimile>
 <text>
  <body>
   <div type='edition'>
    <head>Edition</head>
     <ab>
     <lb n='1'/>
     ‎‏פ״ה‏‎
‏‎     <lb n='2'/>
     ‎‏נטמן איש חשוב‏‎
‏‎     <lb n='3'/>
     ‎‏הנעלה כמ״ר א[...]‏‎
‏‎     <lb n='4'/>
     ‎‏ישראל ז״ל הע... ׃‏‎
‏‎     <lb n='5'/>
     ‎‏נפטר בשבת קו[דש] כ׳ ׃‏‎
‏‎     <lb n='6'/>
     ‎‏חשון בשנת ת״[ק] ל[פ]״ק‏‎
‏‎     <lb n='7'/>
     ‎‏תנצב״ה אים שער‏‎
‏‎     <lb n='8'/>
     ‎‏צדיקם בגן עדן‏‎
‏‎     <lb n='9'/>
     ‎‏אמן ׃ ־ ׃‏‎
‏‎     <lb n='10'/>
     ‎‏תנצב״ה‏‎
‏‎    </ab>
   </div>
   <div type='translation'>
    <head>Übersetzung</head>
     <ab>
     <lb n='1'/>
     Hier
     <lb n='2'/>
     Ist geborgen ein bedeutender Mann,
     <lb n='3'/>
     Der Erhabene, der ehrsame Herr A...
     <lb n='4'/>
     Jisrael, sein Andenken gereiche zum Segen, ...
     <lb n='5'/>
     Er verschied am heiligen Sabbat, dem 20.
     <lb n='6'/>
     Cheschvan, im Jahre 500 nach der kleinen Zahl.
     <lb n='7'/>
     Seine Seele sei eingebunden in das Bündel der Lebenden mit den übrigen
     <lb n='8'/>
     Gerechten im Garten Eden!
     <lb n='9'/>
     Amen!
     <lb n='10'/>
     Seine Seele sei eingebunden in das Bündel der Lebenden!
    </ab>
   </div>
   <div type="commentary" subtype="Zeilenkommentar">
    <head>Zeilenkommentar</head>
    <p>Zln 7-8: Hier ist die Orthographie leicht aus dem Ruder gelaufen; richtig muss es heißen: ‎‏... ‎‏עם שאר צדיקים‏‎ ...‏‎.</p>
   </div>
   <div type="commentary" subtype="Endkommentar">
    <head>Endkommentar</head>
    <p>Bei diesem verwitterten Grabstein, dessen hebräische Inschrift sich nicht mehr vollständig lesen lässt, scheint es sich um eine Spolie zu handeln, einen wiederverwendeten Grabstein, wie die beiden lateinischen Buchstaben "A S" am oberen linken Rand vermuten lassen.</p>
    <p>Die rituelle Formel ‎‏תנצב״ה‏‎ ist doppelt gesetzt.</p>
   </div>
   <div type="commentary" subtype="Prosopographie">
    <head>Prosopographie</head>
   </div>
   <div type="bibliography">
    <head>Bibliographie</head>
    <p>to be done ...</p>
   </div>
  </body>
 </text>
</TEI>
