﻿<?xml version="1.0" encoding="UTF-8"?>
<?xml-model href="http://www.stoa.org/epidoc/schema/8.18/tei-epidoc.rng" schematypens="http://relaxng.org/ns/structure/1.0"?>
<TEI xmlns:xi="http://www.w3.org/2001/XInclude" xmlns:svg="http://www.w3.org/2000/svg" xmlns:math="http://www.w3.org/1998/Math/MathML" xmlns="http://www.tei-c.org/ns/1.0">
 <teiHeader>
  <fileDesc>
   <titleStmt>
    <title xml:lang='de'>Grabmal für Kele bat Jehuda, gest. 1738-06-10, Jüdischer Friedhof Haigerloch-Weildorf</title>
    <respStmt xml:lang="de">
     <resp>herausgegeben vom</resp>
     <orgName ref="http://d-nb.info/gnd/212562-6">
      Salomon Ludwig Steinheim-Institut
      <address>
       <addrLine>Edmund-Körner-Platz 2</addrLine>
       <addrLine>D-45127 Essen</addrLine>
      </address>
     </orgName>
    </respStmt>
   </titleStmt>
    <editionStmt>
    <edition/>
   </editionStmt>
   <extent/>
   <publicationStmt>
    <publisher>
     <orgName ref="http://d-nb.info/gnd/212562-6">
      Salomon Ludwig Steinheim-Institut 
      <address>
       <addrLine>Edmund-Körner-Platz 2</addrLine>
       <addrLine>D-45127 Essen</addrLine>
      </address>
     </orgName>
    </publisher>
    <idno>hgw-5</idno>
    <idno type="url">http://www.steinheim-institut.de/cgi-bin/epidat?id=hgw-5</idno>
    <availability xml:lang="en" status="free">
     <licence>
      <ref target="http://creativecommons.org/licenses/by/4.0/">Distributed under a Creative Commons licence Attribution-BY 4.0</ref>
      <p>
       All reuse or distribution of this work must contain somewhere a link back to the URL 
       <ref>http://www.steinheim-institut.de/cgi-bin/epidat?id=hgw-5</ref>
      </p>
     </licence>
    </availability>
   </publicationStmt>
    <notesStmt>
    <note/>
   </notesStmt>
   <sourceDesc>
    <bibl>born digital</bibl>
     <msDesc>
     <msIdentifier/>
     <physDesc>
      <objectDesc>
       <supportDesc>
        <support>
         <p>
          <material>Stein</material>
          <dimensions>
           <dim>(H/B/T) 77/61/14</dim>
          </dimensions>
         </p>
        </support>
       </supportDesc>
        <layoutDesc>
        <layout/>
       </layoutDesc>
      </objectDesc>
     </physDesc>
     <history>
      <origin>
       <date notBefore='1738-06-10'>1738-06-10</date>
       <country type="ISO_3166" key="XA-DE-BW">
        Germany
        <region>Baden-Württemberg</region>
       </country>
       <settlement type='city' key='tgn:1039436'>
        Haigerloch-Weildorf 
        <geogName>
         Jüdischer Friedhof
         <geo decls="#WGS">48.359279 8.759996</geo>
        </geogName>
       </settlement>
      </origin>
     </history>
    </msDesc>
   </sourceDesc>
  </fileDesc>
  <encodingDesc>
   <p>Encoded according to the EpiDoc Guidelines, Schema Version 8.18</p>
   <classDecl>
    <taxonomy>
     <category xml:id='foto1'>
      <catDesc>Marek Leszczynski, Hechingen</catDesc>
     </category>
    </taxonomy>
   </classDecl>
   <geoDecl xml:id="WGS" datum="WGS84">World Geodetic System</geoDecl>
  </encodingDesc>
  <profileDesc>
   <particDesc>
    <listPerson>
     <person xml:id="hgw-5-1" sex='2'>
      <persName>Kele bat Jehuda</persName>
       <event when='1738-06-10' type="dateofdeath">
       <desc/>
      </event>
     </person>
    </listPerson>
   </particDesc>
    <langUsage>
    <!-- According to bcp47 http://tools.ietf.org/html/bcp47 (Language) and ISO15924 (writing System)-->
    <language ident='he' usage='100'>Hebrew</language>
   </langUsage>
  </profileDesc>
   <revisionDesc>
   <change/>
  </revisionDesc>
 </teiHeader>
 <facsimile>
  <graphic url='http://steinheim-institut.de/daten/picshgw/xl/5.jpg'>
    <desc>
    <ref target='#foto1'/>
    recto
   </desc>
  </graphic>
  <graphic url='http://steinheim-institut.de/daten/picshgw/xl/5 n.jpg'>
    <desc>
    <ref target='#foto1'/>
    recto
   </desc>
  </graphic>
 </facsimile>
 <text>
  <body>
   <div type='edition'>
    <head>Edition</head>
     <ab>
     <lb n='1'/>
     ‎‏פ״ט‏‎
‏‎     <lb n='2'/>
     ‎‏[‎‏א]״ח מ קילה בת‏‎
‏‎     <lb n='3'/>
     ‎‏[‎‏י]הודה ז״ל ש׳ ונפטרת‏‎
‏‎     <lb n='4'/>
     ‎‏ביום ג׳ כ״ב סיון‏‎
‏‎     <lb n='5'/>
     ‎‏תצ״ח לפ״ק תהי נש׳‏‎
‏‎     <lb n='6'/>
     ‎‏צרורה ב׳ החיים‏‎
‏‎     <lb n='7'/>
     ‎‏בש׳ צו״צ שבג׳ עדן‏‎
‏‎     <lb n='8'/>
     ‎‏אמן סלה תקל״ב‏‎
‏‎     <lb n='9'/>
     ‎‏לפ״ק‏‎
‏‎    </ab>
   </div>
   <div type='translation'>
    <head>Übersetzung</head>
     <ab>
     <lb n='1'/>
     Hier ist geborgen
     <lb n='2'/>
     ›Die tüchtige (Frau)‹, Frau Kele, Tochter des
     <lb n='3'/>
     Jehuda, sein Andenken gereiche zum Segen, die einging in ihre Ewigkeit und verschied
     <lb n='4'/>
     Am Dienstag, dem 22. Siwan
     <lb n='5'/>
     498 nach der kleinen Zahl. Ihre Seele sei
     <lb n='6'/>
     Eingebunden in das Bündel der Lebenden
     <lb n='7'/>
     Unter den übrigen gerechten Männern und Frauen, die sich im Garten Eden befinden.
     <lb n='8'/>
     Amen Sela! 532
     <lb n='9'/>
     Nach der kleinen Zahl.
    </ab>
   </div>
   <div type="commentary" subtype="Zitate">
    <head>Zitate</head>
    <p>Zl 2: Spr 12,4; 31,10</p>
   </div>
   <div type="commentary" subtype="Zeilenkommentar">
    <head>Zeilenkommentar</head>
    <p>Zl 3: Die Abkürzung ‎‏ש׳‏‎ dürfte wohl so aufzulösen sein: ‎‏שהלכה לעולמה‏‎ / die einging in ihre Ewigkeit.</p>
   </div>
   <div type="commentary" subtype="Endkommentar">
    <head>Endkommentar</head>
    <p>In den letzten Zeilen ist eine weitere Jahreszahl eingehauen, nämlich (5)532 = 1771/72. Was diese Angabe bedeutet, ist mir nicht klar. Handelt es sich um das Datum der Steinsetzung? Letztere findet jedoch üblicherweise ein Jahr nach der Beerdigung statt. Oder konnten die Hinterbliebenen erst 33 Jahre nach dem Tod der Verstorbenen das Geld für einen Stein aufbringen?</p>
   </div>
   <div type="commentary" subtype="Prosopographie">
    <head>Prosopographie</head>
   </div>
   <div type="bibliography">
    <head>Bibliographie</head>
    <p>to be done ...</p>
   </div>
  </body>
 </text>
</TEI>
