﻿<?xml version="1.0" encoding="UTF-8"?>
<?xml-model href="http://www.stoa.org/epidoc/schema/8.18/tei-epidoc.rng" schematypens="http://relaxng.org/ns/structure/1.0"?>
<TEI xmlns:xi="http://www.w3.org/2001/XInclude" xmlns:svg="http://www.w3.org/2000/svg" xmlns:math="http://www.w3.org/1998/Math/MathML" xmlns="http://www.tei-c.org/ns/1.0">
 <teiHeader>
  <fileDesc>
   <titleStmt>
    <title xml:lang='de'>Grabmal für Sprinz ∞ Meir (Schprinz Desenberg), gest. 1865-03-25, Jüdischer Friedhof Höxter-Fürstenau</title>
    <respStmt xml:lang="de">
     <resp>herausgegeben vom</resp>
     <orgName ref="http://d-nb.info/gnd/212562-6">
      Salomon Ludwig Steinheim-Institut
      <address>
       <addrLine>Edmund-Körner-Platz 2</addrLine>
       <addrLine>D-45127 Essen</addrLine>
      </address>
     </orgName>
    </respStmt>
   </titleStmt>
    <editionStmt>
    <edition/>
   </editionStmt>
   <extent/>
   <publicationStmt>
    <publisher>
     <orgName ref="http://d-nb.info/gnd/212562-6">
      Salomon Ludwig Steinheim-Institut 
      <address>
       <addrLine>Edmund-Körner-Platz 2</addrLine>
       <addrLine>D-45127 Essen</addrLine>
      </address>
     </orgName>
    </publisher>
    <idno>hxf-2</idno>
    <idno type="url">http://www.steinheim-institut.de/cgi-bin/epidat?id=hxf-2</idno>
    <availability xml:lang="en" status="free">
     <licence>
      <ref target="http://creativecommons.org/licenses/by/4.0/">Distributed under a Creative Commons licence Attribution-BY 4.0</ref>
      <p>
       All reuse or distribution of this work must contain somewhere a link back to the URL 
       <ref>http://www.steinheim-institut.de/cgi-bin/epidat?id=hxf-2</ref>
      </p>
     </licence>
    </availability>
   </publicationStmt>
    <notesStmt>
    <note/>
   </notesStmt>
   <sourceDesc>
    <bibl>born digital</bibl>
     <msDesc>
     <msIdentifier/>
     <physDesc>
      <objectDesc>
       <supportDesc>
        <support>
         <p>
          <material>Stein</material>
          Stele mit Rundbogenabschluß.
         </p>
        </support>
        <condition>
         <p> Die Inschrift ist stark verwittert und teilweise zerstört, der Giebel ist beschädigt. Das Grabmal ist stark mit Flechten bewachsen.</p>
        </condition>
       </supportDesc>
        <layoutDesc>
        <layout/>
       </layoutDesc>
      </objectDesc>
     </physDesc>
     <history>
      <origin>
       <date notBefore='1865-03-25'>1865-03-25</date>
       <country type="ISO_3166" key="XA-DE-NW">
        Germany
        <region>North Rhine-Westphalia</region>
       </country>
       <settlement type='city' key='tgn:1039055'>
        Höxter-Fürstenau 
        <geogName>
         Jüdischer Friedhof
         <geo decls="#WGS">51.830314 9.32838</geo>
        </geogName>
       </settlement>
      </origin>
     </history>
    </msDesc>
   </sourceDesc>
  </fileDesc>
  <encodingDesc>
   <p>Encoded according to the EpiDoc Guidelines, Schema Version 8.18</p>
   <classDecl>
    <taxonomy>
     <category xml:id='foto1'>
      <catDesc>Nathanja Hüttenmeister, Duisburg</catDesc>
     </category>
     <category xml:id='foto2'>
      <catDesc>Fritz Ostkämper, Höxter</catDesc>
     </category>
    </taxonomy>
   </classDecl>
   <geoDecl xml:id="WGS" datum="WGS84">World Geodetic System</geoDecl>
  </encodingDesc>
  <profileDesc>
   <particDesc>
    <listPerson>
     <person xml:id="hxf-2-1" sex='2'>
      <persName>Sprinz ∞ Meir (Schprinz Desenberg)</persName>
       <event when='1865-03-25' type="dateofdeath">
       <desc/>
      </event>
     </person>
    </listPerson>
   </particDesc>
    <langUsage>
    <!-- According to bcp47 http://tools.ietf.org/html/bcp47 (Language) and ISO15924 (writing System)-->
    <language ident='he' usage='53'>Hebrew</language>
    <language ident='de' usage='46'>German</language>
   </langUsage>
  </profileDesc>
   <revisionDesc>
   <change/>
  </revisionDesc>
 </teiHeader>
 <facsimile>
  <graphic url='http://steinheim-institut.de/daten/picshxf/xl/0002_hxf_2008.jpg'>
    <desc>
    <ref target='#foto1'/>
    recto
   </desc>
  </graphic>
  <graphic url='http://steinheim-institut.de/daten/picshxf/xl/0002rhxf_2008.jpg'>
    <desc>
    <ref target='#foto1'/>
    verso
   </desc>
  </graphic>
  <graphic url='http://steinheim-institut.de/daten/maps/svg/hxf.svg' xml:id="map">
    <desc type='map'>
    <date when='2014-03-19T21:35:21'/>
   </desc>
  </graphic>
 </facsimile>
 <text>
  <body>
   <div type='edition'>
    <head>Edition</head>
    <div type='textpart' subtype='recto'>
      <ab>
      <lb n='1'/>
      ‎‏פ״נ‏‎
‏‎      <lb n='2'/>
      ‎‏אשת מרת שפרינץ‏‎
‏‎      <lb n='3'/>
      ‎‏אשת ר׳ מאיר מדיזיבורג‏‎
‏‎      <lb n='4'/>
      ‎‏מתה? בשיבה? טובה? יום שבת‏‎
‏‎      <lb n='5'/>
      ‎‏קדש [...]״ה לפ״ק‏‎
‏‎      <lb n='6'/>
      ‎‏[...]‏‎
      <lb n='7'/>
      ‎‏[...]‎‏ק‏‎
‏‎      <lb n='8'/>
      ‎‏תנצב״ה [...]‏‎
‏‎      <lb n='9'/>
      ‎‏[...] ‎‏אמן‏‎
‏‎     </ab>
    </div>
    <div type='textpart' subtype='verso'>
      <ab>
      <lb n='10'/>
      Hier ruht
      <lb n='11'/>
      die achtbare u. fromme
      <lb n='12'/>
      Frau Schprinz Desenberg
      <lb n='13'/>
      aus Daseburg
      <lb n='14'/>
      gst. 16 März 1865
      <lb n='15'/>
      Sanft ruhe ihre Asche
     </ab>
    </div>
   </div>
   <div type='translation'>
    <head>Übersetzung</head>
    <div type='textpart' subtype='recto'>
      <ab>
      <lb n='1'/>
      Hier ist begraben
      <lb n='2'/>
      die Frau Sprinz,
      <lb n='3'/>
      Gattin des Herrn Meir aus Daseburg,
      <lb n='4'/>
      gestorben? ›in gutem Greisenalter?‹ am Tag des heiligen
      <lb n='5'/>
      Schabbat ... der kleinen Zählung.
      <lb n='6'/>
      ...
      <lb n='7'/>
      ...
      <lb n='8'/>
      Ihre Seele sei eingebunden in das Bündel des Lebens ...
      <lb n='9'/>
      ... Amen
     </ab>
    </div>
    <div type='textpart' subtype='verso'>
     <ab></ab>
    </div>
   </div>
   <div type="commentary" subtype="Zitate">
    <head>Zitate</head>
    <p>Zl 4: Gen 25,8</p>
   </div>
   <div type="commentary" subtype="Endkommentar">
    <head>Endkommentar</head>
    <p>Dies ist der erste erhaltene Grabstein auf dem jüdischen Fürstenau, der eine deutsche Inschrift trägt - noch auf der Rückseite des Grabsteins plaziert. Sie orientiert sich stark am Aufbau hebräischer Grabinschriften, mit den Attributen "achtbar" und "fromm", mit denen die Verstorbene bedacht wird, und der Nennung nur des Sterbe-, nicht aber des Geburtsdatums. Auch ist sie noch deutlich kürzer als die leider stark verwitterte und nur noch teilweise zu rekonstruierende hebräische Inschrift. Nach dem Sterbedatum in Zeile 5 folgte vermutlich eine zweizeilige Eulogie auf die Verstorbene und ein ausführlicher Schlußsegen in den letzten beiden Zeilen.</p>
    <p>Der Name Sprinz geht auf das französische "espérance", "die Hoffnung", zurück und ist seit dem Mittelalter ein beliebter Name jüdischer Frauen.</p>
   </div>
   <div type="commentary" subtype="Prosopographie">
    <head>Prosopographie</head>
    <p>Die 1791 geborene Sprinz Gans geb. Mendel stammte aus Daseburg, einem heute zu Warburg gehörenden Ort, und war verheiratet mit dem gleichaltrigen Meyer Desenberg in Fürstenau, der in Vörden geboren worden war. Ihre 1825 geborene Tochter Röschen heiratete 1860 den Fürstenauer Moses Kohlenstein.</p>
   </div>
   <div type="bibliography">
    <head>Bibliographie</head>
    <p>to be done ...</p>
   </div>
  </body>
 </text>
</TEI>
