﻿<?xml version="1.0" encoding="UTF-8"?>
<?xml-model href="http://www.stoa.org/epidoc/schema/8.18/tei-epidoc.rng" schematypens="http://relaxng.org/ns/structure/1.0"?>
<TEI xmlns:xi="http://www.w3.org/2001/XInclude" xmlns:svg="http://www.w3.org/2000/svg" xmlns:math="http://www.w3.org/1998/Math/MathML" xmlns="http://www.tei-c.org/ns/1.0">
 <teiHeader>
  <fileDesc>
   <titleStmt>
    <title xml:lang='de'>Grabmal für Vogel bat Jaakow ∞ Salomo Lipper, gest. 1826-07-17, Jüdischer Friedhof Höxter-Fürstenau</title>
    <respStmt xml:lang="de">
     <resp>herausgegeben vom</resp>
     <orgName ref="http://d-nb.info/gnd/212562-6">
      Salomon Ludwig Steinheim-Institut
      <address>
       <addrLine>Edmund-Körner-Platz 2</addrLine>
       <addrLine>D-45127 Essen</addrLine>
      </address>
     </orgName>
    </respStmt>
   </titleStmt>
    <editionStmt>
    <edition/>
   </editionStmt>
   <extent/>
   <publicationStmt>
    <publisher>
     <orgName ref="http://d-nb.info/gnd/212562-6">
      Salomon Ludwig Steinheim-Institut 
      <address>
       <addrLine>Edmund-Körner-Platz 2</addrLine>
       <addrLine>D-45127 Essen</addrLine>
      </address>
     </orgName>
    </publisher>
    <idno>hxf-16</idno>
    <idno type="url">http://www.steinheim-institut.de/cgi-bin/epidat?id=hxf-16</idno>
    <availability xml:lang="en" status="free">
     <licence>
      <ref target="http://creativecommons.org/licenses/by/4.0/">Distributed under a Creative Commons licence Attribution-BY 4.0</ref>
      <p>
       All reuse or distribution of this work must contain somewhere a link back to the URL 
       <ref>http://www.steinheim-institut.de/cgi-bin/epidat?id=hxf-16</ref>
      </p>
     </licence>
    </availability>
   </publicationStmt>
    <notesStmt>
    <note/>
   </notesStmt>
   <sourceDesc>
    <bibl>born digital</bibl>
     <msDesc>
     <msIdentifier/>
     <physDesc>
      <objectDesc>
       <supportDesc>
        <support>
         <p>
          <material>Stein</material>
          Schmalhohe Stele mit Rundbogenabschluß, im Giebelfeld ein eingravierter, stilisierter, dem Bogenverlauf folgender Lorbeerzweig.
         </p>
        </support>
        <condition>
         <p>Starker Flechtenbewuchs, ansonsten gut erhalten</p>
        </condition>
       </supportDesc>
        <layoutDesc>
        <layout/>
       </layoutDesc>
      </objectDesc>
      <decoDesc>
       <decoNote type='ornament'>floral: Lorbeerzweig</decoNote>
      </decoDesc>
     </physDesc>
     <history>
      <origin>
       <date notBefore='1826-07-17'>1826-07-17</date>
       <country type="ISO_3166" key="XA-DE-NW">
        Germany
        <region>North Rhine-Westphalia</region>
       </country>
       <settlement type='city' key='tgn:1039055'>
        Höxter-Fürstenau 
        <geogName>
         Jüdischer Friedhof
         <geo decls="#WGS">51.830314 9.32838</geo>
        </geogName>
       </settlement>
      </origin>
     </history>
    </msDesc>
   </sourceDesc>
  </fileDesc>
  <encodingDesc>
   <p>Encoded according to the EpiDoc Guidelines, Schema Version 8.18</p>
   <classDecl>
    <taxonomy>
     <category xml:id='foto1'>
      <catDesc>Nathanja Hüttenmeister, Duisburg</catDesc>
     </category>
     <category xml:id='foto2'>
      <catDesc>Fritz Ostkämper, Höxter</catDesc>
     </category>
    </taxonomy>
   </classDecl>
   <geoDecl xml:id="WGS" datum="WGS84">World Geodetic System</geoDecl>
  </encodingDesc>
  <profileDesc>
   <particDesc>
    <listPerson>
     <person xml:id="hxf-16-1" sex='2'>
      <persName>Vogel bat Jaakow ∞ Salomo Lipper</persName>
       <event when='1826-07-17' type="dateofdeath">
       <desc/>
      </event>
     </person>
    </listPerson>
   </particDesc>
    <langUsage>
    <!-- According to bcp47 http://tools.ietf.org/html/bcp47 (Language) and ISO15924 (writing System)-->
    <language ident='he' usage='100'>Hebrew</language>
   </langUsage>
  </profileDesc>
   <revisionDesc>
   <change/>
  </revisionDesc>
 </teiHeader>
 <facsimile>
  <graphic url='http://steinheim-institut.de/daten/picshxf/xl/0016_hxf_2008.jpg'>
    <desc>
    <ref target='#foto1'/>
    recto
   </desc>
  </graphic>
  <graphic url='http://steinheim-institut.de/daten/maps/svg/hxf.svg' xml:id="map">
    <desc type='map'>
    <date when='2014-03-19T21:35:21'/>
   </desc>
  </graphic>
 </facsimile>
 <text>
  <body>
   <div type='edition'>
    <head>Edition</head>
     <ab>
     <lb n='1'/>
     ‎‏פ״נ‏‎
‏‎     <lb n='2'/>
     ‎‏האשה היקרה‏‎
‏‎     <lb n='3'/>
     ‎‏מרת פאגל בת‏‎
‏‎     <lb n='4'/>
     ‎‏כ״ה יעקב אשת‏‎
‏‎     <lb n='5'/>
     ‎‏כ״ה זלמה ליפער‏‎
‏‎     <lb n='6'/>
     ‎‏בליבן׳ הלכה‏‎
‏‎     <lb n='7'/>
     ‎‏בדרך ישרה‏‎
‏‎     <lb n='8'/>
     ‎‏מצות ה׳ שמרה‏‎
‏‎     <lb n='9'/>
     ‎‏נפטרת ביום ב׳‏‎
‏‎     <lb n='10'/>
     ‎‏י״ב תמוז תקפ״ו‏‎
‏‎     <lb n='11'/>
     ‎‏לפ״ק תנצב״ה‏‎
‏‎    </ab>
   </div>
   <div type='translation'>
    <head>Übersetzung</head>
     <ab>
     <lb n='1'/>
     Hier ist begraben
     <lb n='2'/>
     die teure Frau,
     <lb n='3'/>
     Frau Vogel, Tochter des geehrten Herrn
     <lb n='4'/>
     Jaakow, Gattin des geehrten
     <lb n='5'/>
     Salomo Lipper
     <lb n='6'/>
     in Löwen(dorf), ›sie ging
     <lb n='7'/>
     auf rechtem Weg‹ ,
     <lb n='8'/>
     die Gebote des Ewigen wahrte sie,
     <lb n='9'/>
     verschieden am Tag 2,
     <lb n='10'/>
     12. Tammus 586
     <lb n='11'/>
     der kleinen Zählung. Ihre Seele sei eingebunden in das Bündel des Lebens
    </ab>
   </div>
   <div type="commentary" subtype="Zitate">
    <head>Zitate</head>
    <p>Zl 6f: Ps 107,7</p>
   </div>
   <div type='commentary' subtype='Stilmittel'>
    <head>Stilmittel</head>
    <p>
     <label>Reim</label>
      auf -a in Zln 6-8.
    </p>
   </div>
   <div type="commentary" subtype="Zeilenkommentar">
    <head>Zeilenkommentar</head>
    <p>Zl 6: Der Herkunftsort Löwendorf nahe Fürstenau wurde abgekürzt.</p>
   </div>
   <div type="commentary" subtype="Prosopographie">
    <head>Prosopographie</head>
    <p>Vogel, bürgerlich Edel, wurde 1781 in Löwendorf geboren als Tochter von Jacob Gottschalk und Edel verw. Meyer. Am 28. April 1809 heiratete sie Salomon Lipper, dem sie zehn Kinder schenkte (siehe beim Gatten). Das Paar lebte in Löwendorf, gehörte jedoch zur Synagogengemeinde Fürstenau.</p>
   </div>
   <div type="bibliography">
    <head>Bibliographie</head>
    <p>to be done ...</p>
   </div>
  </body>
 </text>
</TEI>
