﻿<?xml version="1.0" encoding="UTF-8"?>
<?xml-model href="http://www.stoa.org/epidoc/schema/8.18/tei-epidoc.rng" schematypens="http://relaxng.org/ns/structure/1.0"?>
<TEI xmlns:xi="http://www.w3.org/2001/XInclude" xmlns:svg="http://www.w3.org/2000/svg" xmlns:math="http://www.w3.org/1998/Math/MathML" xmlns="http://www.tei-c.org/ns/1.0">
 <teiHeader>
  <fileDesc>
   <titleStmt>
    <title xml:lang='de'>Grabmal für Arje Löb ben David?, gest. 1864-12-17, Jüdischer Friedhof Immenrode</title>
    <respStmt xml:lang="de">
     <resp>herausgegeben vom</resp>
     <orgName ref="http://d-nb.info/gnd/212562-6">
      Salomon Ludwig Steinheim-Institut
      <address>
       <addrLine>Edmund-Körner-Platz 2</addrLine>
       <addrLine>D-45127 Essen</addrLine>
      </address>
     </orgName>
    </respStmt>
   </titleStmt>
    <editionStmt>
    <edition/>
   </editionStmt>
   <extent/>
   <publicationStmt>
    <publisher>
     <orgName ref="http://d-nb.info/gnd/212562-6">
      Salomon Ludwig Steinheim-Institut 
      <address>
       <addrLine>Edmund-Körner-Platz 2</addrLine>
       <addrLine>D-45127 Essen</addrLine>
      </address>
     </orgName>
    </publisher>
    <idno>imr-13</idno>
    <idno type="url">http://www.steinheim-institut.de/cgi-bin/epidat?id=imr-13</idno>
    <availability xml:lang="en" status="free">
     <licence>
      <ref target="http://creativecommons.org/licenses/by/4.0/">Distributed under a Creative Commons licence Attribution-BY 4.0</ref>
      <p>
       All reuse or distribution of this work must contain somewhere a link back to the URL 
       <ref>http://www.steinheim-institut.de/cgi-bin/epidat?id=imr-13</ref>
      </p>
     </licence>
    </availability>
   </publicationStmt>
    <notesStmt>
    <note/>
   </notesStmt>
   <sourceDesc>
    <bibl>born digital</bibl>
     <msDesc>
     <msIdentifier/>
     <physDesc>
      <objectDesc>
       <supportDesc>
        <support>
         <p>
          <material>Stein</material>
          Muschelkalkstele mit abgesetztem und eingezogenem kleinen Dreiecksgiebel.
         </p>
        </support>
        <condition>
         <p>
           
          <damage agent='Verwitterung'>2010: Das Grabmal liegt, die Inschriften sind stark verwittert und nicht mehr vollständig zu entziffern. 2012: Das Grabmal wurde gereinigt und wieder neu aufgestellt.</damage>
         </p>
        </condition>
       </supportDesc>
        <layoutDesc>
        <layout/>
       </layoutDesc>
      </objectDesc>
     </physDesc>
     <history>
      <origin>
       <date notBefore='1864-12-17'>1864-12-17</date>
       <country type="ISO_3166" key="XA-DE-TH">
        Germany
        <region>Thuringa</region>
       </country>
       <settlement type='city' key='tgn:1041549'>
        Immenrode 
        <geogName>
         Jüdischer Friedhof
         <geo decls="#WGS">51.356179 10.755004</geo>
        </geogName>
       </settlement>
      </origin>
     </history>
    </msDesc>
   </sourceDesc>
  </fileDesc>
  <encodingDesc>
   <p>Encoded according to the EpiDoc Guidelines, Schema Version 8.18</p>
   <classDecl>
    <taxonomy>
     <category xml:id='foto1'>
      <catDesc>Nathanja Hüttenmeister</catDesc>
     </category>
     <category xml:id='foto2'>
      <catDesc>Bettina Bärnighausen, Sondershausen</catDesc>
     </category>
    </taxonomy>
   </classDecl>
   <geoDecl xml:id="WGS" datum="WGS84">World Geodetic System</geoDecl>
  </encodingDesc>
  <profileDesc>
   <particDesc>
    <listPerson>
     <person xml:id="imr-13-1" sex='1'>
      <persName>Arje Löb ben David?</persName>
       <event when='1864-12-17' type="dateofdeath">
       <desc/>
      </event>
     </person>
    </listPerson>
   </particDesc>
    <langUsage>
    <!-- According to bcp47 http://tools.ietf.org/html/bcp47 (Language) and ISO15924 (writing System)-->
    <language ident='he' usage='87'>Hebrew</language>
    <language ident='de' usage='12'>German</language>
   </langUsage>
  </profileDesc>
   <revisionDesc>
   <change/>
  </revisionDesc>
 </teiHeader>
 <facsimile>
  <graphic url='http://steinheim-institut.de/daten/picsimr/xl/0007_imr_101124.png'>
    <desc>
    <ref target='#foto1'/>
    recto
   </desc>
  </graphic>
  <graphic url='http://steinheim-institut.de/daten/picsimr/xl/0013_imr_2011.png'>
    <desc>
    <ref target='#foto2'/>
    recto
   </desc>
  </graphic>
  <graphic url='http://steinheim-institut.de/daten/picsimr/xl/0013_imr_2012.png'>
    <desc>
    <ref target='#foto2'/>
    recto
   </desc>
  </graphic>
  <graphic url='http://steinheim-institut.de/daten/picsimr/xl/0013rimr_2011.png'>
    <desc>
    <ref target='#foto2'/>
    verso
   </desc>
  </graphic>
 </facsimile>
 <text>
  <body>
   <div type='edition'>
    <head>Edition</head>
    <div type='textpart' subtype='recto'>
      <ab>
      <lb n='1'/>
      ‎‏פ״נ‏‎
‏‎      <lb n='2'/>
      ‎‏איש תם וישר הלך‏‎
‏‎      <lb n='3'/>
      ‎‏[‎‏תמ]ים ופעל צדק ירא‏‎
‏‎      <lb n='4'/>
      ‎‏אלהיו כל ימיו צדיק‏‎
‏‎      <lb n='5'/>
      ‎‏באמונתו חיה ה״ה כה״ר‏‎
‏‎      <lb n='6'/>
      ‎‏אריה ליב בה״ר דוד?‏‎
‏‎      <lb n='7'/>
      ‎‏נפטר ב[יום שבת] קודש‏‎
‏‎      <lb n='8'/>
      ‎‏י״ח כסליו ונקבר ביום‏‎
‏‎      <lb n='9'/>
      ‎‏א׳ בו תרכ״ה לפ״ק‏‎
‏‎      <lb n='10'/>
      ‎‏תנצב״ה‏‎
‏‎     </ab>
    </div>
    <div type='textpart' subtype='verso'>
      <ab>
      <lb n='11'/>
      Hier ruht in Gott
      <lb n='12'/>
      ...
     </ab>
    </div>
   </div>
   <div type='translation'>
    <head>Übersetzung</head>
    <div type='textpart' subtype='recto'>
      <ab>
      <lb n='1'/>
      Hier ist begraben
      <lb n='2'/>
      ›ein lauterer und aufrechter Mann‹, ›er wandelte
      <lb n='3'/>
      in Lauterkeit und wirkte Wohl‹, seinen Gott
      <lb n='4'/>
      ehrfürchtend all seine Tage, ›ein Gerechter,
      <lb n='5'/>
      der in seinem Glauben lebte‹, es ist der geehrte Meister, Herr
      <lb n='6'/>
      Arje Löb, Sohn des geehrten David?,
      <lb n='7'/>
      verschieden am Tag des heiligen Schabbat,
      <lb n='8'/>
      18. Kislev, und begraben am Tag
      <lb n='9'/>
      1 desselben, 625 der kleinen Zählung.
      <lb n='10'/>
      Seine Seele sei eingebunden in das Bündel des Lebens
     </ab>
    </div>
   </div>
   <div type="commentary" subtype="Zitate">
    <head>Zitate</head>
    <p>Zl 2: Ijob 1,8</p>
    <p>Zl 2f: Ps 15,2</p>
    <p>Zl 4f: Hab 2,4</p>
   </div>
   <div type="commentary" subtype="Zeilenkommentar">
    <head>Zeilenkommentar</head>
    <p>Zl 6: Die Lesung der Namen ist nicht gesichert.</p>
   </div>
   <div type="commentary" subtype="Prosopographie">
    <head>Prosopographie</head>
   </div>
   <div type="bibliography">
    <head>Bibliographie</head>
    <p>to be done ...</p>
   </div>
  </body>
 </text>
</TEI>
