﻿<?xml version="1.0" encoding="UTF-8"?>
<?xml-model href="http://www.stoa.org/epidoc/schema/8.18/tei-epidoc.rng" schematypens="http://relaxng.org/ns/structure/1.0"?>
<TEI xmlns:xi="http://www.w3.org/2001/XInclude" xmlns:svg="http://www.w3.org/2000/svg" xmlns:math="http://www.w3.org/1998/Math/MathML" xmlns="http://www.tei-c.org/ns/1.0">
 <teiHeader>
  <fileDesc>
   <titleStmt>
    <title xml:lang='de'>Grabmal für Jehuda ben Schmuel, gest. 1290-05-16, Jüdischer Friedhof Koblenz [Mittelalterliche Grabsteine]</title>
    <respStmt xml:lang="de">
     <resp>herausgegeben vom</resp>
     <orgName ref="http://d-nb.info/gnd/212562-6">
      Salomon Ludwig Steinheim-Institut
      <address>
       <addrLine>Edmund-Körner-Platz 2</addrLine>
       <addrLine>D-45127 Essen</addrLine>
      </address>
     </orgName>
    </respStmt>
   </titleStmt>
    <editionStmt>
    <edition/>
   </editionStmt>
   <extent/>
   <publicationStmt>
    <publisher>
     <orgName ref="http://d-nb.info/gnd/212562-6">
      Salomon Ludwig Steinheim-Institut 
      <address>
       <addrLine>Edmund-Körner-Platz 2</addrLine>
       <addrLine>D-45127 Essen</addrLine>
      </address>
     </orgName>
    </publisher>
    <idno>kob-6</idno>
    <idno type="url">http://www.steinheim-institut.de/cgi-bin/epidat?id=kob-6</idno>
    <availability xml:lang="en" status="free">
     <licence>
      <ref target="http://creativecommons.org/licenses/by/4.0/">Distributed under a Creative Commons licence Attribution-BY 4.0</ref>
      <p>
       All reuse or distribution of this work must contain somewhere a link back to the URL 
       <ref>http://www.steinheim-institut.de/cgi-bin/epidat?id=kob-6</ref>
      </p>
     </licence>
    </availability>
   </publicationStmt>
    <notesStmt>
    <note/>
   </notesStmt>
   <sourceDesc>
    <bibl>born digital</bibl>
     <msDesc>
     <msIdentifier/>
     <physDesc>
      <objectDesc>
       <supportDesc>
        <support>
         <p>
          <material>Stein</material>
          <dimensions>
           <dim>Laut Gildemeister ist "der von der Inschrift eingenommene Theil [...] zwei Fuß breit und drei hoch".</dim>
          </dimensions>
         </p>
        </support>
        <condition>
         <p>
           
          <damage agent='Verwitterung'>1871: Offensichtlich stark verwittert.</damage>
         </p>
        </condition>
       </supportDesc>
        <layoutDesc>
        <layout/>
       </layoutDesc>
      </objectDesc>
      <handDesc>
       <handNote>Schrift Laut Gildemeister wurden die Buchstaben "von Anfang an flacher und wie die oft unförmlichen Züge darthun, von nicht sehr geschickter Hand eingehauen".</handNote>
      </handDesc>
     </physDesc>
     <history>
      <origin>
       <date notBefore='1290-05-16'>1290-05-16</date>
       <country type="ISO_3166" key="XA-DE-RP">
        Germany
        <region>Rhineland-Palatinate</region>
       </country>
       <settlement type='city' key='tgn:7004448'>
        Koblenz [Mittelalterliche Grabsteine] 
        <geogName>
         Jüdischer Friedhof
         <geo decls="#WGS">50.360775 7.595994</geo>
        </geogName>
       </settlement>
      </origin>
     </history>
    </msDesc>
   </sourceDesc>
  </fileDesc>
  <encodingDesc>
   <p>Encoded according to the EpiDoc Guidelines, Schema Version 8.18</p>
   <classDecl>
    <taxonomy>
     <category xml:id='foto1'>
      <catDesc>Generaldirektion Kulturelles Erbe Rheinland-Pfalz, Direktion Landesarchäologie, Außenstelle Koblenz, Foto: Ulrich Pfeuffer</catDesc>
     </category>
     <category xml:id='foto2'>
      <catDesc>Landeshauptarchiv Koblenz, Foto: ^# Michael Jordan</catDesc>
     </category>
     <category xml:id='foto3'>
      <catDesc>Bildindex der Kunst und Architektur - Deutsches Dokumentationszentrum für Kunstgeschichte - Bildarchiv Foto Marburg</catDesc>
     </category>
    </taxonomy>
   </classDecl>
   <geoDecl xml:id="WGS" datum="WGS84">World Geodetic System</geoDecl>
  </encodingDesc>
  <profileDesc>
   <particDesc>
    <listPerson>
     <person xml:id="kob-6-1" sex='1'>
      <persName>Jehuda ben Schmuel</persName>
       <event when='1290-05-16' type="dateofdeath">
       <desc/>
      </event>
     </person>
    </listPerson>
   </particDesc>
    <langUsage>
    <!-- According to bcp47 http://tools.ietf.org/html/bcp47 (Language) and ISO15924 (writing System)-->
    <language ident='he' usage='100'>Hebrew</language>
   </langUsage>
  </profileDesc>
   <revisionDesc>
   <change/>
  </revisionDesc>
 </teiHeader>
 <facsimile></facsimile>
 <text>
  <body>
   <div type='edition'>
    <head>Edition</head>
     <ab>
     <lb n='1'/>
     ‎‏עד הגל הזה ועד[ה]‏‎
‏‎     <lb n='2'/>
     ‎‏המצבה אשר קמה‏‎
‏‎     <lb n='3'/>
     ‎‏וגם נצבה לראש רב‏‎
‏‎     <lb n='4'/>
     ‎‏[...] ‎‏יהודה בר שמו[אל]‏‎
‏‎     <lb n='5'/>
     ‎‏הנפט ר י״ם לפרט ביום ג׳‏‎
‏‎     <lb n='6'/>
     ‎‏ה׳ בסיון ונשמתו בגן‏‎
‏‎     <lb n='7'/>
     ‎‏עדן עם שאר צדיקי‏‎
‏‎     <lb n='8'/>
     ‎‏עולם אמן א׳ א׳ סלה‏‎
‏‎    </ab>
   </div>
   <div type='translation'>
    <head>Übersetzung</head>
     <ab>
     <lb n='1'/>
     ›Zeuge dieser Hügel und Zeugin diese Stele‹,
     <lb n='2'/>
     welche ›aufgestellt
     <lb n='3'/>
     und auch aufgerichtet‹ ist zu Häupten des Herrn
     <lb n='4'/>
     ... Jehuda, Sohn des Schmuel,
     <lb n='5'/>
     der verschieden ist 50 der Zählung, am Tag 3,
     <lb n='6'/>
     5. im Sivan, und seine Seele (sei) im Garten Eden
     <lb n='7'/>
     mit den übrigen Gerechten
     <lb n='8'/>
     der Welt, Amen, Amen, Amen Sela
    </ab>
   </div>
   <div type="commentary" subtype="Zitate">
    <head>Zitate</head>
    <p>Zl 1: Gen 31,52</p>
    <p>Zl 2f: nach Gen 37,7</p>
   </div>
   <div type="commentary" subtype="Zeilenkommentar">
    <head>Zeilenkommentar</head>
    <p>
     Zl 4: Gildemeister konnte den Anfang der Zeile nicht sicher entziffern und schreibt dazu: "Die Lücke am Anfang der dritten Zeile enthält einige nicht zu enträthselnde Züge, etwa ‎‏ןיביר‏‎ mit darauf folgendem etwas getrennten, aber nach links gewendeten ‎‏י‏‎; das ‎‏ב‏‎ ist vollkommen deutlich und correct." Aufgrund des Textzusammenhangs ist hier entweder ein zweiter Vorname oder ein weiterer Titel zu vermuten. Die von Gildemeister wiedergegebenen Buchstaben könnten auf das Wort ‎‏הגביר‏‎ deuten. "der Stattliche" oder "der Vermögende", allerdings konnte diese Formulierung auf einem Grabstein erstmals 1572 in Frankfurt (Grabstein Nr. 
     <ref target="http://steinheim-institut.de/cgi-bin/epidat?id=ffb-0664-t">ffb-0664</ref>
     ) nachgewiesen werden. Der folgende, als ‎‏י‏‎ beschriebene Buchstabe könnte dann als ein kleines ‎‏ר‏‎ als Abkürzung für ‎‏רב‏‎/ "Herr" zu lesen sein, allerdings steht dieser Titel bereits in der vorangehenden Zeile.
    </p>
    <p>Zl 5: Gildemeister schreibt: "Etwas auffallend ist die Jahreszahl 5050 (= 1290 Chr.) in der Form ‎‏ים‏‎ (sie könnte allerdings auch ‎‏ום‏‎ gelesen werden), da dies kein significantes Wort bildet; aber in der That fiel in diesem Jahre [...] der 5 Sivan auf einen Dienstag, was 5040 oder 5046 nicht der Fall war". Das Wort ‎‏ים‏‎ hat die Bedeutung "Meer" und ist in dieser Schreibweise auch die Abkürzung für "Jerusalem".</p>
    <p>Zln 5-6: Laut Gildemeister wurde in der Veröffentlichung des Grabsteins im Jahresbericht des Coblenzer Gymnasiums (s.u.) der Monatsname als Kislev gelesen und das Jahr im hebräischen Text mit "60", in der Übersetzung jedoch wie hier mit "1290" angegeben.</p>
   </div>
   <div type="commentary" subtype="Prosopographie">
    <head>Prosopographie</head>
   </div>
   <div type="bibliography">
    <head>Bibliographie</head>
    <p>to be done ...</p>
   </div>
  </body>
 </text>
</TEI>
