﻿<?xml version="1.0" encoding="UTF-8"?>
<?xml-model href="http://www.stoa.org/epidoc/schema/8.18/tei-epidoc.rng" schematypens="http://relaxng.org/ns/structure/1.0"?>
<TEI xmlns:xi="http://www.w3.org/2001/XInclude" xmlns:svg="http://www.w3.org/2000/svg" xmlns:math="http://www.w3.org/1998/Math/MathML" xmlns="http://www.tei-c.org/ns/1.0">
 <teiHeader>
  <fileDesc>
   <titleStmt>
    <title xml:lang='de'>Grabmal für , gest. 1774-03-12, Jüdischer Friedhof Krefeld (alter Friedhof)</title>
    <respStmt xml:lang="de">
     <resp>herausgegeben vom</resp>
     <orgName ref="http://d-nb.info/gnd/212562-6">
      Salomon Ludwig Steinheim-Institut
      <address>
       <addrLine>Edmund-Körner-Platz 2</addrLine>
       <addrLine>D-45127 Essen</addrLine>
      </address>
     </orgName>
    </respStmt>
   </titleStmt>
    <editionStmt>
    <edition/>
   </editionStmt>
   <extent/>
   <publicationStmt>
    <publisher>
     <orgName ref="http://d-nb.info/gnd/212562-6">
      Salomon Ludwig Steinheim-Institut 
      <address>
       <addrLine>Edmund-Körner-Platz 2</addrLine>
       <addrLine>D-45127 Essen</addrLine>
      </address>
     </orgName>
    </publisher>
    <idno>kre-2</idno>
    <idno type="url">http://www.steinheim-institut.de/cgi-bin/epidat?id=kre-2</idno>
    <availability xml:lang="en" status="free">
     <licence>
      <ref target="http://creativecommons.org/licenses/by/4.0/">Distributed under a Creative Commons licence Attribution-BY 4.0</ref>
      <p>
       All reuse or distribution of this work must contain somewhere a link back to the URL 
       <ref>http://www.steinheim-institut.de/cgi-bin/epidat?id=kre-2</ref>
      </p>
     </licence>
    </availability>
   </publicationStmt>
    <notesStmt>
    <note/>
   </notesStmt>
   <sourceDesc>
    <bibl>born digital</bibl>
     <msDesc>
     <msIdentifier/>
     <physDesc>
      <objectDesc>
       <supportDesc>
        <support>
         <p>
          <material>Basalt</material>
          <dimensions>
           <dim>110 x 50 cm</dim>
          </dimensions>
         </p>
        </support>
       </supportDesc>
        <layoutDesc>
        <layout/>
       </layoutDesc>
      </objectDesc>
      <decoDesc>
       <decoNote type='symbol'>Levitenkanne</decoNote>
      </decoDesc>
     </physDesc>
     <history>
      <origin>
       <date notBefore='1774-03-12'>1774-03-12</date>
       <country type="ISO_3166" key="XA-DE-NW">
        Germany
        <region>North Rhine-Westphalia</region>
       </country>
       <settlement type='city' key='tgn:7005980'>
        Krefeld (alter Friedhof) 
        <geogName>
         Jüdischer Friedhof
         <geo decls="#WGS">51.316734 6.55169</geo>
        </geogName>
       </settlement>
      </origin>
     </history>
    </msDesc>
   </sourceDesc>
  </fileDesc>
  <encodingDesc>
   <p>Encoded according to the EpiDoc Guidelines, Schema Version 8.18</p>
   <classDecl>
    <taxonomy>
     <category xml:id='foto1'>
      <catDesc>Andreas Hemstege</catDesc>
     </category>
    </taxonomy>
   </classDecl>
   <geoDecl xml:id="WGS" datum="WGS84">World Geodetic System</geoDecl>
  </encodingDesc>
  <profileDesc>
    <langUsage>
    <!-- According to bcp47 http://tools.ietf.org/html/bcp47 (Language) and ISO15924 (writing System)-->
    <language ident='he' usage='100'>Hebrew</language>
   </langUsage>
  </profileDesc>
   <revisionDesc>
   <change/>
  </revisionDesc>
 </teiHeader>
 <facsimile>
  <graphic url='http://steinheim-institut.de/daten/picskre/xl/Karteikarte B 21.png'>
    <desc>
    <ref target='#foto1'/>
    recto
   </desc>
  </graphic>
 </facsimile>
 <text>
  <body>
   <div type='edition'>
    <head>Edition</head>
     <ab>
     <lb n='1'/>
     ‎‏פה‏‎
‏‎     <lb n='2'/>
     ‎‏שוכן ומתענג איש נאמן פ״ו‏‎
‏‎     <lb n='3'/>
     ‎‏נפשו שם בכפו להגין על דורו‏‎
‏‎     <lb n='4'/>
     ‎‏בה׳ היה מבטחו ביתו היתה פתוחה‏‎
‏‎     <lb n='5'/>
     ‎‏לרוחה ושלחנו לכל נערכה מלחמו‏‎
‏‎     <lb n='6'/>
     ‎‏נתן לרעבים לרחוקים ולקרובים‏‎
‏‎     <lb n='7'/>
     ‎‏ותרן היה בממנו מו״מ היה‏‎
‏‎     <lb n='8'/>
     ‎‏באמונה מקשיב לקול תורה‏‎
‏‎     <lb n='9'/>
     ‎‏ותפילה משכים ומעריב לב״ה‏‎
‏‎     <lb n='10'/>
     ‎‏ביתו היה כמלון לכל אורח‏‎
‏‎     <lb n='11'/>
     ‎‏טוב נתן ללון כל מעשיו היה‏‎
‏‎     <lb n='12'/>
     ‎‏לש״ש בג״ע תשמח נשמתו תחת‏‎
‏‎     <lb n='13'/>
     ‎‏אשר עשה משפט וצדקה בעולם‏‎
‏‎     <lb n='14'/>
     ‎‏ה״ה נפתלי בר שלמה הלוי נפטר‏‎
‏‎     <lb n='15'/>
     ‎‏ביום ש״ק ער״ח ניסן ונקבר ביום א׳‏‎
‏‎     <lb n='16'/>
     ‎‏ר״ח ניסן שנת תקל״ד תנוח ותעמוד‏‎
‏‎     <lb n='17'/>
     ‎‏לגורלך לקץ הימין ונשמתו‏‎
‏‎     <lb n='18'/>
     ‎‏תצב״ה עש״צ בג״ע‏‎
‏‎    </ab>
   </div>
   <div type='translation'>
    <head>Übersetzung</head>
     <ab>
     <lb n='1'/>
     Hier
     <lb n='2'/>
     weilt und ergötzt sich ein verläßlicher Mann, Vorsteher und Leiter,
     <lb n='3'/>
     sein Leben nahm er in die Hand um seine Generation zu beschützen,
     <lb n='4'/>
     auf den Ewigen setzte er sein Vertrauen. Sein Haus war weit
     <lb n='5'/>
     geöffnet und sein Tisch für alle gedeckt. Von seinem Brot
     <lb n='6'/>
     gab er den Hungrigen, den Fernen und den Nahen,
     <lb n='7'/>
     sehr großzügig war er mit seinem Vermögen, sein Handel und Wandel war
     <lb n='8'/>
     in Treuen; er lauschte der Stimme der Tora
     <lb n='9'/>
     und des Gebets; des Morgens früh wie abends ging er zur Synagoge.
     <lb n='10'/>
     Sein Haus war wie eine Herberge, jeden guten
     <lb n='11'/>
     Gast ließ er übernachten. All sein Tun geschah
     <lb n='12'/>
     um des Himmels willen; im Garten Eden erfreue sich seine Seele darum,
     <lb n='13'/>
     daß er Recht und Wohltun übte in der Welt.
     <lb n='14'/>
     Es ist Naftali, Sohn des Schlomo Halevi, verschieden
     <lb n='15'/>
     am Tag des heiligen Schabbat, Vorabend des Neumonds Nissan, und begraben am Tag 1,
     <lb n='16'/>
     Neumond Nissan des Jahres 534. Ruhe und stehe auf
     <lb n='17'/>
     zu deinem Los am Ende der Tage; und seine Seele
     <lb n='18'/>
     sei eingebunden in das Bündel des Lebens mit den übrigen Gerechten im Garten Eden
    </ab>
   </div>
   <div type="commentary" subtype="Zeilenkommentar">
    <head>Zeilenkommentar</head>
    <p>Zl. 2: vgl. Jes 58,14: "Du wirst dich ergötzen an dem Ewigen".</p>
    <p>Zl. 3: vgl. 1 Sam 19,5. Hiermit wird die Führungsposition angedeutet.</p>
    <p>Zl. 4a: Jer 17,7</p>
    <p>Zln. 4/5: vgl. Avot 1,5</p>
    <p>Zl. 5: vgl. Spr 9,2</p>
    <p>Zln. 5/6: abgewandelt Spr 22,9</p>
    <p>Zln. 7/8: vgl. bShab 31a. Die Abkürzung ‎‏מו״מ‏‎ steht für ‎‏משא ומתן‏‎ "Handel und Wandel" und deutet stets auf Berufstätigkeit als Händler oder Kaufmann.</p>
    <p>Zln. 10/11: vgl. Gen 24,25</p>
    <p>Zln. 11/12: Avot 2,12</p>
    <p>Zl. 13: 2 Sam 8,15 u.ö.</p>
    <p>Zln. 16/17: Dan 12,13</p>
   </div>
   <div type="commentary" subtype="Prosopographie">
    <head>Prosopographie</head>
     <p>Naftali, Sohn des Schlomo Halevi, trug den Namen Hertz Levi (Hirz, Hertz als deutscher Beiname von Naftali, siehe Gen 49,21). Er war Vorsteher der Gemeinde in Krefeld und Vertreter der Juden in der Grafschaft Moers
     <!--Moers-->
      und mit Martha Michael vermählt. Der sehr schöne Grabstein und seine beachtliche Inschrift kennzeichnen die führende Stellung Naftalis in der Gemeinde und deuten darauf hin, daß er ein so wohlhabender wie wohltätiger Mann war – 1744 erwarb er den Friedhof für die Gemeinde (s. die Einleitung) – zwar nicht toragelehrt, aber frommen Tuns und der Gotteslehre aufmerksam lauschend. Die Inschrift bietet zu Beginn feste Prägungen, wie sie besonders für Vorsteher gebräuchlich waren, fügt aber ab Zl. 10 auch seltener verwendete Elemente hinzu.
    </p>
    <p>Hertz Levi war Vorfahr der Krefelder Familie Herzog und wird als Begründer der Chewra Kaddischa betrachtet (siehe deren Festschrift, S. 8, die sein Todesjahr mit 1775 falsch angibt). Sein Eintrag war der zweite des Krefelder Memorbuchs.</p>
   </div>
   <div type="bibliography">
    <head>Bibliographie</head>
    <p>to be done ...</p>
   </div>
  </body>
 </text>
</TEI>
