﻿<?xml version="1.0" encoding="UTF-8"?>
<?xml-model href="http://www.stoa.org/epidoc/schema/8.18/tei-epidoc.rng" schematypens="http://relaxng.org/ns/structure/1.0"?>
<TEI xmlns:xi="http://www.w3.org/2001/XInclude" xmlns:svg="http://www.w3.org/2000/svg" xmlns:math="http://www.w3.org/1998/Math/MathML" xmlns="http://www.tei-c.org/ns/1.0">
 <teiHeader>
  <fileDesc>
   <titleStmt>
    <title xml:lang='de'>Grabmal für Malke bat David ∞ Jechiel (Frau Michael Sommer), gest. 1887-10-30, Jüdischer Friedhof Euskirchen-Kuchenheim</title>
    <respStmt xml:lang="de">
     <resp>herausgegeben vom</resp>
     <orgName ref="http://d-nb.info/gnd/212562-6">
      Salomon Ludwig Steinheim-Institut
      <address>
       <addrLine>Edmund-Körner-Platz 2</addrLine>
       <addrLine>D-45127 Essen</addrLine>
      </address>
     </orgName>
    </respStmt>
   </titleStmt>
    <editionStmt>
    <edition/>
   </editionStmt>
   <extent/>
   <publicationStmt>
    <publisher>
     <orgName ref="http://d-nb.info/gnd/212562-6">
      Salomon Ludwig Steinheim-Institut 
      <address>
       <addrLine>Edmund-Körner-Platz 2</addrLine>
       <addrLine>D-45127 Essen</addrLine>
      </address>
     </orgName>
    </publisher>
    <idno>kuc-14</idno>
    <idno type="url">http://www.steinheim-institut.de/cgi-bin/epidat?id=kuc-14</idno>
    <availability xml:lang="en" status="free">
     <licence>
      <ref target="http://creativecommons.org/licenses/by/4.0/">Distributed under a Creative Commons licence Attribution-BY 4.0</ref>
      <p>
       All reuse or distribution of this work must contain somewhere a link back to the URL 
       <ref>http://www.steinheim-institut.de/cgi-bin/epidat?id=kuc-14</ref>
      </p>
     </licence>
    </availability>
   </publicationStmt>
    <notesStmt>
    <note/>
   </notesStmt>
   <sourceDesc>
    <bibl>born digital</bibl>
     <msDesc>
     <msIdentifier/>
     <physDesc>
      <objectDesc>
       <supportDesc>
        <support>
         <p>
          <material>Stein</material>
          <dimensions>
           <dim>H: 98 B: 55 T: 14</dim>
          </dimensions>
         </p>
        </support>
       </supportDesc>
        <layoutDesc>
        <layout/>
       </layoutDesc>
      </objectDesc>
     </physDesc>
     <history>
      <origin>
       <date notBefore='1887-10-30'>1887-10-30</date>
       <country type="ISO_3166" key="XA-DE-NW">
        Germany
        <region>North Rhine-Westphalia</region>
       </country>
       <settlement type='city' key='tgn:1039038'>
        Euskirchen-Kuchenheim 
        <geogName>
         Jüdischer Friedhof
         <geo decls="#WGS">50.654142 6.817220</geo>
        </geogName>
       </settlement>
      </origin>
     </history>
    </msDesc>
   </sourceDesc>
  </fileDesc>
  <encodingDesc>
   <p>Encoded according to the EpiDoc Guidelines, Schema Version 8.18</p>
   <geoDecl xml:id="WGS" datum="WGS84">World Geodetic System</geoDecl>
  </encodingDesc>
  <profileDesc>
   <particDesc>
    <listPerson>
     <person xml:id="kuc-14-1" sex='2'>
      <persName>Malke bat David ∞ Jechiel (Frau Michael Sommer)</persName>
       <event when='1887-10-30' type="dateofdeath">
       <desc/>
      </event>
     </person>
    </listPerson>
   </particDesc>
    <langUsage>
    <!-- According to bcp47 http://tools.ietf.org/html/bcp47 (Language) and ISO15924 (writing System)-->
    <language ident='he' usage='70'>Hebrew</language>
    <language ident='de' usage='29'>German</language>
   </langUsage>
  </profileDesc>
   <revisionDesc>
   <change/>
  </revisionDesc>
 </teiHeader>
 <facsimile></facsimile>
 <text>
  <body>
   <div type='edition'>
    <head>Edition</head>
     <ab>
     <lb n='1'/>
     ‎‏פ״ט‏‎
‏‎     <lb n='2'/>
     ‎‏אשה צנועה בכל דרכיה‏‎
‏‎     <lb n='3'/>
     ‎‏ישרה ותמימה במעשיה‏‎
‏‎     <lb n='4'/>
     ‎‏ה״ה מר׳ מלכא בת דוד‏‎
‏‎     <lb n='5'/>
     ‎‏אשת ר׳ יחיאל מקוכענהיים‏‎
‏‎     <lb n='6'/>
     ‎‏מתה ביום א׳ י״ב חשון‏‎
‏‎     <lb n='7'/>
     ‎‏ונקברה ביום ג׳ י״ד חשון‏‎
‏‎     <lb n='8'/>
     ‎‏שנת תרמ״ח לפ״ק תנצב״ה‏‎
‏‎     <lb n='9'/>
     Hier ruht
     <lb n='10'/>
     Frau Michael Sommer
     <lb n='11'/>
     aus Kuchenheim
     <lb n='12'/>
     gest. im Alter von 80 ...
    </ab>
   </div>
   <div type='translation'>
    <head>Übersetzung</head>
     <ab>
     <lb n='1'/>
     Hier ist geborgen
     <lb n='2'/>
     eine Frau, züchtig auf all ihren Wegen,
     <lb n='3'/>
     aufrecht und lauter in ihren Taten,
     <lb n='4'/>
     es ist Frau Malke, Tochter des David,
     <lb n='5'/>
     Gattin des Herrn Jechiel aus Kuchenheim,
     <lb n='6'/>
     gestorben am Tag 1, 12. Cheschvan
     <lb n='7'/>
     und begraben am Tag 3, 14. Cheschvan
     <lb n='8'/>
     des Jahres 648 der kleinen Zählung. Ihre Seele sei eingebunden in das Bündel des Lebens
    </ab>
   </div>
   <div type="commentary" subtype="Prosopographie">
    <head>Prosopographie</head>
   </div>
   <div type="bibliography">
    <head>Bibliographie</head>
    <p>to be done ...</p>
   </div>
  </body>
 </text>
</TEI>
