﻿<?xml version="1.0" encoding="UTF-8"?>
<?xml-model href="http://www.stoa.org/epidoc/schema/8.18/tei-epidoc.rng" schematypens="http://relaxng.org/ns/structure/1.0"?>
<TEI xmlns:xi="http://www.w3.org/2001/XInclude" xmlns:svg="http://www.w3.org/2000/svg" xmlns:math="http://www.w3.org/1998/Math/MathML" xmlns="http://www.tei-c.org/ns/1.0">
 <teiHeader>
  <fileDesc>
   <titleStmt>
    <title xml:lang='de'>Grabmal für Bilha bat Gedaljah ∞ Arje ben Mosche (Sibilla Sommer geb. Roesberg), gest. 1899-09-02, Jüdischer Friedhof Euskirchen-Kuchenheim</title>
    <respStmt xml:lang="de">
     <resp>herausgegeben vom</resp>
     <orgName ref="http://d-nb.info/gnd/212562-6">
      Salomon Ludwig Steinheim-Institut
      <address>
       <addrLine>Edmund-Körner-Platz 2</addrLine>
       <addrLine>D-45127 Essen</addrLine>
      </address>
     </orgName>
    </respStmt>
   </titleStmt>
    <editionStmt>
    <edition/>
   </editionStmt>
   <extent/>
   <publicationStmt>
    <publisher>
     <orgName ref="http://d-nb.info/gnd/212562-6">
      Salomon Ludwig Steinheim-Institut 
      <address>
       <addrLine>Edmund-Körner-Platz 2</addrLine>
       <addrLine>D-45127 Essen</addrLine>
      </address>
     </orgName>
    </publisher>
    <idno>kuc-22</idno>
    <idno type="url">http://www.steinheim-institut.de/cgi-bin/epidat?id=kuc-22</idno>
    <availability xml:lang="en" status="free">
     <licence>
      <ref target="http://creativecommons.org/licenses/by/4.0/">Distributed under a Creative Commons licence Attribution-BY 4.0</ref>
      <p>
       All reuse or distribution of this work must contain somewhere a link back to the URL 
       <ref>http://www.steinheim-institut.de/cgi-bin/epidat?id=kuc-22</ref>
      </p>
     </licence>
    </availability>
   </publicationStmt>
    <notesStmt>
    <note/>
   </notesStmt>
   <sourceDesc>
    <bibl>born digital</bibl>
     <msDesc>
     <msIdentifier/>
     <physDesc>
      <objectDesc>
       <supportDesc>
        <support>
         <p>
          <material>Stein</material>
          <dimensions>
           <dim>H: 73 B: 57 T: 14</dim>
          </dimensions>
         </p>
        </support>
        <condition>
         <p>Der Grabstein liegt.</p>
        </condition>
       </supportDesc>
        <layoutDesc>
        <layout/>
       </layoutDesc>
      </objectDesc>
     </physDesc>
     <history>
      <origin>
       <date notBefore='1899-09-02'>1899-09-02</date>
       <country type="ISO_3166" key="XA-DE-NW">
        Germany
        <region>North Rhine-Westphalia</region>
       </country>
       <settlement type='city' key='tgn:1039038'>
        Euskirchen-Kuchenheim 
        <geogName>
         Jüdischer Friedhof
         <geo decls="#WGS">50.654142 6.817220</geo>
        </geogName>
       </settlement>
      </origin>
     </history>
    </msDesc>
   </sourceDesc>
  </fileDesc>
  <encodingDesc>
   <p>Encoded according to the EpiDoc Guidelines, Schema Version 8.18</p>
   <geoDecl xml:id="WGS" datum="WGS84">World Geodetic System</geoDecl>
  </encodingDesc>
  <profileDesc>
   <particDesc>
    <listPerson>
     <person xml:id="kuc-22-1" sex='2'>
      <persName>Bilha bat Gedaljah ∞ Arje ben Mosche (Sibilla Sommer geb. Roesberg)</persName>
       <event when='1899-09-02' type="dateofdeath">
       <desc/>
      </event>
     </person>
    </listPerson>
   </particDesc>
    <langUsage>
    <!-- According to bcp47 http://tools.ietf.org/html/bcp47 (Language) and ISO15924 (writing System)-->
    <language ident='he' usage='71'>Hebrew</language>
    <language ident='de' usage='28'>German</language>
   </langUsage>
  </profileDesc>
   <revisionDesc>
   <change/>
  </revisionDesc>
 </teiHeader>
 <facsimile></facsimile>
 <text>
  <body>
   <div type='edition'>
    <head>Edition</head>
     <ab>
     <lb n='1'/>
     ‎‏פ״ט‏‎
‏‎     <lb n='2'/>
     ‎‏אשה צנועה בכל דרכיה‏‎
‏‎     <lb n='3'/>
     ‎‏ישרה ותמימה במעשיה‏‎
‏‎     <lb n='4'/>
     ‎‏ה״ה מרת בלהה בת ר׳ גדליה‏‎
‏‎     <lb n='5'/>
     ‎‏אשת ר׳ אריה בן ר׳ משה‏‎
‏‎     <lb n='6'/>
     ‎‏המכונה לאען זאמער מתה‏‎
‏‎     <lb n='7'/>
     ‎‏לעת זקנתה בת צ״ג שנה‏‎
‏‎     <lb n='8'/>
     ‎‏ביום ז׳ ש״ק כ״ז אלול שנת‏‎
‏‎     <lb n='9'/>
     ‎‏תרנ״ט לפ״ק תנצב״ה‏‎
‏‎     <lb n='10'/>
     Hier ruht
     <lb n='11'/>
     Sibilla Sommer
     <lb n='12'/>
     geb. Roesberg
     <lb n='13'/>
     gest. 2. Sept. 1899
     <lb n='14'/>
     im Alter von 93 Jahren
    </ab>
   </div>
   <div type='translation'>
    <head>Übersetzung</head>
     <ab>
     <lb n='1'/>
     Hier ist geborgen
     <lb n='2'/>
     eine Frau, züchtig auf all ihren Wegen,
     <lb n='3'/>
     aufrecht und lauter in ihren Taten,
     <lb n='4'/>
     es ist Frau Bilha, Tochter des Herrn Gedaljah,
     <lb n='5'/>
     Gattin des Herrn Arje, Sohn des Herrn Mosche,
     <lb n='6'/>
     genannt Leon Sommer, gestorben
     <lb n='7'/>
     hochbetagt 93 Jahre alt
     <lb n='8'/>
     am Tag 7, dem heiligen Schabbat, 27. Elul des Jahres
     <lb n='9'/>
     659 der kleinen Zählung. Ihre Seele sei eingebunden in das Bündel des Lebens
    </ab>
   </div>
   <div type="commentary" subtype="Prosopographie">
    <head>Prosopographie</head>
   </div>
   <div type="bibliography">
    <head>Bibliographie</head>
    <p>to be done ...</p>
   </div>
  </body>
 </text>
</TEI>
