﻿<?xml version="1.0" encoding="UTF-8"?>
<?xml-model href="http://www.stoa.org/epidoc/schema/8.18/tei-epidoc.rng" schematypens="http://relaxng.org/ns/structure/1.0"?>
<TEI xmlns:xi="http://www.w3.org/2001/XInclude" xmlns:svg="http://www.w3.org/2000/svg" xmlns:math="http://www.w3.org/1998/Math/MathML" xmlns="http://www.tei-c.org/ns/1.0">
 <teiHeader>
  <fileDesc>
   <titleStmt>
    <title xml:lang='de'>Grabmal, Jüdischer Friedhof Weilerswist-Lommersum</title>
    <respStmt xml:lang="de">
     <resp>herausgegeben vom</resp>
     <orgName ref="http://d-nb.info/gnd/212562-6">
      Salomon Ludwig Steinheim-Institut
      <address>
       <addrLine>Edmund-Körner-Platz 2</addrLine>
       <addrLine>D-45127 Essen</addrLine>
      </address>
     </orgName>
    </respStmt>
   </titleStmt>
    <editionStmt>
    <edition/>
   </editionStmt>
   <extent/>
   <publicationStmt>
    <publisher>
     <orgName ref="http://d-nb.info/gnd/212562-6">
      Salomon Ludwig Steinheim-Institut 
      <address>
       <addrLine>Edmund-Körner-Platz 2</addrLine>
       <addrLine>D-45127 Essen</addrLine>
      </address>
     </orgName>
    </publisher>
    <idno>lom-3</idno>
    <idno type="url">http://www.steinheim-institut.de/cgi-bin/epidat?id=lom-3</idno>
    <availability xml:lang="en" status="free">
     <licence>
      <ref target="http://creativecommons.org/licenses/by/4.0/">Distributed under a Creative Commons licence Attribution-BY 4.0</ref>
      <p>
       All reuse or distribution of this work must contain somewhere a link back to the URL 
       <ref>http://www.steinheim-institut.de/cgi-bin/epidat?id=lom-3</ref>
      </p>
     </licence>
    </availability>
   </publicationStmt>
    <notesStmt>
    <note/>
   </notesStmt>
   <sourceDesc>
    <bibl>born digital</bibl>
     <msDesc>
     <msIdentifier/>
     <physDesc>
      <objectDesc>
       <supportDesc>
        <support>
         <p>
          <material>Stein</material>
         </p>
        </support>
       </supportDesc>
        <layoutDesc>
        <layout/>
       </layoutDesc>
      </objectDesc>
     </physDesc>
     <history>
      <origin>
       <country type="ISO_3166" key="XA-DE-NW">
        Germany
        <region>North Rhine-Westphalia</region>
       </country>
       <settlement type='city' key='tgn:1041711'>
        Weilerswist-Lommersum 
        <geogName>
         Jüdischer Friedhof
         <geo decls="#WGS">50.702917 6.787306</geo>
        </geogName>
       </settlement>
      </origin>
     </history>
    </msDesc>
   </sourceDesc>
  </fileDesc>
  <encodingDesc>
   <p>Encoded according to the EpiDoc Guidelines, Schema Version 8.18</p>
   <geoDecl xml:id="WGS" datum="WGS84">World Geodetic System</geoDecl>
  </encodingDesc>
  <profileDesc>
    <langUsage>
    <!-- According to bcp47 http://tools.ietf.org/html/bcp47 (Language) and ISO15924 (writing System)-->
    <language ident='he' usage='100'>Hebrew</language>
   </langUsage>
  </profileDesc>
   <revisionDesc>
   <change/>
  </revisionDesc>
 </teiHeader>
 <facsimile></facsimile>
 <text>
  <body>
   <div type='edition'>
    <head>Edition</head>
     <ab>
     <lb n='1'/>
     ‎‏פ.ט‏‎
‏‎     <lb n='2'/>
     ‎‏איש ישר וכשר אשה ישרה ויקרה‏‎
‏‎     <lb n='3'/>
     ‎‏ה״ה כמר שמואל ה״ה מרת מאטכע ב״‏‎
‏‎     <lb n='4'/>
     ‎‏בר נתן מת לעת משה אשת שמואל‏‎
‏‎     <lb n='5'/>
     ‎‏זקנה ביו׳ ד׳ כ׳ מנח״ מתה ביום ג׳ כ״ה‏‎
‏‎     <lb n='6'/>
     ‎‏אב שנת ת׳ר׳כ׳ לפ״ק אדר א׳ ת׳ר׳ל׳ב׳ לפ״ק‏‎
‏‎     <lb n='7'/>
     ‎‏ת׳נ׳צ׳ב׳ה׳ ת׳נ׳צ׳ב׳ה׳‏‎
‏‎     <lb n='8'/>
    </ab>
   </div>
   <div type='translation'>
    <head>Übersetzung</head>
     <ab>
     <lb n='1'/>
     Hier ist verborgen
     <lb n='2'/>
     eine aufrechte und teure Frau, ein Mann, aufrecht und rechtschaffen,
     <lb n='3'/>
     das ist Frau Matche Tochter des das ist seine Ehren Schmuel
     <lb n='4'/>
     Mosche Gattin des Schmuel, Sohn des Nathan, er starb zur Zeit
     <lb n='5'/>
     gestorben am Dienstag, 25. des Alters am Mittwoch, 20. Menachem
     <lb n='6'/>
     des ersten Adar 632 nach kleiner Zählung Aw des Jahres 620 nach kleiner Zählung
     <lb n='7'/>
     Ihre Seele sei eingebunden in Seine Seele sei eingebunden in
     <lb n='8'/>
      [das Bündel des Lebens [das Bündel des Lebens
    </ab>
   </div>
   <div type="commentary" subtype="Zeilenkommentar">
    <head>Zeilenkommentar</head>
    <p>Rechts: Angaben laut PstA Brühl: Samuel Natus, gest. 7.8.1860 (Sterbe-Urkunde Nr. 21/1860).</p>
    <p>Links: Angaben laut Standesamt Weilerswist: Magdalena Natus geb. Wallach, gest. 4.4.1872.</p>
   </div>
   <div type="commentary" subtype="Prosopographie">
    <head>Prosopographie</head>
   </div>
   <div type="bibliography">
    <head>Bibliographie</head>
    <p>to be done ...</p>
   </div>
  </body>
 </text>
</TEI>
