﻿<?xml version="1.0" encoding="UTF-8"?>
<?xml-model href="http://www.stoa.org/epidoc/schema/8.18/tei-epidoc.rng" schematypens="http://relaxng.org/ns/structure/1.0"?>
<TEI xmlns:xi="http://www.w3.org/2001/XInclude" xmlns:svg="http://www.w3.org/2000/svg" xmlns:math="http://www.w3.org/1998/Math/MathML" xmlns="http://www.tei-c.org/ns/1.0">
 <teiHeader>
  <fileDesc>
   <titleStmt>
    <title xml:lang='de'>Grabmal für Mirjam bat Ber ∞ Bunem ( Maria Klee von Miesenheim), gest. 1853-07-17, Jüdischer Friedhof Miesenheim</title>
    <respStmt xml:lang="de">
     <resp>herausgegeben vom</resp>
     <orgName ref="http://d-nb.info/gnd/212562-6">
      Salomon Ludwig Steinheim-Institut
      <address>
       <addrLine>Edmund-Körner-Platz 2</addrLine>
       <addrLine>D-45127 Essen</addrLine>
      </address>
     </orgName>
    </respStmt>
   </titleStmt>
    <editionStmt>
    <edition/>
   </editionStmt>
   <extent/>
   <publicationStmt>
    <publisher>
     <orgName ref="http://d-nb.info/gnd/212562-6">
      Salomon Ludwig Steinheim-Institut 
      <address>
       <addrLine>Edmund-Körner-Platz 2</addrLine>
       <addrLine>D-45127 Essen</addrLine>
      </address>
     </orgName>
    </publisher>
    <idno>msn-36</idno>
    <idno type="url">http://www.steinheim-institut.de/cgi-bin/epidat?id=msn-36</idno>
    <availability xml:lang="en" status="free">
     <licence>
      <ref target="http://creativecommons.org/licenses/by/4.0/">Distributed under a Creative Commons licence Attribution-BY 4.0</ref>
      <p>
       All reuse or distribution of this work must contain somewhere a link back to the URL 
       <ref>http://www.steinheim-institut.de/cgi-bin/epidat?id=msn-36</ref>
      </p>
     </licence>
    </availability>
   </publicationStmt>
    <notesStmt>
    <note/>
   </notesStmt>
   <sourceDesc>
    <bibl>born digital</bibl>
     <msDesc>
     <msIdentifier/>
     <physDesc>
      <objectDesc>
       <supportDesc>
        <support>
         <p>
          <material>Stein</material>
         </p>
        </support>
       </supportDesc>
        <layoutDesc>
        <layout/>
       </layoutDesc>
      </objectDesc>
     </physDesc>
     <history>
      <origin>
       <date notBefore='1853-07-17'>1853-07-17</date>
       <country type="ISO_3166" key="XA-DE-RP">
        Germany
        <region>Rhineland-Palatinate</region>
       </country>
       <settlement type='city' key='tgn:7005959'>
        Miesenheim 
        <geogName>
         Jüdischer Friedhof
         <geo decls="#WGS">50.392672 7.415385</geo>
        </geogName>
       </settlement>
      </origin>
     </history>
    </msDesc>
   </sourceDesc>
  </fileDesc>
  <encodingDesc>
   <p>Encoded according to the EpiDoc Guidelines, Schema Version 8.18</p>
   <geoDecl xml:id="WGS" datum="WGS84">World Geodetic System</geoDecl>
  </encodingDesc>
  <profileDesc>
   <particDesc>
    <listPerson>
     <person xml:id="msn-36-1" sex='2'>
      <persName> Mirjam bat Ber ∞ Bunem ( Maria Klee von Miesenheim)</persName>
       <event when='1853-07-17' type="dateofdeath">
       <desc/>
      </event>
     </person>
    </listPerson>
   </particDesc>
    <langUsage>
    <!-- According to bcp47 http://tools.ietf.org/html/bcp47 (Language) and ISO15924 (writing System)-->
    <language ident='he' usage='81'>Hebrew</language>
    <language ident='de' usage='18'>German</language>
   </langUsage>
  </profileDesc>
   <revisionDesc>
   <change/>
  </revisionDesc>
 </teiHeader>
 <facsimile></facsimile>
 <text>
  <body>
   <div type='edition'>
    <head>Edition</head>
     <ab>
     <lb n='1'/>
     ‎‏פ״ט‏‎
‏‎     <lb n='2'/>
     ‎‏האשה תפארת בעלה‏‎
‏‎     <lb n='3'/>
     ‎‏ותפארת בניה‏‎
‏‎     <lb n='4'/>
     ‎‏מ׳ מרים בת כ׳ בער ז״ל‏‎
‏‎     <lb n='5'/>
     ‎‏אשת כ׳ בונם יצ״ו‏‎
‏‎     <lb n='6'/>
     ‎‏נפטרת ביום א׳ י״א תמוז‏‎
‏‎     <lb n='7'/>
     ‎‏ונקברת ביום ב׳ י״ב תמוז‏‎
‏‎     <lb n='8'/>
     ‎‏שנת תרי״ג לפ״ק‏‎
‏‎     <lb n='9'/>
     ‎‏נתצב״ה‏‎
‏‎     <lb n='10'/>
     Rückseite
     <lb n='11'/>
     Hier ruhet Maria Klee
     <lb n='12'/>
     von
     <lb n='13'/>
     Miesenheim
    </ab>
   </div>
   <div type='translation'>
    <head>Übersetzung</head>
     <ab>
     <lb n='1'/>
     Hier ist geborgen
     <lb n='2'/>
     die Frau, Zierde ihres Gatten
     <lb n='3'/>
     ›und Zierde ihrer Kinder‹,
     <lb n='4'/>
     Frau Mirjam, Tochter des geehrten Ber, sein Andenken zum Segen,
     <lb n='5'/>
     Gattin des geehrten Bunem, sein ›Fels und Erlöser‹ behüte ihn,
     <lb n='6'/>
     verschieden am Tag 1, 11. Tammus
     <lb n='7'/>
     und begraben am Tag 2, 12. Tammus
     <lb n='8'/>
     des Jahres 613 der kleinen Zählung.
     <lb n='9'/>
     Es sei ihre Seele eingebunden in das Bündel des Lebens
    </ab>
   </div>
   <div type="commentary" subtype="Zitate">
    <head>Zitate</head>
    <p>Zl 3: Spr 17,6</p>
    <p>Zl 5: Ps 19,15</p>
   </div>
   <div type="commentary" subtype="Zeilenkommentar">
    <head>Zeilenkommentar</head>
    <p>Zl 4: Bär ist häufig der Alltagsname zum religiösen Namen Issachar.</p>
    <p>Zl 5: Bonem ist häufig der Alltagsname zum religiösen Namen Simcha. "Sein Fels und Erlöser behüte ihn", Ps 19,15 entnommen, ist ein Segensspruch, daß dem Namen von noch Lebender nachgestellt wird.</p>
   </div>
   <div type="commentary" subtype="Endkommentar">
    <head>Endkommentar</head>
    <p>Das Todesdatum ist nicht ganz sicher, eine diesbezügliche Anfrage beim Standesamt Pellenz blieb leider ohne Ergebnis.</p>
   </div>
   <div type="commentary" subtype="Prosopographie">
    <head>Prosopographie</head>
   </div>
   <div type="bibliography">
    <head>Bibliographie</head>
    <p>to be done ...</p>
   </div>
  </body>
 </text>
</TEI>
