﻿<?xml version="1.0" encoding="UTF-8"?>
<?xml-model href="http://www.stoa.org/epidoc/schema/8.18/tei-epidoc.rng" schematypens="http://relaxng.org/ns/structure/1.0"?>
<TEI xmlns:xi="http://www.w3.org/2001/XInclude" xmlns:svg="http://www.w3.org/2000/svg" xmlns:math="http://www.w3.org/1998/Math/MathML" xmlns="http://www.tei-c.org/ns/1.0">
 <teiHeader>
  <fileDesc>
   <titleStmt>
    <title xml:lang='de'>Grabmal für Brache (?) bat Mosche, gest. 1771-04-14, Löb, Jüdischer Friedhof Mülheim an der Ruhr</title>
    <respStmt xml:lang="de">
     <resp>herausgegeben vom</resp>
     <orgName ref="http://d-nb.info/gnd/212562-6">
      Salomon Ludwig Steinheim-Institut
      <address>
       <addrLine>Edmund-Körner-Platz 2</addrLine>
       <addrLine>D-45127 Essen</addrLine>
      </address>
     </orgName>
    </respStmt>
   </titleStmt>
    <editionStmt>
    <edition/>
   </editionStmt>
   <extent/>
   <publicationStmt>
    <publisher>
     <orgName ref="http://d-nb.info/gnd/212562-6">
      Salomon Ludwig Steinheim-Institut 
      <address>
       <addrLine>Edmund-Körner-Platz 2</addrLine>
       <addrLine>D-45127 Essen</addrLine>
      </address>
     </orgName>
    </publisher>
    <idno>mue-1</idno>
    <idno type="url">http://www.steinheim-institut.de/cgi-bin/epidat?id=mue-1</idno>
    <availability xml:lang="en" status="free">
     <licence>
      <ref target="http://creativecommons.org/licenses/by/4.0/">Distributed under a Creative Commons licence Attribution-BY 4.0</ref>
      <p>
       All reuse or distribution of this work must contain somewhere a link back to the URL 
       <ref>http://www.steinheim-institut.de/cgi-bin/epidat?id=mue-1</ref>
      </p>
     </licence>
    </availability>
   </publicationStmt>
    <notesStmt>
    <note/>
   </notesStmt>
   <sourceDesc>
    <bibl>born digital</bibl>
     <msDesc>
     <msIdentifier/>
     <physDesc>
      <objectDesc>
       <supportDesc>
        <support>
         <p>
          <material>Stein</material>
         </p>
        </support>
       </supportDesc>
        <layoutDesc>
        <layout/>
       </layoutDesc>
      </objectDesc>
     </physDesc>
     <history>
      <origin>
       <date notBefore='1771-04-14'>1771-04-14</date>
       <country type="ISO_3166" key="XA-DE-NW">
        Germany
        <region>North Rhine-Westphalia</region>
       </country>
       <settlement type='city' key='tgn:7004909'>
        Mülheim an der Ruhr 
        <geogName>
         Jüdischer Friedhof
         <geo decls="#WGS">51.42938 6.903586</geo>
        </geogName>
       </settlement>
      </origin>
     </history>
    </msDesc>
   </sourceDesc>
  </fileDesc>
  <encodingDesc>
   <p>Encoded according to the EpiDoc Guidelines, Schema Version 8.18</p>
   <geoDecl xml:id="WGS" datum="WGS84">World Geodetic System</geoDecl>
  </encodingDesc>
  <profileDesc>
   <particDesc>
    <listPerson>
     <person xml:id="mue-1-1" sex='2'>
      <persName>Brache (?) bat Mosche</persName>
       <event when='1771-04-14' type="dateofdeath">
       <desc/>
      </event>
     </person>
     <person xml:id="mue-1-2" sex='1'>
      <persName>Löb</persName>
     </person>
    </listPerson>
   </particDesc>
    <langUsage>
    <!-- According to bcp47 http://tools.ietf.org/html/bcp47 (Language) and ISO15924 (writing System)-->
    <language ident='he' usage='100'>Hebrew</language>
   </langUsage>
  </profileDesc>
   <revisionDesc>
   <change/>
  </revisionDesc>
 </teiHeader>
 <facsimile></facsimile>
 <text>
  <body>
   <div type='edition'>
    <head>Edition</head>
     <ab>
     <lb n='1'/>
     ‎‏פ״נ‏‎
‏‎     <lb n='2'/>
     ‎‏איש // ואשתו‏‎
‏‎     <lb n='3'/>
     ‎‏צדיק וישר כל // החשובה זקנה‏‎
‏‎     <lb n='4'/>
     ‎‏מעשיו עשה // כשרה ו[...]‏‎
‏‎     <lb n='5'/>
     ‎‏בכושר [...] // א״ח ברהכה ‏‎
‏‎     <lb n='6'/>
     ‎‏למצות [...] //בת כה״ר משה ‏‎
‏‎     <lb n='7'/>
     ‎‏ה״ה כ׳ ר׳ // [...]‏‎
‏‎     <lb n='8'/>
     ‎‏...//‎‏נפטרת‏‎
‏‎     <lb n='9'/>
     ‎‏ליב // ונקברת יום‏‎
‏‎     <lb n='10'/>
     ‎‏נקבר //א׳ א׳ דר״ח אייר‏‎
‏‎     <lb n='11'/>
     ‎‏...//‎‏שנת תקל״א‏‎
‏‎     <lb n='12'/>
     ‎‏...‏‎
    </ab>
   </div>
   <div type='translation'>
    <head>Übersetzung</head>
     <ab>
     <lb n='1'/>
     Hier ist begraben
     <lb n='2'/>
     ein Mann // und seine Frau
     <lb n='3'/>
     Gerechter und aufrecht tat er alle // die Angesehene betagt
     <lb n='4'/>
     seine Taten // tugendhaft und
     <lb n='5'/>
     in Tugend [...] // ›tüchtige Gattin‹ Brache (?)
     <lb n='6'/>
     den Geboten ... // Tochter des geehrten Herrn Mosche
     <lb n='7'/>
     es ist der geehrte // 
     <lb n='8'/>
     ... // verschieden
     <lb n='9'/>
     Löb // und begraben Tag
     <lb n='10'/>
     begraben // 1, 1. des Neumonds Ijar
     <lb n='11'/>
     ... //des Jahres 531
     <lb n='12'/>
     ...
    </ab>
   </div>
   <div type="commentary" subtype="Zitate">
    <head>Zitate</head>
    <p>Zl 5: Spr 31,10</p>
   </div>
   <div type="commentary" subtype="Prosopographie">
    <head>Prosopographie</head>
   </div>
   <div type="bibliography">
    <head>Bibliographie</head>
    <p>to be done ...</p>
   </div>
  </body>
 </text>
</TEI>
