﻿<?xml version="1.0" encoding="UTF-8"?>
<?xml-model href="http://www.stoa.org/epidoc/schema/8.18/tei-epidoc.rng" schematypens="http://relaxng.org/ns/structure/1.0"?>
<TEI xmlns:xi="http://www.w3.org/2001/XInclude" xmlns:svg="http://www.w3.org/2000/svg" xmlns:math="http://www.w3.org/1998/Math/MathML" xmlns="http://www.tei-c.org/ns/1.0">
 <teiHeader>
  <fileDesc>
   <titleStmt>
    <title xml:lang='de'>Grabmal für Edel ∞ Chajim Stern (Adelheid Benjamin), gest. 1866-05-24, Jüdischer Friedhof Rüthen-Oestereiden</title>
    <respStmt xml:lang="de">
     <resp>herausgegeben vom</resp>
     <orgName ref="http://d-nb.info/gnd/212562-6">
      Salomon Ludwig Steinheim-Institut
      <address>
       <addrLine>Edmund-Körner-Platz 2</addrLine>
       <addrLine>D-45127 Essen</addrLine>
      </address>
     </orgName>
    </respStmt>
   </titleStmt>
    <editionStmt>
    <edition/>
   </editionStmt>
   <extent/>
   <publicationStmt>
    <publisher>
     <orgName ref="http://d-nb.info/gnd/212562-6">
      Salomon Ludwig Steinheim-Institut 
      <address>
       <addrLine>Edmund-Körner-Platz 2</addrLine>
       <addrLine>D-45127 Essen</addrLine>
      </address>
     </orgName>
    </publisher>
    <idno>oes-2</idno>
    <idno type="url">http://www.steinheim-institut.de/cgi-bin/epidat?id=oes-2</idno>
    <availability xml:lang="en" status="free">
     <licence>
      <ref target="http://creativecommons.org/licenses/by/4.0/">Distributed under a Creative Commons licence Attribution-BY 4.0</ref>
      <p>
       All reuse or distribution of this work must contain somewhere a link back to the URL 
       <ref>http://www.steinheim-institut.de/cgi-bin/epidat?id=oes-2</ref>
      </p>
     </licence>
    </availability>
   </publicationStmt>
    <notesStmt>
    <note/>
   </notesStmt>
   <sourceDesc>
    <bibl>born digital</bibl>
     <msDesc>
     <msIdentifier/>
     <physDesc>
      <objectDesc>
       <supportDesc>
        <support>
         <p>
          <material>Stein</material>
          Stele mit Rundbogenabschluß (vgl. auch das Grabmal des Gatten).
         </p>
        </support>
        <condition>
         <p>starker Flechtenbewuchs. Teils starke Verwitterung, Beschädigung am hinteren oberen Abschluß</p>
        </condition>
       </supportDesc>
        <layoutDesc>
        <layout/>
       </layoutDesc>
      </objectDesc>
     </physDesc>
     <history>
      <origin>
       <date notBefore='1866-05-24'>1866-05-24</date>
       <country type="ISO_3166" key="XA-DE-NW">
        Germany
        <region>North Rhine-Westphalia</region>
       </country>
       <settlement type='city' key='tgn:7115274'>
        Rüthen-Oestereiden 
        <geogName>
         Jüdischer Friedhof
         <geo decls="#WGS">51.561531 8.422989</geo>
        </geogName>
       </settlement>
      </origin>
     </history>
    </msDesc>
   </sourceDesc>
  </fileDesc>
  <encodingDesc>
   <p>Encoded according to the EpiDoc Guidelines, Schema Version 8.18</p>
   <classDecl>
    <taxonomy>
     <category xml:id='foto1'>
      <catDesc>Hermann J. Krämer, Rüthen</catDesc>
     </category>
     <category xml:id='foto2'>
      <catDesc>Stadtarchiv Rüthen</catDesc>
     </category>
    </taxonomy>
   </classDecl>
   <geoDecl xml:id="WGS" datum="WGS84">World Geodetic System</geoDecl>
  </encodingDesc>
  <profileDesc>
   <particDesc>
    <listPerson>
     <person xml:id="oes-2-1" sex='2'>
      <persName>Edel ∞ Chajim Stern (Adelheid Benjamin)</persName>
       <event when='1866-05-24' type="dateofdeath">
       <desc/>
      </event>
     </person>
    </listPerson>
   </particDesc>
    <langUsage>
    <!-- According to bcp47 http://tools.ietf.org/html/bcp47 (Language) and ISO15924 (writing System)-->
    <language ident='he' usage='62'>Hebrew</language>
    <language ident='de' usage='37'>German</language>
   </langUsage>
  </profileDesc>
   <revisionDesc>
   <change/>
  </revisionDesc>
 </teiHeader>
 <facsimile>
  <graphic url='http://steinheim-institut.de/daten/picsoes/xl/0002_oes_1983.jpg'>
    <desc>
    <ref target='#foto2'/>
    <date when='1983'/>
    recto
   </desc>
  </graphic>
  <graphic url='http://steinheim-institut.de/daten/picsoes/xl/0002does_2008.JPG'>
    <desc>
    <ref target='#foto1'/>
    <date when='2008'/>
    Detail
   </desc>
  </graphic>
  <graphic url='http://steinheim-institut.de/daten/picsoes/xl/0002roes_1983.jpg'>
    <desc>
    <ref target='#foto2'/>
    <date when='1983'/>
    verso
   </desc>
  </graphic>
  <graphic url='http://steinheim-institut.de/daten/picsoes/xl/0002roes_2008.JPG'>
    <desc>
    <ref target='#foto1'/>
    <date when='2008'/>
    verso
   </desc>
  </graphic>
 </facsimile>
 <text>
  <body>
   <div type='edition'>
    <head>Edition</head>
    <div type='textpart' subtype='recto'>
      <ab>
      <lb n='1'/>
      ‎‏פ״נ‏‎
‏‎      <lb n='2'/>
      ‎‏אישה היקרה‏‎
‏‎      <lb n='3'/>
      ‎‏מרת עדל‏‎
‏‎      <lb n='4'/>
      ‎‏אשת ר׳ חיים‏‎
‏‎      <lb n='5'/>
      ‎‏סטערן מכאן‏‎
‏‎      <lb n='6'/>
      ‎‏הל״ה ביו׳ ה׳ י׳‏‎
‏‎      <lb n='7'/>
      ‎‏סיון תרכ״ו לפ״ק‏‎
‏‎      <lb n='8'/>
      ‎‏תנצב״ה‏‎
‏‎     </ab>
    </div>
    <div type='textpart' subtype='verso'>
      <ab>
      <lb n='9'/>
      Hier ruht
      <lb n='10'/>
      Adelheid Benjamin
      <lb n='11'/>
      geb. 1795
      <lb n='12'/>
      gest. am 24. Mai 1866
     </ab>
    </div>
   </div>
   <div type='translation'>
    <head>Übersetzung</head>
    <div type='textpart' subtype='recto'>
      <ab>
      <lb n='1'/>
      Hier ist begraben
      <lb n='2'/>
      die teure Frau,
      <lb n='3'/>
      Frau Edel,
      <lb n='4'/>
      Gattin des Herrn Chajim
      <lb n='5'/>
      Stern von hier,
      <lb n='6'/>
      sie ging hin in die künftige Welt am Tag 5, 10.
      <lb n='7'/>
      Sivan 626 der kleinen Zählung.
      <lb n='8'/>
      Ihre Seele sei eingebunden in das Bündel des Lebens
     </ab>
    </div>
   </div>
   <div type="commentary" subtype="Zeilenkommentar">
    <head>Zeilenkommentar</head>
    <p>Zl 5: Das Alef im Wort "hier" wurde ganz klein eingraviert.</p>
   </div>
   <div type="commentary" subtype="Abkürzung">
    <p>Zl 3: Die Abkürzung ‎‏הל״ה‏‎ wurde aufgelöst mit ‎‏הלכה לעולם הבא‏‎ / "sie ging hin in die künftige Welt".</p>
   </div>
   <div type="commentary" subtype="Endkommentar">
    <head>Endkommentar</head>
    <p>Es ist selten, daß die deutsche Grabinschrift einer verheirateten Frau nur ihren Geburtsnamen, nicht aber den Familiennamen des Mannes nennt. Dieser ist dafür in der hebräischen Inschrift genannt.</p>
   </div>
   <div type="commentary" subtype="Prosopographie">
    <head>Prosopographie</head>
    <p>Laut Personenstandsregister starb "die Ehefrau Heinemann Stern, Adelheid geborene Benjamin zu Oestereiden am 24. Mai 1866 nachmittags ein Uhr in einem Alter von nahe 71 Jahren".</p>
   </div>
   <div type="bibliography">
    <head>Bibliographie</head>
    <p>to be done ...</p>
   </div>
  </body>
 </text>
</TEI>
