﻿<?xml version="1.0" encoding="UTF-8"?>
<?xml-model href="http://www.stoa.org/epidoc/schema/8.18/tei-epidoc.rng" schematypens="http://relaxng.org/ns/structure/1.0"?>
<TEI xmlns:xi="http://www.w3.org/2001/XInclude" xmlns:svg="http://www.w3.org/2000/svg" xmlns:math="http://www.w3.org/1998/Math/MathML" xmlns="http://www.tei-c.org/ns/1.0">
 <teiHeader>
  <fileDesc>
   <titleStmt>
    <title xml:lang='de'>Grabmal für Gelle bat Jona ∞ Herz, gest. 1760-10-29, Jüdischer Friedhof Preußisch Oldendorf</title>
    <respStmt xml:lang="de">
     <resp>herausgegeben vom</resp>
     <orgName ref="http://d-nb.info/gnd/212562-6">
      Salomon Ludwig Steinheim-Institut
      <address>
       <addrLine>Edmund-Körner-Platz 2</addrLine>
       <addrLine>D-45127 Essen</addrLine>
      </address>
     </orgName>
    </respStmt>
   </titleStmt>
    <editionStmt>
    <edition/>
   </editionStmt>
   <extent/>
   <publicationStmt>
    <publisher>
     <orgName ref="http://d-nb.info/gnd/212562-6">
      Salomon Ludwig Steinheim-Institut 
      <address>
       <addrLine>Edmund-Körner-Platz 2</addrLine>
       <addrLine>D-45127 Essen</addrLine>
      </address>
     </orgName>
    </publisher>
    <idno>pro-4</idno>
    <idno type="url">http://www.steinheim-institut.de/cgi-bin/epidat?id=pro-4</idno>
    <availability xml:lang="en" status="free">
     <licence>
      <ref target="http://creativecommons.org/licenses/by/4.0/">Distributed under a Creative Commons licence Attribution-BY 4.0</ref>
      <p>
       All reuse or distribution of this work must contain somewhere a link back to the URL 
       <ref>http://www.steinheim-institut.de/cgi-bin/epidat?id=pro-4</ref>
      </p>
     </licence>
    </availability>
   </publicationStmt>
    <notesStmt>
    <note/>
   </notesStmt>
   <sourceDesc>
    <bibl>born digital</bibl>
     <msDesc>
     <msIdentifier/>
     <physDesc>
      <objectDesc>
       <supportDesc>
        <support>
         <p>
          <material>Stein</material>
         </p>
        </support>
       </supportDesc>
        <layoutDesc>
        <layout/>
       </layoutDesc>
      </objectDesc>
      <handDesc>
       <handNote>Schrift erhaben</handNote>
      </handDesc>
     </physDesc>
     <history>
      <origin>
       <date notBefore='1760-10-29'>1760-10-29</date>
       <country type="ISO_3166" key="XA-DE-NW">
        Germany
        <region>North Rhine-Westphalia</region>
       </country>
       <settlement type='city' key='tgn:1040775'>
        Preußisch Oldendorf 
        <geogName>
         Jüdischer Friedhof
         <geo decls="#WGS">52.297095 8.479326</geo>
        </geogName>
       </settlement>
      </origin>
     </history>
    </msDesc>
   </sourceDesc>
  </fileDesc>
  <encodingDesc>
   <p>Encoded according to the EpiDoc Guidelines, Schema Version 8.18</p>
   <classDecl>
    <taxonomy>
     <category xml:id='foto1'>
      <catDesc>Dieter Besserer, Preußisch Oldendorf</catDesc>
     </category>
    </taxonomy>
   </classDecl>
   <geoDecl xml:id="WGS" datum="WGS84">World Geodetic System</geoDecl>
  </encodingDesc>
  <profileDesc>
   <particDesc>
    <listPerson>
     <person xml:id="pro-4-1" sex='2'>
      <persName>Gelle bat Jona ∞ Herz</persName>
       <event when='1760-10-29' type="dateofdeath">
       <desc/>
      </event>
     </person>
    </listPerson>
   </particDesc>
    <langUsage>
    <!-- According to bcp47 http://tools.ietf.org/html/bcp47 (Language) and ISO15924 (writing System)-->
    <language ident='he' usage='100'>Hebrew</language>
   </langUsage>
  </profileDesc>
   <revisionDesc>
   <change/>
  </revisionDesc>
 </teiHeader>
 <facsimile>
  <graphic url='http://steinheim-institut.de/daten/picspro/xl/0004_pro_2012.jpg'>
    <desc>
    <ref target='#foto1'/>
    recto
   </desc>
  </graphic>
 </facsimile>
 <text>
  <body>
   <div type='edition'>
    <head>Edition</head>
     <ab>
     <lb n='1'/>
     ‎‏פ״נ‏‎
‏‎     <lb n='2'/>
     ‎‏אשה צנועה‏‎
‏‎     <lb n='3'/>
     ‎‏וחשובה מרת‏‎
‏‎     <lb n='4'/>
     ‎‏געלה בת הר׳ יונה‏‎
‏‎     <lb n='5'/>
     ‎‏אשת הר׳ הערץ ז״ל מא״ד‏‎
‏‎     <lb n='6'/>
     ‎‏עלתה למעלה נתנה‏‎
‏‎     <lb n='7'/>
     ‎‏מלחמה לדל לזכותה‏‎
‏‎     <lb n='8'/>
     ‎‏סלה הכינה צידה לנפש׳‏‎
‏‎     <lb n='9'/>
     ‎‏בצדקה ותפלה נפטרה‏‎
‏‎     <lb n='10'/>
     ‎‏בשם טוב יום ה׳ י״ט‏‎
‏‎     <lb n='11'/>
     ‎‏חשוין תקכ״א לפ״ק‏‎
‏‎     <lb n='12'/>
     ‎‏תנצב״ה‏‎
‏‎    </ab>
   </div>
   <div type='translation'>
    <head>Übersetzung</head>
     <ab>
     <lb n='1'/>
     Hier ist begraben
     <lb n='2'/>
     eine züchtige
     <lb n='3'/>
     und angesehene Frau, Frau
     <lb n='4'/>
     Gelle, Tochter des Herrn Jona,
     <lb n='5'/>
     Gattin des Herrn Herz, sein Andenken zum Segen, aus Oldendorf,
     <lb n='6'/>
     sie stieg empor, ›gab
     <lb n='7'/>
     von ihrem Brot dem Darbenden‹, zu ihrem Verdienste,
     <lb n='8'/>
     Sela; sie bereitete Wegzehrung ihrer Seele
     <lb n='9'/>
     durch Wohltun und Gebet; verschieden
     <lb n='10'/>
     ›mit gutem Namen‹ Tag 5, 19.
     <lb n='11'/>
     Cheschvan 521 der kleinen Zählung.
     <lb n='12'/>
     Ihre Seele sei eingebunden in das Bündel des Lebens
    </ab>
   </div>
   <div type="commentary" subtype="Zitate">
    <head>Zitate</head>
    <p>Zl 6f: Spr 22,9</p>
    <p>Zl 10: bBer 17a</p>
   </div>
   <div type="commentary" subtype="Zeilenkommentar">
    <head>Zeilenkommentar</head>
    <p>Zl 11: Die Ausführung des Monatsnamens ist missraten: Vermutlich schrieb der Steinmetz zunächst den Monatsnamen ‎‏תשרי‏‎, "Tischri", und korrigierte diesen dann zu ‎‏חשון‏‎, "Cheschvan".</p>
   </div>
   <div type="commentary" subtype="Abkürzung">
    <p>Zl 5: Die Abkürzung ‎‏מא״ד‏‎ wurde mit "aus Oldendorf" aufgelöst.</p>
   </div>
   <div type="commentary" subtype="Endkommentar">
    <head>Endkommentar</head>
    <p>Ein in Aussehen und Ausführung sehr ähnliches Grabmal befindet sich auf dem jüdischen Friedhof des nicht weit entfernten ostwestfälischen Oerlinghausen. Er wurde für die im Oktober 1761 gestorbene Channa, Tochter des Mosche Meir, Gattin des Meir Oerlinghausen aufgestellt. Verblüffend ist die Tatsache, dass ihre Eulogie den exakt gleichen Wortlaut wie diese hier (Zln 6-9) aufweist. Möglicherweise diente der ein Jahr ältere Oldendorfer Stein dem Oerlinghauser Stein als Vorbild - aufgrund einer Verwandschaft zwischen den beiden Frauen?</p>
   </div>
   <div type="commentary" subtype="Prosopographie">
    <head>Prosopographie</head>
    <p>Gelle war vermutlich die Witwe des zwischen 1729 und 1733 gestorbenen Hertz Daniel, Sohn des Daniel Heinemann. Ihr zweiter Sohn Philipp Hertz heiratete 1746 die ebenfalls aus Oldendorf stammende Ester, Tochter von Meyer Levi, und übernahm das Schutzprivileg seines verstorbenen Vaters, nachdem sein älterer Bruder Oldendorf verlassen und sich im Hannoverischen niedergelassen hatte.</p>
   </div>
   <div type="bibliography">
    <head>Bibliographie</head>
    <p>to be done ...</p>
   </div>
  </body>
 </text>
</TEI>
