﻿<?xml version="1.0" encoding="UTF-8"?>
<?xml-model href="http://www.stoa.org/epidoc/schema/8.18/tei-epidoc.rng" schematypens="http://relaxng.org/ns/structure/1.0"?>
<TEI xmlns:xi="http://www.w3.org/2001/XInclude" xmlns:svg="http://www.w3.org/2000/svg" xmlns:math="http://www.w3.org/1998/Math/MathML" xmlns="http://www.tei-c.org/ns/1.0">
 <teiHeader>
  <fileDesc>
   <titleStmt>
    <title xml:lang='de'>Grabmal für ..., gest. 1742-04-14, Chajim, gest. 1742-04-14, Awraham, gest. 1742-04-16, Jüdischer Friedhof Preußisch Oldendorf</title>
    <respStmt xml:lang="de">
     <resp>herausgegeben vom</resp>
     <orgName ref="http://d-nb.info/gnd/212562-6">
      Salomon Ludwig Steinheim-Institut
      <address>
       <addrLine>Edmund-Körner-Platz 2</addrLine>
       <addrLine>D-45127 Essen</addrLine>
      </address>
     </orgName>
    </respStmt>
   </titleStmt>
    <editionStmt>
    <edition/>
   </editionStmt>
   <extent/>
   <publicationStmt>
    <publisher>
     <orgName ref="http://d-nb.info/gnd/212562-6">
      Salomon Ludwig Steinheim-Institut 
      <address>
       <addrLine>Edmund-Körner-Platz 2</addrLine>
       <addrLine>D-45127 Essen</addrLine>
      </address>
     </orgName>
    </publisher>
    <idno>pro-35</idno>
    <idno type="url">http://www.steinheim-institut.de/cgi-bin/epidat?id=pro-35</idno>
    <availability xml:lang="en" status="free">
     <licence>
      <ref target="http://creativecommons.org/licenses/by/4.0/">Distributed under a Creative Commons licence Attribution-BY 4.0</ref>
      <p>
       All reuse or distribution of this work must contain somewhere a link back to the URL 
       <ref>http://www.steinheim-institut.de/cgi-bin/epidat?id=pro-35</ref>
      </p>
     </licence>
    </availability>
   </publicationStmt>
    <notesStmt>
    <note/>
   </notesStmt>
   <sourceDesc>
    <bibl>born digital</bibl>
     <msDesc>
     <msIdentifier/>
     <physDesc>
      <objectDesc>
       <supportDesc>
        <support>
         <p>
          <material>Stein</material>
         </p>
        </support>
        <condition>
         <p>Die obere Hälfte des Grabmals fehlt.</p>
        </condition>
       </supportDesc>
        <layoutDesc>
        <layout/>
       </layoutDesc>
      </objectDesc>
     </physDesc>
     <history>
      <origin>
       <date notBefore='1742-04-14'>1742-04-14</date>
       <country type="ISO_3166" key="XA-DE-NW">
        Germany
        <region>North Rhine-Westphalia</region>
       </country>
       <settlement type='city' key='tgn:1040775'>
        Preußisch Oldendorf 
        <geogName>
         Jüdischer Friedhof
         <geo decls="#WGS">52.297095 8.479326</geo>
        </geogName>
       </settlement>
      </origin>
     </history>
    </msDesc>
   </sourceDesc>
  </fileDesc>
  <encodingDesc>
   <p>Encoded according to the EpiDoc Guidelines, Schema Version 8.18</p>
   <classDecl>
    <taxonomy>
     <category xml:id='foto1'>
      <catDesc>Dieter Besserer, Preußisch Oldendorf</catDesc>
     </category>
    </taxonomy>
   </classDecl>
   <geoDecl xml:id="WGS" datum="WGS84">World Geodetic System</geoDecl>
  </encodingDesc>
  <profileDesc>
   <particDesc>
    <listPerson>
     <person xml:id="pro-35-1" sex='0'>
      <persName>...</persName>
       <event when='1742-04-14' type="dateofdeath">
       <desc/>
      </event>
     </person>
     <person xml:id="pro-35-2" sex='1'>
      <persName>Chajim</persName>
       <event when='1742-04-14' type="dateofdeath">
       <desc/>
      </event>
     </person>
     <person xml:id="pro-35-3" sex='1'>
      <persName>Awraham</persName>
       <event when='1742-04-16' type="dateofdeath">
       <desc/>
      </event>
     </person>
    </listPerson>
   </particDesc>
    <langUsage>
    <!-- According to bcp47 http://tools.ietf.org/html/bcp47 (Language) and ISO15924 (writing System)-->
    <language ident='he' usage='100'>Hebrew</language>
   </langUsage>
  </profileDesc>
   <revisionDesc>
   <change/>
  </revisionDesc>
 </teiHeader>
 <facsimile>
  <graphic url='http://steinheim-institut.de/daten/picspro/xl/0035_pro_2012.jpg'>
    <desc>
    <ref target='#foto1'/>
    recto
   </desc>
  </graphic>
 </facsimile>
 <text>
  <body>
   <div type='edition'>
    <head>Edition</head>
     <ab>
     <lb n='1'/>
     ‎‏[...]‏‎
     <lb n='2'/>
     ‎‏ואחיה הנער חיים‏‎
‏‎     <lb n='3'/>
     ‎‏נפטרו ביום ש״ק‏‎
‏‎     <lb n='4'/>
     ‎‏י׳ ניסן תק״ב ונקברו‏‎
‏‎     <lb n='5'/>
     ‎‏יו׳ א׳ י״א הנ״ל ואחיהם‏‎
‏‎     <lb n='6'/>
     ‎‏ב״ח אברהם נפטר ביו׳‏‎
‏‎     <lb n='7'/>
     ‎‏ב׳ י״ב ניסן הנ״ל תנצב״ה‏‎
‏‎    </ab>
   </div>
   <div type='translation'>
    <head>Übersetzung</head>
     <ab>
     <lb n='1'/>
     ...
     <lb n='2'/>
     und ihr Bruder, der Knabe Chajim,
     <lb n='3'/>
     sie verschieden am Tage des heiligen Schabbat,
     <lb n='4'/>
     10. Nissan 502, und wurden begraben
     <lb n='5'/>
     Tag 1, 11. desselben,
     <lb n='6'/>
     und ihr Bruder, der angesehene Jüngling Awraham, verschieden am Tag
     <lb n='7'/>
     2, 12. Nissan desselben. Ihre Seelen seien eingebunden in das Bündel des Lebens
    </ab>
   </div>
   <div type="commentary" subtype="Endkommentar">
    <head>Endkommentar</head>
    <p>Das Grabmal, dessen obere Hälfte fehlt, wurde für drei Geschwister errichtet, ein Mädchen, dessen Namen wie der Vatersname durch die Zerstörung des Steines verloren gegangen ist, und zwei Jungen, der kleine Chajim und sein älterer Bruder Awraham, der zwei Tage später starb.</p>
   </div>
   <div type="commentary" subtype="Prosopographie">
    <head>Prosopographie</head>
    <p>
     Die drei Geschwister könnten Kinder des Awraham Meir/Meyer Levi gewesen sein, einem Bruder des Oldendorfer Vorstehers Heinemann (Chajim!) Levi. Awraham Meir war zweimal verheiratet, in erster Ehe mir Maria Gerson, einer Tochter des Gerson Joel aus der Berliner Hoffaktorenfamilie Wulff, und nach ihrem Tod mit Brendel Philipp (Grabstein Nr. 
     <ref target="http://steinheim-institut.de/cgi-bin/epidat?id=pro-0024-t">pro-0024</ref>
     ).
    </p>
   </div>
   <div type="bibliography">
    <head>Bibliographie</head>
    <p>to be done ...</p>
   </div>
  </body>
 </text>
</TEI>
