﻿<?xml version="1.0" encoding="UTF-8"?>
<?xml-model href="http://www.stoa.org/epidoc/schema/8.18/tei-epidoc.rng" schematypens="http://relaxng.org/ns/structure/1.0"?>
<TEI xmlns:xi="http://www.w3.org/2001/XInclude" xmlns:svg="http://www.w3.org/2000/svg" xmlns:math="http://www.w3.org/1998/Math/MathML" xmlns="http://www.tei-c.org/ns/1.0">
 <teiHeader>
  <fileDesc>
   <titleStmt>
    <title xml:lang='de'>Grabmal für Baruch ben Schabbtai (Benedict Süßkind), gest. 1867-02-24, Jüdischer Friedhof Titz-Rödingen</title>
    <respStmt xml:lang="de">
     <resp>herausgegeben vom</resp>
     <orgName ref="http://d-nb.info/gnd/212562-6">
      Salomon Ludwig Steinheim-Institut
      <address>
       <addrLine>Edmund-Körner-Platz 2</addrLine>
       <addrLine>D-45127 Essen</addrLine>
      </address>
     </orgName>
    </respStmt>
   </titleStmt>
    <editionStmt>
    <edition/>
   </editionStmt>
   <extent/>
   <publicationStmt>
    <publisher>
     <orgName ref="http://d-nb.info/gnd/212562-6">
      Salomon Ludwig Steinheim-Institut 
      <address>
       <addrLine>Edmund-Körner-Platz 2</addrLine>
       <addrLine>D-45127 Essen</addrLine>
      </address>
     </orgName>
    </publisher>
    <idno>roe-6</idno>
    <idno type="url">http://www.steinheim-institut.de/cgi-bin/epidat?id=roe-6</idno>
    <availability xml:lang="en" status="free">
     <licence>
      <ref target="http://creativecommons.org/licenses/by/4.0/">Distributed under a Creative Commons licence Attribution-BY 4.0</ref>
      <p>
       All reuse or distribution of this work must contain somewhere a link back to the URL 
       <ref>http://www.steinheim-institut.de/cgi-bin/epidat?id=roe-6</ref>
      </p>
     </licence>
    </availability>
   </publicationStmt>
    <notesStmt>
    <note/>
   </notesStmt>
   <sourceDesc>
    <bibl>born digital</bibl>
     <msDesc>
     <msIdentifier/>
     <physDesc>
      <objectDesc>
       <supportDesc>
        <support>
         <p>
          <material>Stein</material>
          Stele mit Rundbogenabschluß.
         </p>
        </support>
        <condition>
         <p>
          <date>2010</date>
           Teilweise starke Verwitterung. Beschädigungen an den Rändern des Grabsteins.
         </p>
        </condition>
       </supportDesc>
        <layoutDesc>
        <layout/>
       </layoutDesc>
      </objectDesc>
     </physDesc>
     <history>
      <origin>
       <date notBefore='1867-02-24'>1867-02-24</date>
       <country type="ISO_3166" key="XA-DE-NW">
        Germany
        <region>North Rhine-Westphalia</region>
       </country>
       <settlement type='city' key='tgn:7112969'>
        Titz-Rödingen 
        <geogName>
         Jüdischer Friedhof
         <geo decls="#WGS">50.961191 6.465867</geo>
        </geogName>
       </settlement>
      </origin>
     </history>
    </msDesc>
   </sourceDesc>
  </fileDesc>
  <encodingDesc>
   <p>Encoded according to the EpiDoc Guidelines, Schema Version 8.18</p>
   <classDecl>
    <taxonomy>
     <category xml:id='foto1'>
      <catDesc>
       <persName ref='http://d-nb.info/gnd/128472499' role='photographer'>Bert Sommer</persName>
      </catDesc>
     </category>
     <category xml:id='foto2'>
      <catDesc>Andreas Schiblon, LVR-Zentrum für Medien und Bildung</catDesc>
     </category>
     <category xml:id='foto3'>
      <catDesc>Vermessungs- und Katasteramt Düren, Nr. 1/09</catDesc>
     </category>
    </taxonomy>
   </classDecl>
   <geoDecl xml:id="WGS" datum="WGS84">World Geodetic System</geoDecl>
  </encodingDesc>
  <profileDesc>
   <particDesc>
    <listPerson>
     <person xml:id="roe-6-1" sex='1'>
      <persName>Baruch ben Schabbtai (Benedict Süßkind)</persName>
       <event when='1867-02-24' type="dateofdeath">
       <desc/>
      </event>
     </person>
    </listPerson>
   </particDesc>
    <langUsage>
    <!-- According to bcp47 http://tools.ietf.org/html/bcp47 (Language) and ISO15924 (writing System)-->
    <language ident='he' usage='54'>Hebrew</language>
    <language ident='de' usage='45'>German</language>
   </langUsage>
  </profileDesc>
   <revisionDesc>
   <change/>
  </revisionDesc>
 </teiHeader>
 <facsimile>
  <graphic url='http://steinheim-institut.de/daten/picsroe/xl/0006Rd_100922L1014759hb.png'>
    <desc>
    <ref target='#foto1'/>
    <date when='2010-09-22'/>
    recto
   </desc>
  </graphic>
  <graphic url='http://steinheim-institut.de/daten/picsroe/xl/0006Rd_100922L1014761hb.png'>
    <desc>
    <ref target='#foto1'/>
    <date when='2010-09-22'/>
    recto
   </desc>
  </graphic>
  <graphic url='http://steinheim-institut.de/daten/picsroe/xl/0006dTRd_100922L1014754qb.png'>
    <desc>
    <ref target='#foto1'/>
    <date when='2010-09-22'/>
    Detail
   </desc>
  </graphic>
  <graphic url='http://steinheim-institut.de/daten/picsroe/xl/0006dTRd_100922L1014755hb.png'>
    <desc>
    <ref target='#foto1'/>
    <date when='2010-09-22'/>
    Detail
   </desc>
  </graphic>
  <graphic url='http://steinheim-institut.de/daten/picsroe/xl/0006dTRd_100922L1014762qb.png'>
    <desc>
    <ref target='#foto1'/>
    <date when='2010-09-22'/>
    Detail
   </desc>
  </graphic>
  <graphic url='http://steinheim-institut.de/daten/picsroe/xl/0006dTRd_100922L1014763hb.png'>
    <desc>
    <ref target='#foto1'/>
    <date when='2010-09-22'/>
    Detail
   </desc>
  </graphic>
 </facsimile>
 <text>
  <body>
   <div type='edition'>
    <head>Edition</head>
     <ab>
     <lb n='1'/>
     ‎‏פ״נ‏‎
‏‎     <lb n='2'/>
     ‎‏איש אמונים הולך‏‎
‏‎     <lb n='3'/>
     ‎‏תמים ה״ה ברוך בר‏‎
‏‎     <lb n='4'/>
     ‎‏שבתי מגושטן נפטר בן‏‎
‏‎     <lb n='5'/>
     ‎‏שבעים שנה י״ט אדר‏‎
‏‎     <lb n='6'/>
     ‎‏ראשון תרכ״ז לפ״ק‏‎
‏‎     <lb n='7'/>
     ‎‏תנצב״ה‏‎
‏‎     <lb n='8'/>
     Hier ruht
     <lb n='9'/>
     Benedict Süßkind
     <lb n='10'/>
     aus Güsten
     <lb n='11'/>
     geb. 15. Oct. 1802
     <lb n='12'/>
     gest. 24. Febr. 1867.
     <lb n='13'/>
     Friede seiner Asche
    </ab>
   </div>
   <div type='translation'>
    <head>Übersetzung</head>
     <ab>
     <lb n='1'/>
     Hier ist begraben
     <lb n='2'/>
     ›ein Mann von Treuen‹, ›lauter
     <lb n='3'/>
     wandelnd‹, es ist Baruch, Sohn des
     <lb n='4'/>
     Schabbtai aus Güsten, verschieden siebzig-
     <lb n='5'/>
     jährig 19. des ersten
     <lb n='6'/>
     Adar 627 der kleinen Zählung.
     <lb n='7'/>
     Seine Seele sei eingebunden in das Bündel des Lebens
    </ab>
   </div>
   <div type="commentary" subtype="Zitate">
    <head>Zitate</head>
    <p>Zl 2: Spr 20,6</p>
    <p>Zl 2f: Ps 15,2</p>
   </div>
   <div type="commentary" subtype="Endkommentar">
    <head>Endkommentar</head>
    <p>Die Lesung der stark verwitterten Daten ist sehr unsicher.</p>
   </div>
   <div type="commentary" subtype="Prosopographie">
    <head>Prosopographie</head>
    <p>Benedict Süßkind war ein Sohn von Schops Süskind und der Brendula Benedict. In erster Ehe war er verheiratet mit der 1817 in Merzenich geborenen Eva Vohsen, die ihm die Söhne Alexander und Salomon gebar sowie zwei weitere Kinder, die nicht überlebten. Eva selbst starb schon 1841 in Jülich. In zweiter Ehe heiratete Benedict Süßkind 1842 in Jülich die 1812 in Moers geborene Sibilla Marckens, die 1898 in Jülich starb und in Rödingen beigesetzt wurde.</p>
   </div>
   <div type="bibliography">
    <head>Bibliographie</head>
    <p>to be done ...</p>
   </div>
  </body>
 </text>
</TEI>
