﻿<?xml version="1.0" encoding="UTF-8"?>
<?xml-model href="http://www.stoa.org/epidoc/schema/8.18/tei-epidoc.rng" schematypens="http://relaxng.org/ns/structure/1.0"?>
<TEI xmlns:xi="http://www.w3.org/2001/XInclude" xmlns:svg="http://www.w3.org/2000/svg" xmlns:math="http://www.w3.org/1998/Math/MathML" xmlns="http://www.tei-c.org/ns/1.0">
 <teiHeader>
  <fileDesc>
   <titleStmt>
    <title xml:lang='de'>Grabmal für Sara Idel bat Sanwel ∞ Juspa, gest. 1705-03-22, Jüdischer Friedhof Rüthen</title>
    <respStmt xml:lang="de">
     <resp>herausgegeben vom</resp>
     <orgName ref="http://d-nb.info/gnd/212562-6">
      Salomon Ludwig Steinheim-Institut
      <address>
       <addrLine>Edmund-Körner-Platz 2</addrLine>
       <addrLine>D-45127 Essen</addrLine>
      </address>
     </orgName>
    </respStmt>
   </titleStmt>
    <editionStmt>
    <edition/>
   </editionStmt>
   <extent/>
   <publicationStmt>
    <publisher>
     <orgName ref="http://d-nb.info/gnd/212562-6">
      Salomon Ludwig Steinheim-Institut 
      <address>
       <addrLine>Edmund-Körner-Platz 2</addrLine>
       <addrLine>D-45127 Essen</addrLine>
      </address>
     </orgName>
    </publisher>
    <idno>rth-11</idno>
    <idno type="url">http://www.steinheim-institut.de/cgi-bin/epidat?id=rth-11</idno>
    <availability xml:lang="en" status="free">
     <licence>
      <ref target="http://creativecommons.org/licenses/by/4.0/">Distributed under a Creative Commons licence Attribution-BY 4.0</ref>
      <p>
       All reuse or distribution of this work must contain somewhere a link back to the URL 
       <ref>http://www.steinheim-institut.de/cgi-bin/epidat?id=rth-11</ref>
      </p>
     </licence>
    </availability>
   </publicationStmt>
    <notesStmt>
    <note/>
   </notesStmt>
   <sourceDesc>
    <bibl>born digital</bibl>
     <msDesc>
     <msIdentifier/>
     <physDesc>
      <objectDesc>
       <supportDesc>
        <support>
         <p>
          <material>Stein</material>
          Stele mit geschweiftem Rundbogenabschluß und leicht erhabenem Schriftfeld.
         </p>
        </support>
        <condition>
         <p>
           
          <damage agent='Verwitterung'>Leichte Verwitterung.</damage>
         </p>
        </condition>
       </supportDesc>
        <layoutDesc>
        <layout/>
       </layoutDesc>
      </objectDesc>
      <decoDesc>
       <decoNote type='ornament'>floral</decoNote>
      </decoDesc>
     </physDesc>
     <history>
      <origin>
       <date notBefore='1705-03-22'>1705-03-22</date>
       <country type="ISO_3166" key="XA-DE-NW">
        Germany
        <region>North Rhine-Westphalia</region>
       </country>
       <settlement type='city' key='tgn:7100771'>
        Rüthen 
        <geogName>
         Jüdischer Friedhof
         <geo decls="#WGS">51.493816 8.431921</geo>
        </geogName>
       </settlement>
      </origin>
     </history>
    </msDesc>
   </sourceDesc>
  </fileDesc>
  <encodingDesc>
   <p>Encoded according to the EpiDoc Guidelines, Schema Version 8.18</p>
   <classDecl>
    <taxonomy>
     <category xml:id='foto1'>
      <catDesc>Hermann J. Krämer, Rüthen</catDesc>
     </category>
    </taxonomy>
   </classDecl>
   <geoDecl xml:id="WGS" datum="WGS84">World Geodetic System</geoDecl>
  </encodingDesc>
  <profileDesc>
   <particDesc>
    <listPerson>
     <person xml:id="rth-11-1" sex='2'>
      <persName>Sara Idel bat Sanwel ∞ Juspa</persName>
       <event when='1705-03-22' type="dateofdeath">
       <desc/>
      </event>
     </person>
    </listPerson>
   </particDesc>
    <langUsage>
    <!-- According to bcp47 http://tools.ietf.org/html/bcp47 (Language) and ISO15924 (writing System)-->
    <language ident='he' usage='100'>Hebrew</language>
   </langUsage>
  </profileDesc>
   <revisionDesc>
   <change/>
  </revisionDesc>
 </teiHeader>
 <facsimile>
  <graphic url='http://steinheim-institut.de/daten/picsrth/xl/0011_rth_2008.jpg'>
    <desc>
    <ref target='#foto1'/>
    recto
   </desc>
  </graphic>
 </facsimile>
 <text>
  <body>
   <div type='edition'>
    <head>Edition</head>
     <ab>
     <lb n='1'/>
     ‎‏פה‏‎
‏‎     <lb n='2'/>
     ‎‏טמונת אשה‏‎
‏‎     <lb n='3'/>
     ‎‏ח׳ מ׳ שרה אידל‏‎
‏‎     <lb n='4'/>
     ‎‏בת כ״ה זנוויל‏‎
‏‎     <lb n='5'/>
     ‎‏אשת כ׳ יוזפא נפ‏‎
‏‎     <lb n='6'/>
     ‎‏טרת ונקברת‏‎
‏‎     <lb n='7'/>
     ‎‏בשם טוב ביום‏‎
‏‎     <lb n='8'/>
     ‎‏א׳ ך״ו א׳ ש׳ תס״ה‏‎
‏‎     <lb n='9'/>
     ‎‏לפ״ק תנצב״ה‏‎
‏‎     <lb n='10'/>
     ‎‏אשמי״א‏‎
‏‎    </ab>
   </div>
   <div type='translation'>
    <head>Übersetzung</head>
     <ab>
     <lb n='1'/>
     Hier
     <lb n='2'/>
     ist geborgen eine angesehene
     <lb n='3'/>
     Frau, Frau Sara Idel,
     <lb n='4'/>
     Tochter des geehrten Herrn Sanwel,
     <lb n='5'/>
     Gattin des geehrten Juspa, ver-
     <lb n='6'/>
     schieden und begraben
     <lb n='7'/>
     ›mit gutem Namen‹ am Tag 1,
     <lb n='8'/>
     26. Adar des Jahres 465
     <lb n='9'/>
     der kleinen Zählung. Ihre Seele sei eingebunden in das Bündel des Lebens
     <lb n='10'/>
     mit den übrigen Toten Israels, Amen
    </ab>
   </div>
   <div type="commentary" subtype="Zitate">
    <head>Zitate</head>
    <p>Zl 7: bBer 17a</p>
   </div>
   <div type="commentary" subtype="Zeilenkommentar">
    <head>Zeilenkommentar</head>
    <p>Zl 8: Es ist ungewöhnlich, den Monatsnamen, so wie hier, abzukürzen.</p>
   </div>
   <div type="commentary" subtype="Prosopographie">
    <head>Prosopographie</head>
   </div>
   <div type="bibliography">
    <head>Bibliographie</head>
    <p>to be done ...</p>
   </div>
  </body>
 </text>
</TEI>
