﻿<?xml version="1.0" encoding="UTF-8"?>
<?xml-model href="http://www.stoa.org/epidoc/schema/8.18/tei-epidoc.rng" schematypens="http://relaxng.org/ns/structure/1.0"?>
<TEI xmlns:xi="http://www.w3.org/2001/XInclude" xmlns:svg="http://www.w3.org/2000/svg" xmlns:math="http://www.w3.org/1998/Math/MathML" xmlns="http://www.tei-c.org/ns/1.0">
 <teiHeader>
  <fileDesc>
   <titleStmt>
    <title xml:lang='de'>Grabmal für Aharon Awraham ben Jaakow, gest. 1681-05-05, Jüdischer Friedhof Rüthen</title>
    <respStmt xml:lang="de">
     <resp>herausgegeben vom</resp>
     <orgName ref="http://d-nb.info/gnd/212562-6">
      Salomon Ludwig Steinheim-Institut
      <address>
       <addrLine>Edmund-Körner-Platz 2</addrLine>
       <addrLine>D-45127 Essen</addrLine>
      </address>
     </orgName>
    </respStmt>
   </titleStmt>
    <editionStmt>
    <edition/>
   </editionStmt>
   <extent/>
   <publicationStmt>
    <publisher>
     <orgName ref="http://d-nb.info/gnd/212562-6">
      Salomon Ludwig Steinheim-Institut 
      <address>
       <addrLine>Edmund-Körner-Platz 2</addrLine>
       <addrLine>D-45127 Essen</addrLine>
      </address>
     </orgName>
    </publisher>
    <idno>rth-4</idno>
    <idno type="url">http://www.steinheim-institut.de/cgi-bin/epidat?id=rth-4</idno>
    <availability xml:lang="en" status="free">
     <licence>
      <ref target="http://creativecommons.org/licenses/by/4.0/">Distributed under a Creative Commons licence Attribution-BY 4.0</ref>
      <p>
       All reuse or distribution of this work must contain somewhere a link back to the URL 
       <ref>http://www.steinheim-institut.de/cgi-bin/epidat?id=rth-4</ref>
      </p>
     </licence>
    </availability>
   </publicationStmt>
    <notesStmt>
    <note/>
   </notesStmt>
   <sourceDesc>
    <bibl>born digital</bibl>
     <msDesc>
     <msIdentifier/>
     <physDesc>
      <objectDesc>
       <supportDesc>
        <support>
         <p>
          <material>Stein</material>
          Stele mit Rundbogenabschluß.
         </p>
        </support>
        <condition>
         <p>
          starker Flechtenbewuchs. Schwere Beschädigung, vor allem am oberen linken Abschluß und linken Rand 
          <damage agent='Verwitterung'>Verwitterung mittel</damage>
         </p>
        </condition>
       </supportDesc>
        <layoutDesc>
        <layout/>
       </layoutDesc>
      </objectDesc>
     </physDesc>
     <history>
      <origin>
       <date notBefore='1681-05-05'>1681-05-05</date>
       <country type="ISO_3166" key="XA-DE-NW">
        Germany
        <region>North Rhine-Westphalia</region>
       </country>
       <settlement type='city' key='tgn:7100771'>
        Rüthen 
        <geogName>
         Jüdischer Friedhof
         <geo decls="#WGS">51.493816 8.431921</geo>
        </geogName>
       </settlement>
      </origin>
     </history>
    </msDesc>
   </sourceDesc>
  </fileDesc>
  <encodingDesc>
   <p>Encoded according to the EpiDoc Guidelines, Schema Version 8.18</p>
   <classDecl>
    <taxonomy>
     <category xml:id='foto1'>
      <catDesc>Hermann J. Krämer, Rüthen</catDesc>
     </category>
    </taxonomy>
   </classDecl>
   <geoDecl xml:id="WGS" datum="WGS84">World Geodetic System</geoDecl>
  </encodingDesc>
  <profileDesc>
   <particDesc>
    <listPerson>
     <person xml:id="rth-4-1" sex='1'>
      <persName>Aharon Awraham ben Jaakow</persName>
       <event when='1681-05-05' type="dateofdeath">
       <desc/>
      </event>
     </person>
    </listPerson>
   </particDesc>
    <langUsage>
    <!-- According to bcp47 http://tools.ietf.org/html/bcp47 (Language) and ISO15924 (writing System)-->
    <language ident='he' usage='100'>Hebrew</language>
   </langUsage>
  </profileDesc>
   <revisionDesc>
   <change/>
  </revisionDesc>
 </teiHeader>
 <facsimile>
  <graphic url='http://steinheim-institut.de/daten/picsrth/xl/0004_rth_2008.jpg'>
    <desc>
    <ref target='#foto1'/>
    recto
   </desc>
  </graphic>
 </facsimile>
 <text>
  <body>
   <div type='edition'>
    <head>Edition</head>
     <ab>
     <lb n='1'/>
     ‎‏שנת‏‎
‏‎     <lb n='2'/>
     ‎‏אמת ל[פ״ק]‏‎
‏‎     <lb n='3'/>
     ‎‏פה טמון היקר [...]‏‎
‏‎     <lb n='4'/>
     ‎‏אהרן אברהם בר י[ע]‏‎
‏‎     <lb n='5'/>
     ‎‏קב ז״ל ניאם נפטר‏‎
‏‎     <lb n='6'/>
     ‎‏יום ב׳ י״ז אייר בווא־‏‎
‏‎     <lb n='7'/>
     ‎‏שטין ונקבר יום ג׳‏‎
‏‎     <lb n='8'/>
     ‎‏י״ח אייר פה ריד[ן]‏‎
‏‎     <lb n='9'/>
     ‎‏תנצב״ה עם ש״צ‏‎
‏‎     <lb n='10'/>
     ‎‏שבג״ע אמן‏‎
‏‎    </ab>
   </div>
   <div type='translation'>
    <head>Übersetzung</head>
     <ab>
     <lb n='1'/>
     Jahr
     <lb n='2'/>
     "Wahrheit" (441) der kleinen Zählung.
     <lb n='3'/>
     Hier ist geborgen der Teure ...
     <lb n='4'/>
     Aharon Awraham, Sohn des Jaa-
     <lb n='5'/>
     kow, sein Andenken zum Segen, Niem?, verschieden
     <lb n='6'/>
     Tag 2, 17. Ijar, in Wa(r)-
     <lb n='7'/>
     stein und begraben Tag 3,
     <lb n='8'/>
     18. Ijar, hier Rüthen.
     <lb n='9'/>
     Seine Seele sei eingebunden in das Bündel des Lebens mit den übrigen Gerechten
     <lb n='10'/>
     die im Garten Eden, Amen
    </ab>
   </div>
   <div type='commentary' subtype='Stilmittel'>
    <head>Stilmittel</head>
    <p>
     <label>Chronogramm</label>
      Das Sterbejahr in der 2. Zeile wurde durch das Wort "Wahrheit" mit dem Zahlenwert 441 angegeben.
    </p>
   </div>
   <div type="commentary" subtype="Zeilenkommentar">
    <head>Zeilenkommentar</head>
    <p>Zl 5: Nach dem Vatersnamen wurde noch ein Beiname oder vielleicht auch Herkunftsname angegeben, der etwa "Niem" lautet und nicht entschlüsselt werden konnte.</p>
   </div>
   <div type="commentary" subtype="Endkommentar">
    <head>Endkommentar</head>
    <p>Dies ist der mit Abstand älteste erhaltene Grabstein auf dem bereits 1625 als "altes Begräbnis" bezeichneten Friedhof.</p>
   </div>
   <div type="commentary" subtype="Prosopographie">
    <head>Prosopographie</head>
    <p>Aharon Awraham war im knapp 10 km von Rüthen entfernten Warstein gestorben. Ob er dort oder in Rüthen gelebt hatte, läßt sich der Inschrift nicht entnehmen. Möglich wäre, daß Aharon Awraham in Rüthen gelebt hatte und nur zufällig in Warstein gestorben war, unterwegs in Geschäften oder zu Besuch bei Freunden oder Verwandten. Es ist aber auch nicht ausgeschlossen, daß Aharon Awraham in Warstein zuhause gewesen war, die dortigen Juden aber noch keinen eigenen Friedhof hatten und so ihre Toten andernorts, wie zum Beispiel in Rüthen, beisetzen mußten. Das genaue Alter des Warsteiner Friedhofs ist nicht bekannt, es wurde zwar 1856 vom damaligen Gemeindevorsteher "auf notorisch über 200 Jahre" geschätzt, doch sind Juden in Warstein erst seit dem Jahr 1664 nachgewiesen. Die Nennung des Ortsnamens Warstein könnte daher hier zwei Ursachen haben: Entweder sollte der Herkunftsort des Verstorbenen angegeben werden, oder die Erwähnung des Sterbeorts sollte erklären, warum Aharon Awraham nicht noch am Tage seines Todes beigesetzt wurde, wie es den religionsgesetzlichen Vorschriften entsprochen hätte.</p>
   </div>
   <div type="bibliography">
    <head>Bibliographie</head>
    <p>to be done ...</p>
   </div>
  </body>
 </text>
</TEI>
