﻿<?xml version="1.0" encoding="UTF-8"?>
<?xml-model href="http://www.stoa.org/epidoc/schema/8.18/tei-epidoc.rng" schematypens="http://relaxng.org/ns/structure/1.0"?>
<TEI xmlns:xi="http://www.w3.org/2001/XInclude" xmlns:svg="http://www.w3.org/2000/svg" xmlns:math="http://www.w3.org/1998/Math/MathML" xmlns="http://www.tei-c.org/ns/1.0">
 <teiHeader>
  <fileDesc>
   <titleStmt>
    <title xml:lang='de'>Grabmal für Jetche ∞ Refael Kaufmann, gest. 1867-07-21, Jüdischer Friedhof Merzig</title>
    <respStmt xml:lang="de">
     <resp>herausgegeben vom</resp>
     <orgName ref="http://d-nb.info/gnd/212562-6">
      Salomon Ludwig Steinheim-Institut
      <address>
       <addrLine>Edmund-Körner-Platz 2</addrLine>
       <addrLine>D-45127 Essen</addrLine>
      </address>
     </orgName>
    </respStmt>
   </titleStmt>
    <editionStmt>
    <edition/>
   </editionStmt>
   <extent/>
   <publicationStmt>
    <publisher>
     <orgName ref="http://d-nb.info/gnd/212562-6">
      Salomon Ludwig Steinheim-Institut 
      <address>
       <addrLine>Edmund-Körner-Platz 2</addrLine>
       <addrLine>D-45127 Essen</addrLine>
      </address>
     </orgName>
    </publisher>
    <idno>sb1-4</idno>
    <idno type="url">http://www.steinheim-institut.de/cgi-bin/epidat?id=sb1-4</idno>
    <availability xml:lang="en" status="free">
     <licence>
      <ref target="http://creativecommons.org/licenses/by/4.0/">Distributed under a Creative Commons licence Attribution-BY 4.0</ref>
      <p>
       All reuse or distribution of this work must contain somewhere a link back to the URL 
       <ref>http://www.steinheim-institut.de/cgi-bin/epidat?id=sb1-4</ref>
      </p>
     </licence>
    </availability>
   </publicationStmt>
    <notesStmt>
    <note/>
   </notesStmt>
   <sourceDesc>
    <bibl>born digital</bibl>
     <msDesc>
     <msIdentifier/>
     <physDesc>
      <objectDesc>
       <supportDesc>
        <support>
         <p>
          <material>Stein</material>
         </p>
        </support>
        <condition>
         <p> Beschädigung schwer: Die eingesetzte Schrifttafel wurde zerschlagen, einzelne Stücke fehlen.</p>
        </condition>
       </supportDesc>
        <layoutDesc>
        <layout/>
       </layoutDesc>
      </objectDesc>
     </physDesc>
     <history>
      <origin>
       <date notBefore='1867-07-21'>1867-07-21</date>
       <country type="ISO_3166" key="XA-DE-SL">
        Germany
        <region>Saarland</region>
       </country>
       <settlement type='city' key='tgn:1040322'>
        Merzig 
        <geogName>
         Jüdischer Friedhof
         <geo decls="#WGS">49.44632 6.640758</geo>
        </geogName>
       </settlement>
      </origin>
     </history>
    </msDesc>
   </sourceDesc>
  </fileDesc>
  <encodingDesc>
   <p>Encoded according to the EpiDoc Guidelines, Schema Version 8.18</p>
   <classDecl>
    <taxonomy>
     <category xml:id='foto1'>
      <catDesc>
       <persName ref='http://d-nb.info/gnd/128472499' role='photographer'>Bert Sommer</persName>
      </catDesc>
     </category>
    </taxonomy>
   </classDecl>
   <geoDecl xml:id="WGS" datum="WGS84">World Geodetic System</geoDecl>
  </encodingDesc>
  <profileDesc>
   <particDesc>
    <listPerson>
     <person xml:id="sb1-4-1" sex='2'>
      <persName>Jetche ∞ Refael Kaufmann</persName>
       <event when='1867-07-21' type="dateofdeath">
       <desc/>
      </event>
     </person>
    </listPerson>
   </particDesc>
    <langUsage>
    <!-- According to bcp47 http://tools.ietf.org/html/bcp47 (Language) and ISO15924 (writing System)-->
    <language ident='he' usage='100'>Hebrew</language>
   </langUsage>
  </profileDesc>
   <revisionDesc>
   <change/>
  </revisionDesc>
 </teiHeader>
 <facsimile>
  <graphic url='http://steinheim-institut.de/daten/picssb1/xl/0004_MZG_090805L1004992hb.jpg'>
    <desc>
    <ref target='#foto1'/>
    recto
   </desc>
  </graphic>
 </facsimile>
 <text>
  <body>
   <div type='edition'>
    <head>Edition</head>
     <ab>
     <lb n='1'/>
     ‎‏[‎‏־־־]‏‎
‏‎     <lb n='2'/>
     ‎‏[... ‎‏יט]כה‏‎
‏‎     <lb n='3'/>
     ‎‏[... ‎‏א]שת כ׳ רפאל‏‎
‏‎     <lb n='4'/>
     ‎‏קויפמאן‏‎
‏‎     <lb n='5'/>
     ‎‏יהללוה בעל גם בנים‏‎
‏‎     <lb n='6'/>
     ‎‏טעמה ברוך בתוך אמונים‏‎
‏‎     <lb n='7'/>
     ‎‏כבוד מנוחתה תנחל נחל עדנים‏‎
‏‎     <lb n='8'/>
     ‎‏הלך לפניה מעשים הגונים‏‎
‏‎     <lb n='9'/>
     ‎‏נפטרה ביום י״ח תמוז‏‎
‏‎     <lb n='10'/>
     ‎‏ונקברה ביום י״ט בו‏‎
‏‎     <lb n='11'/>
     ‎‏תרכ״ז לפ״ק‏‎
‏‎     <lb n='12'/>
     ‎‏תנצב״ה‏‎
‏‎    </ab>
   </div>
   <div type='translation'>
    <head>Übersetzung</head>
     <ab>
     <lb n='1'/>
     [---]
     <lb n='2'/>
     ... Jetche,
     <lb n='3'/>
     Gattin des geehrten Refael
     <lb n='4'/>
     Kaufmann.
     <lb n='5'/>
     Es preisen sie der Gatte, auch die Kinder,
     <lb n='6'/>
     ›gesegnet sei ihr verständiger Sinn inmitten der Getreuen‹,
     <lb n='7'/>
     ›Herrlichkeit sei ihre Ruhestätte‹, ›der Strom der Wonnen sei ihr Erbteil‹,
     <lb n='8'/>
     ›ihre guten Werke schreiten ihr voran‹,
     <lb n='9'/>
     verschieden am 18. Tag des Tammus
     <lb n='10'/>
     und begraben am 19. Tag desselben,
     <lb n='11'/>
     627 der kleinen Zählung.
     <lb n='12'/>
     Ihre Seele sei eingebunden in das Bündel des Lebens
    </ab>
   </div>
   <div type="commentary" subtype="Zitate">
    <head>Zitate</head>
    <p>Zl 6: nach 1Sam 25,32-33</p>
    <p>Zl 7: Jes 11,10 | Zl 7: nach Ps 36,9</p>
    <p>Zl 8: nach Ps 85,13</p>
   </div>
   <div type='commentary' subtype='Stilmittel'>
    <head>Stilmittel</head>
    <p>
     <label>Reim</label>
      auf -nim in Zln 5-6, auf -unim in Zln 7-8.
    </p>
    <p>
     <label>Akrostichon</label>
      in Zeilen 5-8: ‎‏יטכה‏‎ Jetche
    </p>
   </div>
   <div type="commentary" subtype="Zeilenkommentar">
    <head>Zeilenkommentar</head>
    <p>Zl 2: Der Vorname wurde nach dem Akrostichon ergänzt.</p>
   </div>
   <div type="commentary" subtype="Endkommentar">
    <head>Endkommentar</head>
    <p>Die gereimte und mit Akrostichon versehene Eulogie ist aus einzelnen Bibelversen zusammengesetzt, wobei man hier für das Lob auf Jetche Kaufmann nicht auf die üblichen Wendungen zurückgriff, sondern seltener verwendete Formulierungen wählte.</p>
   </div>
   <div type="commentary" subtype="Prosopographie">
    <head>Prosopographie</head>
   </div>
   <div type="bibliography">
    <head>Bibliographie</head>
    <p>to be done ...</p>
   </div>
  </body>
 </text>
</TEI>
