﻿<?xml version="1.0" encoding="UTF-8"?>
<?xml-model href="http://www.stoa.org/epidoc/schema/8.18/tei-epidoc.rng" schematypens="http://relaxng.org/ns/structure/1.0"?>
<TEI xmlns:xi="http://www.w3.org/2001/XInclude" xmlns:svg="http://www.w3.org/2000/svg" xmlns:math="http://www.w3.org/1998/Math/MathML" xmlns="http://www.tei-c.org/ns/1.0">
 <teiHeader>
  <fileDesc>
   <titleStmt>
    <title xml:lang='de'>Grabmal für Netanel ben Seew Hakohen (Samuel Kahn), gest. 1900-01-22, Jüdischer Friedhof St. Ingbert</title>
    <respStmt xml:lang="de">
     <resp>herausgegeben vom</resp>
     <orgName ref="http://d-nb.info/gnd/212562-6">
      Salomon Ludwig Steinheim-Institut
      <address>
       <addrLine>Edmund-Körner-Platz 2</addrLine>
       <addrLine>D-45127 Essen</addrLine>
      </address>
     </orgName>
    </respStmt>
   </titleStmt>
    <editionStmt>
    <edition/>
   </editionStmt>
   <extent/>
   <publicationStmt>
    <publisher>
     <orgName ref="http://d-nb.info/gnd/212562-6">
      Salomon Ludwig Steinheim-Institut 
      <address>
       <addrLine>Edmund-Körner-Platz 2</addrLine>
       <addrLine>D-45127 Essen</addrLine>
      </address>
     </orgName>
    </publisher>
    <idno>sb7-22</idno>
    <idno type="url">http://www.steinheim-institut.de/cgi-bin/epidat?id=sb7-22</idno>
    <availability xml:lang="en" status="free">
     <licence>
      <ref target="http://creativecommons.org/licenses/by/4.0/">Distributed under a Creative Commons licence Attribution-BY 4.0</ref>
      <p>
       All reuse or distribution of this work must contain somewhere a link back to the URL 
       <ref>http://www.steinheim-institut.de/cgi-bin/epidat?id=sb7-22</ref>
      </p>
     </licence>
    </availability>
   </publicationStmt>
    <notesStmt>
    <note/>
   </notesStmt>
   <sourceDesc>
    <bibl>born digital</bibl>
     <msDesc>
     <msIdentifier/>
     <physDesc>
      <objectDesc>
       <supportDesc>
        <support>
         <p>
          <material>Stein</material>
         </p>
        </support>
       </supportDesc>
        <layoutDesc>
        <layout/>
       </layoutDesc>
      </objectDesc>
      <decoDesc>
       <decoNote type='symbol'>Priesterhände</decoNote>
      </decoDesc>
     </physDesc>
     <history>
      <origin>
       <date notBefore='1900-01-22'>1900-01-22</date>
       <country type="ISO_3166" key="XA-DE-SL">
        Germany
        <region>Saarland</region>
       </country>
       <settlement type='city' key='tgn:7012691'>
        St. Ingbert 
        <geogName>
         Jüdischer Friedhof
         <geo decls="#WGS">49.285286 7.115439</geo>
        </geogName>
       </settlement>
      </origin>
     </history>
    </msDesc>
   </sourceDesc>
  </fileDesc>
  <encodingDesc>
   <p>Encoded according to the EpiDoc Guidelines, Schema Version 8.18</p>
   <classDecl>
    <taxonomy>
     <category xml:id='foto1'>
      <catDesc>
       <persName ref='http://d-nb.info/gnd/128472499' role='photographer'>Bert Sommer</persName>
      </catDesc>
     </category>
    </taxonomy>
   </classDecl>
   <geoDecl xml:id="WGS" datum="WGS84">World Geodetic System</geoDecl>
  </encodingDesc>
  <profileDesc>
   <particDesc>
    <listPerson>
     <person xml:id="sb7-22-1" sex='1'>
      <persName>Netanel ben Seew Hakohen (Samuel Kahn)</persName>
       <event when='1900-01-22' type="dateofdeath">
       <desc/>
      </event>
     </person>
    </listPerson>
   </particDesc>
    <langUsage>
    <!-- According to bcp47 http://tools.ietf.org/html/bcp47 (Language) and ISO15924 (writing System)-->
    <language ident='he' usage='71'>Hebrew</language>
    <language ident='de' usage='28'>German</language>
   </langUsage>
  </profileDesc>
   <revisionDesc>
   <change/>
  </revisionDesc>
 </teiHeader>
 <facsimile>
  <graphic url='http://steinheim-institut.de/daten/picssb7/xl/0022_SIB_090729L1004267hb.jpg'>
    <desc>
    <ref target='#foto1'/>
    recto
   </desc>
  </graphic>
 </facsimile>
 <text>
  <body>
   <div type='edition'>
    <head>Edition</head>
    <div type='textpart' subtype='recto'>
      <ab>
      <lb n='1'/>
      Hier ruht
      <lb n='2'/>
      unser Gatte und Vater!
      <lb n='3'/>
      Samuel Kahn
      <lb n='4'/>
      geb. 9. Sept. 1838,
      <lb n='5'/>
      gest. 22. Jan. 1900.
     </ab>
    </div>
    <div type='textpart' subtype='Sockel'>
      <ab>
      <lb n='6'/>
      ‎‏פ״נ‏‎
‏‎      <lb n='7'/>
      ‎‏איש חכם ויקר מהולל בשערים‏‎
‏‎      <lb n='8'/>
      ‎‏רועה עדתו בצדק ובמישרים‏‎
‏‎      <lb n='9'/>
      ‎‏פארוהו בני עמו וכבדוהו שרים‏‎
‏‎      <lb n='10'/>
      ‎‏זכרו לא יסוף לדור דורים‏‎
‏‎      <lb n='11'/>
      ‎‏ה״ה ראש העדה פרנס ומנהיג‏‎
‏‎      <lb n='12'/>
      ‎‏רבי נתנאל בר זאב הכהן אשר‏‎
‏‎      <lb n='13'/>
      ‎‏הלך לעולמו ביום ב׳ כ״ג שבט‏‎
‏‎      <lb n='14'/>
      ‎‏תר״ס לפ״ק ׃‏‎
‏‎      <lb n='15'/>
      ‎‏תנצב״ה‏‎
‏‎     </ab>
    </div>
   </div>
   <div type='translation'>
    <head>Übersetzung</head>
    <div type='textpart' subtype='recto'>
     <ab></ab>
    </div>
    <lb n='6'/>
    Hier ist begraben
    <lb n='7'/>
    ein weiser und teurer Mann, in den Toren gepriesen,
    <lb n='8'/>
    ein Hirte seiner Gemeinschaft in Gerechtigkeit und Geradheit,
    <lb n='9'/>
    es rühmten ihn seine Volksgenossen und Fürsten ehrten ihn,
    <lb n='10'/>
    ›sein Andenken möge nicht enden‹ ›von Geschlecht zu Geschlecht‹,
    <lb n='11'/>
    es ist das Oberhaupt der Gemeinschaft, der Vorsteher und Leiter,
    <lb n='12'/>
    Herr Netanel, Sohn des Seew Hakohen, ›der
    <lb n='13'/>
    in seine Welt hin ging‹ am Tag 2, 23. Schwat
    <lb n='14'/>
    660 der kleinen Zählung.
    <lb n='15'/>
    Seine Seele sei eingebunden in das Bündel des Lebens
   </div>
   <div type="commentary" subtype="Zitate">
    <head>Zitate</head>
    <p>Zl 10: Est 9,28 | Zl 10: Jes 51,8</p>
    <p>Zl 12f: Koh 12,5</p>
   </div>
   <div type="commentary" subtype="Endkommentar">
    <head>Endkommentar</head>
    <p>Laut Inschrift fiel der Sterbetag auf einen Tag 2, den 22. Januar bzw. den 23. Schwat. Der 22. Januar war tatsächlich ein Montag, entsprach jedoch dem 23. und nicht dem 22. Schwat. Auch wenn Samuel Kahn am Montag abend, den 22. Januar, nach Beginn des neuen jüdischen Tages, dem 23. Schwat, gestorben war, und die Daten damit übereinstimmen, müsste entsprechend auch der Wochentag des neuen jüdischen Tages, also Tag 3 statt Tag 2 angegeben sein.</p>
   </div>
   <div type="commentary" subtype="Prosopographie">
    <head>Prosopographie</head>
   </div>
   <div type="bibliography">
    <head>Bibliographie</head>
    <p>to be done ...</p>
   </div>
  </body>
 </text>
</TEI>
