﻿<?xml version="1.0" encoding="UTF-8"?>
<?xml-model href="http://www.stoa.org/epidoc/schema/8.18/tei-epidoc.rng" schematypens="http://relaxng.org/ns/structure/1.0"?>
<TEI xmlns:xi="http://www.w3.org/2001/XInclude" xmlns:svg="http://www.w3.org/2000/svg" xmlns:math="http://www.w3.org/1998/Math/MathML" xmlns="http://www.tei-c.org/ns/1.0">
 <teiHeader>
  <fileDesc>
   <titleStmt>
    <title xml:lang='de'>Grabmal für Mamel bat Jizchak Kohen ∞ Awraham ben Jechiel (Mamel Adler geb. Kahn), gest. 1851-11-29, Awraham ben Jechiel (Abraham Adler), gest. 1851-06-10, Jüdischer Friedhof Saarbrücken, alt</title>
    <respStmt xml:lang="de">
     <resp>herausgegeben vom</resp>
     <orgName ref="http://d-nb.info/gnd/212562-6">
      Salomon Ludwig Steinheim-Institut
      <address>
       <addrLine>Edmund-Körner-Platz 2</addrLine>
       <addrLine>D-45127 Essen</addrLine>
      </address>
     </orgName>
    </respStmt>
   </titleStmt>
    <editionStmt>
    <edition/>
   </editionStmt>
   <extent/>
   <publicationStmt>
    <publisher>
     <orgName ref="http://d-nb.info/gnd/212562-6">
      Salomon Ludwig Steinheim-Institut 
      <address>
       <addrLine>Edmund-Körner-Platz 2</addrLine>
       <addrLine>D-45127 Essen</addrLine>
      </address>
     </orgName>
    </publisher>
    <idno>sbs-55</idno>
    <idno type="url">http://www.steinheim-institut.de/cgi-bin/epidat?id=sbs-55</idno>
    <availability xml:lang="en" status="free">
     <licence>
      <ref target="http://creativecommons.org/licenses/by/4.0/">Distributed under a Creative Commons licence Attribution-BY 4.0</ref>
      <p>
       All reuse or distribution of this work must contain somewhere a link back to the URL 
       <ref>http://www.steinheim-institut.de/cgi-bin/epidat?id=sbs-55</ref>
      </p>
     </licence>
    </availability>
   </publicationStmt>
    <notesStmt>
    <note/>
   </notesStmt>
   <sourceDesc>
    <bibl>born digital</bibl>
     <msDesc>
     <msIdentifier/>
     <physDesc>
      <objectDesc>
       <supportDesc>
        <support>
         <p>
          <material>Stein</material>
         </p>
        </support>
       </supportDesc>
        <layoutDesc>
        <layout/>
       </layoutDesc>
      </objectDesc>
     </physDesc>
     <history>
      <origin>
       <date notBefore='1851-06-10'>1851-06-10</date>
       <country type="ISO_3166" key="XA-DE-SL">
        Germany
        <region>Saarland</region>
       </country>
       <settlement type='city' key='tgn:7004454'>
        Saarbrücken, alt 
        <geogName>
         Jüdischer Friedhof
         <geo decls="#WGS">49.230945 6.974967</geo>
        </geogName>
       </settlement>
      </origin>
     </history>
    </msDesc>
   </sourceDesc>
  </fileDesc>
  <encodingDesc>
   <p>Encoded according to the EpiDoc Guidelines, Schema Version 8.18</p>
   <classDecl>
    <taxonomy>
     <category xml:id='foto1'>
      <catDesc>Ingeborg Knigge</catDesc>
     </category>
    </taxonomy>
   </classDecl>
   <geoDecl xml:id="WGS" datum="WGS84">World Geodetic System</geoDecl>
  </encodingDesc>
  <profileDesc>
   <particDesc>
    <listPerson>
     <person xml:id="sbs-55-1" sex='2'>
      <persName>Mamel bat Jizchak Kohen ∞ Awraham ben Jechiel (Mamel Adler geb. Kahn)</persName>
       <event when='1851-11-29' type="dateofdeath">
       <desc/>
      </event>
     </person>
     <person xml:id="sbs-55-2" sex='1'>
      <persName>Awraham ben Jechiel (Abraham Adler)</persName>
       <event when='1851-06-10' type="dateofdeath">
       <desc/>
      </event>
     </person>
    </listPerson>
   </particDesc>
    <langUsage>
    <!-- According to bcp47 http://tools.ietf.org/html/bcp47 (Language) and ISO15924 (writing System)-->
    <language ident='he' usage='80'>Hebrew</language>
    <language ident='de' usage='19'>German</language>
   </langUsage>
  </profileDesc>
   <revisionDesc>
   <change/>
  </revisionDesc>
 </teiHeader>
 <facsimile>
  <graphic url='http://steinheim-institut.de/daten/picssbs/xl/0055_SBS_1.png'>
    <desc>
    <ref target='#foto1'/>
    recto
   </desc>
  </graphic>
  <graphic url='http://steinheim-institut.de/daten/picssbs/xl/0055dSBS_2.png'>
    <desc>
    <ref target='#foto1'/>
    Detail
   </desc>
  </graphic>
  <graphic url='http://steinheim-institut.de/daten/picssbs/xl/0055rSBS_.png'>
    <desc>
    <ref target='#foto1'/>
    verso
   </desc>
  </graphic>
 </facsimile>
 <text>
  <body>
   <div type='edition'>
    <head>Edition</head>
    <div type='textpart' subtype='Rechts'>
      <ab>
      <lb n='1'/>
      ‎‏פ״נ‏‎
‏‎      <lb n='2'/>
      ‎‏האישה החשוב׳‏‎
‏‎      <lb n='3'/>
      ‎‏והיקרה אשת‏‎
‏‎      <lb n='4'/>
      ‎‏חיל מרת‏‎
‏‎      <lb n='5'/>
      ‎‏מאמל בת‏‎
‏‎      <lb n='6'/>
      ‎‏ר׳ יצחק כהן‏‎
‏‎      <lb n='7'/>
      ‎‏אשת כהר״ר‏‎
‏‎      <lb n='8'/>
      ‎‏אברהם בר יחי‏‎
‏‎      <lb n='9'/>
      ‎‏אל נפט׳ בש״ק ה׳‏‎
‏‎      <lb n='10'/>
      ‎‏כסליו ונקב׳ ביו׳ ב׳‏‎
‏‎      <lb n='11'/>
      ‎‏תרי״ב לפ״ק ׃‏‎
‏‎      <lb n='12'/>
      ‎‏תנצב״ה ׃‏‎
‏‎     </ab>
    </div>
    <div type='textpart' subtype='Links'>
      <ab>
      <lb n='13'/>
      ‎‏פ״ט‏‎
‏‎      <lb n='14'/>
      ‎‏האיש צדיק‏‎
‏‎      <lb n='15'/>
      ‎‏חסיד ישר‏‎
‏‎      <lb n='16'/>
      ‎‏... ‎‏כהר״ר‏‎
‏‎      <lb n='17'/>
      ‎‏אברהם בר‏‎
‏‎      <lb n='18'/>
      ‎‏יחיאל ש״צ‏‎
‏‎      <lb n='19'/>
      ‎‏בדק״ק זאאר‏‎
‏‎      <lb n='20'/>
      ‎‏בריקען נפט׳‏‎
‏‎      <lb n='21'/>
      ‎‏יו׳ ג׳ יו׳ סיון ונקב׳‏‎
‏‎      <lb n='22'/>
      ‎‏ביו׳ ד׳ תרי״א‏‎
‏‎      <lb n='23'/>
      ‎‏לפ״ק ׃‏‎
‏‎      <lb n='24'/>
      ‎‏תנצב״ה ׃‏‎
‏‎     </ab>
    </div>
    <div type='textpart' subtype='verso'>
      <ab>
      <lb n='25'/>
      Hier ruhen in Gott
      <lb n='26'/>
      Die Eheleute
      <lb n='27'/>
      Abraham Adler
      <lb n='28'/>
      und
      <lb n='29'/>
      Mamel Adler geb. Kahn.
     </ab>
    </div>
   </div>
   <div type='translation'>
    <head>Übersetzung</head>
    <div type='textpart' subtype='Rechts'>
      <ab>
      <lb n='1'/>
      Hier ist begraben
      <lb n='2'/>
      die angesehene und die
      <lb n='3'/>
      teure Frau, ›die tüchtige
      <lb n='4'/>
      Gattin‹, Frau
      <lb n='5'/>
      Mamel, Tochter des
      <lb n='6'/>
      Herrn Jizchak Kohen,
      <lb n='7'/>
      Gattin des geehrten Meisters, Herrn
      <lb n='8'/>
      Awraham, Sohn des Jechiel,
      <lb n='9'/>
      verschieden am heiligen Schabbat, 5.
      <lb n='10'/>
      Kislev und, begraben am Tag 2,
      <lb n='11'/>
      612 der kleinen Zählung.
      <lb n='12'/>
      Ihre Seele sei eingebunden in das Bündel des Lebens
     </ab>
    </div>
    <div type='textpart' subtype='Links'>
      <ab>
      <lb n='13'/>
      Hier ist geborgen
      <lb n='14'/>
      der gerechte, fromme
      <lb n='15'/>
      aufrechte Mann,
      <lb n='16'/>
      ... der geehrte Meister, Herr
      <lb n='17'/>
      Awraham, Sohn des
      <lb n='18'/>
      Jechiel, Vorbeter
      <lb n='19'/>
      in der heiligen Gemeinde 
      <lb n='20'/>
      Saarbrücken, verschieden
      <lb n='21'/>
      Tag 3, 10. Sivan und begraben
      <lb n='22'/>
      am Tag 4, 611
      <lb n='23'/>
      der kleinen Zählung.
      <lb n='24'/>
      Seine Seele sei eingebunden in das Bündel des Lebens
     </ab>
    </div>
   </div>
   <div type="commentary" subtype="Zitate">
    <head>Zitate</head>
    <p>Zl 3f: Spr 31,10</p>
   </div>
   <div type="commentary" subtype="Prosopographie">
    <head>Prosopographie</head>
   </div>
   <div type="bibliography">
    <head>Bibliographie</head>
    <p>to be done ...</p>
   </div>
  </body>
 </text>
</TEI>
