﻿<?xml version="1.0" encoding="UTF-8"?>
<?xml-model href="http://www.stoa.org/epidoc/schema/8.18/tei-epidoc.rng" schematypens="http://relaxng.org/ns/structure/1.0"?>
<TEI xmlns:xi="http://www.w3.org/2001/XInclude" xmlns:svg="http://www.w3.org/2000/svg" xmlns:math="http://www.w3.org/1998/Math/MathML" xmlns="http://www.tei-c.org/ns/1.0">
 <teiHeader>
  <fileDesc>
   <titleStmt>
    <title xml:lang='de'>Grabmal für Sara Fradel bat Schm... ∞ Baruch Beer, gest. 1841-07-18, Jüdischer Friedhof Saarbrücken, alt</title>
    <respStmt xml:lang="de">
     <resp>herausgegeben vom</resp>
     <orgName ref="http://d-nb.info/gnd/212562-6">
      Salomon Ludwig Steinheim-Institut
      <address>
       <addrLine>Edmund-Körner-Platz 2</addrLine>
       <addrLine>D-45127 Essen</addrLine>
      </address>
     </orgName>
    </respStmt>
   </titleStmt>
    <editionStmt>
    <edition/>
   </editionStmt>
   <extent/>
   <publicationStmt>
    <publisher>
     <orgName ref="http://d-nb.info/gnd/212562-6">
      Salomon Ludwig Steinheim-Institut 
      <address>
       <addrLine>Edmund-Körner-Platz 2</addrLine>
       <addrLine>D-45127 Essen</addrLine>
      </address>
     </orgName>
    </publisher>
    <idno>sbs-31</idno>
    <idno type="url">http://www.steinheim-institut.de/cgi-bin/epidat?id=sbs-31</idno>
    <availability xml:lang="en" status="free">
     <licence>
      <ref target="http://creativecommons.org/licenses/by/4.0/">Distributed under a Creative Commons licence Attribution-BY 4.0</ref>
      <p>
       All reuse or distribution of this work must contain somewhere a link back to the URL 
       <ref>http://www.steinheim-institut.de/cgi-bin/epidat?id=sbs-31</ref>
      </p>
     </licence>
    </availability>
   </publicationStmt>
    <notesStmt>
    <note/>
   </notesStmt>
   <sourceDesc>
    <bibl>born digital</bibl>
     <msDesc>
     <msIdentifier/>
     <physDesc>
      <objectDesc>
       <supportDesc>
        <support>
         <p>
          <material>Stein</material>
         </p>
        </support>
        <condition>
         <p>
           Beschädigung leicht 
          <damage agent='Verwitterung'>Verwitterung stark</damage>
         </p>
        </condition>
       </supportDesc>
        <layoutDesc>
        <layout/>
       </layoutDesc>
      </objectDesc>
      <decoDesc>
       <decoNote type='symbol'>Schmetterling</decoNote>
       <decoNote type='ornament'>floral; gestalterisch</decoNote>
      </decoDesc>
     </physDesc>
     <history>
      <origin>
       <date notBefore='1841-07-18'>1841-07-18</date>
       <country type="ISO_3166" key="XA-DE-SL">
        Germany
        <region>Saarland</region>
       </country>
       <settlement type='city' key='tgn:7004454'>
        Saarbrücken, alt 
        <geogName>
         Jüdischer Friedhof
         <geo decls="#WGS">49.230945 6.974967</geo>
        </geogName>
       </settlement>
      </origin>
     </history>
    </msDesc>
   </sourceDesc>
  </fileDesc>
  <encodingDesc>
   <p>Encoded according to the EpiDoc Guidelines, Schema Version 8.18</p>
   <classDecl>
    <taxonomy>
     <category xml:id='foto1'>
      <catDesc>Ingeborg Knigge</catDesc>
     </category>
    </taxonomy>
   </classDecl>
   <geoDecl xml:id="WGS" datum="WGS84">World Geodetic System</geoDecl>
  </encodingDesc>
  <profileDesc>
   <particDesc>
    <listPerson>
     <person xml:id="sbs-31-1" sex='2'>
      <persName>Sara Fradel bat Schm... ∞ Baruch Beer</persName>
       <event when='1841-07-18' type="dateofdeath">
       <desc/>
      </event>
     </person>
    </listPerson>
   </particDesc>
    <langUsage>
    <!-- According to bcp47 http://tools.ietf.org/html/bcp47 (Language) and ISO15924 (writing System)-->
    <language ident='he' usage='100'>Hebrew</language>
   </langUsage>
  </profileDesc>
   <revisionDesc>
   <change/>
  </revisionDesc>
 </teiHeader>
 <facsimile>
  <graphic url='http://steinheim-institut.de/daten/picssbs/xl/0031_SBS_1.png'>
    <desc>
    <ref target='#foto1'/>
    recto
   </desc>
  </graphic>
  <graphic url='http://steinheim-institut.de/daten/picssbs/xl/0031dSBS_2.png'>
    <desc>
    <ref target='#foto1'/>
    Detail
   </desc>
  </graphic>
  <graphic url='http://steinheim-institut.de/daten/picssbs/xl/0031dSBS_3.png'>
    <desc>
    <ref target='#foto1'/>
    Detail
   </desc>
  </graphic>
  <graphic url='http://steinheim-institut.de/daten/picssbs/xl/0031dSBS_4.png'>
    <desc>
    <ref target='#foto1'/>
    Detail
   </desc>
  </graphic>
  <graphic url='http://steinheim-institut.de/daten/picssbs/xl/0031sSBS_5.png'>
    <desc>
    <ref target='#foto1'/>
    Steinmetzzeichen
   </desc>
  </graphic>
 </facsimile>
 <text>
  <body>
   <div type='edition'>
    <head>Edition</head>
     <ab>
     <lb n='1'/>
     ‎‏פ״נ‏‎
‏‎     <lb n='2'/>
     ‎‏כתר שם טוב עולה על גביהו‏‎
‏‎     <lb n='3'/>
     ‎‏פה מקום מנוחת כבוד אשה יראת‏‎
‏‎     <lb n='4'/>
     ‎‏הש׳ היא תתהלל‏‎
‏‎     <lb n='5'/>
     ‎‏מרת שרה פראדעל אשת‏‎
‏‎     <lb n='6'/>
     ‎‏כ״ה ברוך בעער ובת כ״ה שמ[...]‏‎
‏‎     <lb n='7'/>
     ‎‏מסאארבריקקען‏‎
‏‎     <lb n='8'/>
     ‎‏אשת חיל ...‏‎
‏‎     <lb n='9'/>
     ‎‏....‏‎
     <lb n='10'/>
     ‎‏.... ‎‏נפטרה‏‎
‏‎     <lb n='11'/>
     ‎‏ונק׳ ערב ר״ח אדר שנת‏‎
‏‎     <lb n='12'/>
     ‎‏תר״א לפ״ק תנצב״ה‏‎
‏‎    </ab>
   </div>
   <div type='translation'>
    <head>Übersetzung</head>
     <ab>
     <lb n='1'/>
     Hier ist begraben
     <lb n='2'/>
     die ›Krone des guten Namens‹ überragt sie alle.
     <lb n='3'/>
     Hier ist der Ort der ehrenvollen Ruhe ›einer Frau, die den göttlichen Namen
     <lb n='4'/>
     ehrfürchtet, sie werde gepriesen ‹.
     <lb n='5'/>
     Frau Sara Fradel, Gattin des
     <lb n='6'/>
     geehrten Herrn Baruch Beer und Tochter des geehrten Herrn Schm...
     <lb n='7'/>
     aus Saarbrücken,
     <lb n='8'/>
     ›die tüchtige Gattin‹ [...]
     <lb n='9'/>
     [...]
     <lb n='10'/>
     [...] verschieden
     <lb n='11'/>
     und begraben am Vorabend des Neumond Adar des Jahres
     <lb n='12'/>
     601 der kleinen Zählung. Ihre Seele sei eingebunden in das Bündel des Lebens
    </ab>
   </div>
   <div type="commentary" subtype="Zitate">
    <head>Zitate</head>
    <p>Zl 2: Av 4,13</p>
    <p>Zl 3f: Spr 31,30</p>
    <p>Zl 8: Spr 31,10</p>
   </div>
   <div type="commentary" subtype="Prosopographie">
    <head>Prosopographie</head>
   </div>
   <div type="bibliography">
    <head>Bibliographie</head>
    <p>to be done ...</p>
   </div>
  </body>
 </text>
</TEI>
