﻿<?xml version="1.0" encoding="UTF-8"?>
<?xml-model href="http://www.stoa.org/epidoc/schema/8.18/tei-epidoc.rng" schematypens="http://relaxng.org/ns/structure/1.0"?>
<TEI xmlns:xi="http://www.w3.org/2001/XInclude" xmlns:svg="http://www.w3.org/2000/svg" xmlns:math="http://www.w3.org/1998/Math/MathML" xmlns="http://www.tei-c.org/ns/1.0">
 <teiHeader>
  <fileDesc>
   <titleStmt>
    <title xml:lang='de'>Grabmal für Josef ben Jizchak, gest. 1846-08-30, Jüdischer Friedhof Saarbrücken, alt</title>
    <respStmt xml:lang="de">
     <resp>herausgegeben vom</resp>
     <orgName ref="http://d-nb.info/gnd/212562-6">
      Salomon Ludwig Steinheim-Institut
      <address>
       <addrLine>Edmund-Körner-Platz 2</addrLine>
       <addrLine>D-45127 Essen</addrLine>
      </address>
     </orgName>
    </respStmt>
   </titleStmt>
    <editionStmt>
    <edition/>
   </editionStmt>
   <extent/>
   <publicationStmt>
    <publisher>
     <orgName ref="http://d-nb.info/gnd/212562-6">
      Salomon Ludwig Steinheim-Institut 
      <address>
       <addrLine>Edmund-Körner-Platz 2</addrLine>
       <addrLine>D-45127 Essen</addrLine>
      </address>
     </orgName>
    </publisher>
    <idno>sbs-44</idno>
    <idno type="url">http://www.steinheim-institut.de/cgi-bin/epidat?id=sbs-44</idno>
    <availability xml:lang="en" status="free">
     <licence>
      <ref target="http://creativecommons.org/licenses/by/4.0/">Distributed under a Creative Commons licence Attribution-BY 4.0</ref>
      <p>
       All reuse or distribution of this work must contain somewhere a link back to the URL 
       <ref>http://www.steinheim-institut.de/cgi-bin/epidat?id=sbs-44</ref>
      </p>
     </licence>
    </availability>
   </publicationStmt>
    <notesStmt>
    <note/>
   </notesStmt>
   <sourceDesc>
    <bibl>born digital</bibl>
     <msDesc>
     <msIdentifier/>
     <physDesc>
      <objectDesc>
       <supportDesc>
        <support>
         <p>
          <material>Stein</material>
         </p>
        </support>
       </supportDesc>
        <layoutDesc>
        <layout/>
       </layoutDesc>
      </objectDesc>
      <decoDesc>
       <decoNote type='ornament'>gestalterisch: Maßwerk</decoNote>
      </decoDesc>
     </physDesc>
     <history>
      <origin>
       <date notBefore='1846-08-30'>1846-08-30</date>
       <country type="ISO_3166" key="XA-DE-SL">
        Germany
        <region>Saarland</region>
       </country>
       <settlement type='city' key='tgn:7004454'>
        Saarbrücken, alt 
        <geogName>
         Jüdischer Friedhof
         <geo decls="#WGS">49.230945 6.974967</geo>
        </geogName>
       </settlement>
      </origin>
     </history>
    </msDesc>
   </sourceDesc>
  </fileDesc>
  <encodingDesc>
   <p>Encoded according to the EpiDoc Guidelines, Schema Version 8.18</p>
   <classDecl>
    <taxonomy>
     <category xml:id='foto1'>
      <catDesc>Ingeborg Knigge</catDesc>
     </category>
    </taxonomy>
   </classDecl>
   <geoDecl xml:id="WGS" datum="WGS84">World Geodetic System</geoDecl>
  </encodingDesc>
  <profileDesc>
   <particDesc>
    <listPerson>
     <person xml:id="sbs-44-1" sex='1'>
      <persName>Josef ben Jizchak</persName>
       <event when='1846-08-30' type="dateofdeath">
       <desc/>
      </event>
     </person>
    </listPerson>
   </particDesc>
    <langUsage>
    <!-- According to bcp47 http://tools.ietf.org/html/bcp47 (Language) and ISO15924 (writing System)-->
    <language ident='he' usage='100'>Hebrew</language>
   </langUsage>
  </profileDesc>
   <revisionDesc>
   <change/>
  </revisionDesc>
 </teiHeader>
 <facsimile>
  <graphic url='http://steinheim-institut.de/daten/picssbs/xl/0044dSBS_2.png'>
    <desc>
    <ref target='#foto1'/>
    Detail
   </desc>
  </graphic>
 </facsimile>
 <text>
  <body>
   <div type='edition'>
    <head>Edition</head>
     <ab>
     <lb n='1'/>
     ‎‏פ״נ‏‎
‏‎     <lb n='2'/>
     ‎‏היקר הנדיב כ״ה יוסף ב׳ כ׳‏‎
‏‎     <lb n='3'/>
     ‎‏יצחק זצ״ל מקראקוב‏‎
‏‎     <lb n='4'/>
     ‎‏אשר הלך בדרך טובים‏‎
‏‎     <lb n='5'/>
     ‎‏פזר נתן לאביונים טוב‏‎
‏‎     <lb n='6'/>
     ‎‏לשמים ולבריות והנה נפטר‏‎
‏‎     <lb n='7'/>
     ‎‏ביום א׳ ונקבר ביום ג׳ י׳ אלול תר״ו‏‎
‏‎     <lb n='8'/>
     ‎‏לפ״ק תנצב״ה‏‎
‏‎    </ab>
   </div>
   <div type='translation'>
    <head>Übersetzung</head>
     <ab>
     <lb n='1'/>
     Hier ist begraben
     <lb n='2'/>
     der Teure, der Wohltäter, der geehrte Herr Josef, Sohn des geehrten
     <lb n='3'/>
     Jizchak, das Andenken des Gerechten zum Segen, aus Krakau
     <lb n='4'/>
     welcher ›den Weg der Guten ging‹ ,
     <lb n='5'/>
     ›freigebig den Bedürftigen war‹ , ›gut dem Himmel
     <lb n='6'/>
     und den Menschen‹ , und nun verschied er
     <lb n='7'/>
     am Tag 1, und ward begraben am Tag 3, 10. Elul 606
     <lb n='8'/>
     der kleinen Zählung. Seine Seele sei eingebunden in das Bündel des Lebens
    </ab>
   </div>
   <div type="commentary" subtype="Zitate">
    <head>Zitate</head>
    <p>Zl 4: Spr 2,20</p>
    <p>Zl 5: Ps 112,9</p>
    <p>Zl 5f: Jalk zu Jes, Nr. 395</p>
   </div>
   <div type="commentary" subtype="Prosopographie">
    <head>Prosopographie</head>
   </div>
   <div type="bibliography">
    <head>Bibliographie</head>
    <p>to be done ...</p>
   </div>
  </body>
 </text>
</TEI>
