﻿<?xml version="1.0" encoding="UTF-8"?>
<?xml-model href="http://www.stoa.org/epidoc/schema/8.18/tei-epidoc.rng" schematypens="http://relaxng.org/ns/structure/1.0"?>
<TEI xmlns:xi="http://www.w3.org/2001/XInclude" xmlns:svg="http://www.w3.org/2000/svg" xmlns:math="http://www.w3.org/1998/Math/MathML" xmlns="http://www.tei-c.org/ns/1.0">
 <teiHeader>
  <fileDesc>
   <titleStmt>
    <title xml:lang='de'>Grabmal für Täubchel bat Schmuel, gest. 1740-05-03, Jüdischer Friedhof Sondershausen</title>
    <respStmt xml:lang="de">
     <resp>herausgegeben vom</resp>
     <orgName ref="http://d-nb.info/gnd/212562-6">
      Salomon Ludwig Steinheim-Institut
      <address>
       <addrLine>Edmund-Körner-Platz 2</addrLine>
       <addrLine>D-45127 Essen</addrLine>
      </address>
     </orgName>
    </respStmt>
   </titleStmt>
    <editionStmt>
    <edition/>
   </editionStmt>
   <extent/>
   <publicationStmt>
    <publisher>
     <orgName ref="http://d-nb.info/gnd/212562-6">
      Salomon Ludwig Steinheim-Institut 
      <address>
       <addrLine>Edmund-Körner-Platz 2</addrLine>
       <addrLine>D-45127 Essen</addrLine>
      </address>
     </orgName>
    </publisher>
    <idno>sdh-41</idno>
    <idno type="url">http://www.steinheim-institut.de/cgi-bin/epidat?id=sdh-41</idno>
    <availability xml:lang="en" status="free">
     <licence>
      <ref target="http://creativecommons.org/licenses/by/4.0/">Distributed under a Creative Commons licence Attribution-BY 4.0</ref>
      <p>
       All reuse or distribution of this work must contain somewhere a link back to the URL 
       <ref>http://www.steinheim-institut.de/cgi-bin/epidat?id=sdh-41</ref>
      </p>
     </licence>
    </availability>
   </publicationStmt>
    <notesStmt>
    <note/>
   </notesStmt>
   <sourceDesc>
    <bibl>born digital</bibl>
     <msDesc>
     <msIdentifier/>
     <physDesc>
      <objectDesc>
       <supportDesc>
        <support>
         <p>
          <material>Stein</material>
          Kleiner Stele aus Sondershäuser Muschelkalk mit geradem Abschluss mit abgerundeten Ecken. Die Inschrift ist zentriert.
         </p>
        </support>
        <condition>
         <p>Die Inschrift des in den Boden eingesunkenen Steins ist kaum noch zu entziffern. Starker Moosbewuchs.</p>
        </condition>
       </supportDesc>
        <layoutDesc>
        <layout/>
       </layoutDesc>
      </objectDesc>
     </physDesc>
     <history>
      <origin>
       <date notBefore='1740-05-03'>1740-05-03</date>
       <country type="ISO_3166" key="XA-DE-TH">
        Germany
        <region>Thuringa</region>
       </country>
       <settlement type='city' key='tgn:1037748'>
        Sondershausen 
        <geogName>
         Jüdischer Friedhof
         <geo decls="#WGS">51.360182 10.869193</geo>
        </geogName>
       </settlement>
      </origin>
     </history>
    </msDesc>
   </sourceDesc>
  </fileDesc>
  <encodingDesc>
   <p>Encoded according to the EpiDoc Guidelines, Schema Version 8.18</p>
   <classDecl>
    <taxonomy>
     <category xml:id='foto1'>
      <catDesc>Henryk Bies, Sondershausen</catDesc>
     </category>
     <category xml:id='foto2'>
      <catDesc>Nathanja Hüttenmeister</catDesc>
     </category>
     <category xml:id='foto3'>
      <catDesc>Schlossmuseum Sondershausen</catDesc>
     </category>
    </taxonomy>
   </classDecl>
   <geoDecl xml:id="WGS" datum="WGS84">World Geodetic System</geoDecl>
  </encodingDesc>
  <profileDesc>
   <particDesc>
    <listPerson>
     <person xml:id="sdh-41-1" sex='2'>
      <persName>Täubchel bat Schmuel</persName>
       <event when='1740-05-03' type="dateofdeath">
       <desc/>
      </event>
     </person>
    </listPerson>
   </particDesc>
    <langUsage>
    <!-- According to bcp47 http://tools.ietf.org/html/bcp47 (Language) and ISO15924 (writing System)-->
    <language ident='he' usage='100'>Hebrew</language>
   </langUsage>
  </profileDesc>
   <revisionDesc>
   <change/>
  </revisionDesc>
 </teiHeader>
 <facsimile>
  <graphic url='http://steinheim-institut.de/daten/picssdh/xl/15707-Dok_041V.png'>
    <desc>
    <ref target='#foto1'/>
    recto
   </desc>
  </graphic>
 </facsimile>
 <text>
  <body>
   <div type='edition'>
    <head>Edition</head>
     <ab>
     <lb n='1'/>
     ‎‏פ״ט‏‎
‏‎     <lb n='2'/>
     ‎‏האשה מ׳ טייבכל בת כ״ה‏‎
‏‎     <lb n='3'/>
     ‎‏שמואל נפטרת בשם טוב‏‎
‏‎     <lb n='4'/>
     ‎‏[...] ‎‏ונקברת ביו׳ ג׳ ו׳ אייר ת‏‎
‏‎     <lb n='5'/>
     ‎‏ק לפ״ק ׃ לעני פרשה כפה‏‎
‏‎     <lb n='6'/>
     ‎‏[...] ‎‏תנצב״ה‏‎
‏‎    </ab>
   </div>
   <div type='translation'>
    <head>Übersetzung</head>
     <ab>
     <lb n='1'/>
     Hier ist geborgen
     <lb n='2'/>
     die Frau Täubchel, Tochter des geehrten Herrn
     <lb n='3'/>
     Schmuel, verschieden ›mit gutem Namen‹
     <lb n='4'/>
     [...] und begraben am Tag 3, 6. Ijar 5-
     <lb n='5'/>
     00 der kleinen Zählung. ›Dem Armen öffnete sie ihre Hand‹
     <lb n='6'/>
     [...] Ihre Seele sei eingebunden in das Bündel des Lebens
    </ab>
   </div>
   <div type="commentary" subtype="Zitate">
    <head>Zitate</head>
    <p>Zl 3: bBer 17a</p>
    <p>Zl 5: Spr 31,20</p>
   </div>
   <div type="commentary" subtype="Endkommentar">
    <head>Endkommentar</head>
    <p>Der Anrede in Zeile 2 läßt vermuten, dass Täubchel verheiratet war. Die Annahme wird gestützt durch die Wahl eines Verses aus dem allsabbatlich vom Gatten rezitierten Lob auf die tüchtige Gattin (Sprüche 31,10-31,31). Die Tatsache, dass der Gattenname nicht genannt wird, könnte darauf hindeuten, dass dieser seine Frau überlebte.</p>
   </div>
   <div type="commentary" subtype="Prosopographie">
    <head>Prosopographie</head>
   </div>
   <div type="bibliography">
    <head>Bibliographie</head>
    <p>to be done ...</p>
   </div>
  </body>
 </text>
</TEI>
