﻿<?xml version="1.0" encoding="UTF-8"?>
<?xml-model href="http://www.stoa.org/epidoc/schema/8.18/tei-epidoc.rng" schematypens="http://relaxng.org/ns/structure/1.0"?>
<TEI xmlns:xi="http://www.w3.org/2001/XInclude" xmlns:svg="http://www.w3.org/2000/svg" xmlns:math="http://www.w3.org/1998/Math/MathML" xmlns="http://www.tei-c.org/ns/1.0">
 <teiHeader>
  <fileDesc>
   <titleStmt>
    <title xml:lang='de'>Grabmal für , gest. 1696-01-04, Jüdischer Friedhof Siegburg</title>
    <respStmt xml:lang="de">
     <resp>herausgegeben vom</resp>
     <orgName ref="http://d-nb.info/gnd/212562-6">
      Salomon Ludwig Steinheim-Institut
      <address>
       <addrLine>Edmund-Körner-Platz 2</addrLine>
       <addrLine>D-45127 Essen</addrLine>
      </address>
     </orgName>
    </respStmt>
   </titleStmt>
    <editionStmt>
    <edition/>
   </editionStmt>
   <extent/>
   <publicationStmt>
    <publisher>
     <orgName ref="http://d-nb.info/gnd/212562-6">
      Salomon Ludwig Steinheim-Institut 
      <address>
       <addrLine>Edmund-Körner-Platz 2</addrLine>
       <addrLine>D-45127 Essen</addrLine>
      </address>
     </orgName>
    </publisher>
    <idno>sgb-232</idno>
    <idno type="url">http://www.steinheim-institut.de/cgi-bin/epidat?id=sgb-232</idno>
    <availability xml:lang="en" status="free">
     <licence>
      <ref target="http://creativecommons.org/licenses/by/4.0/">Distributed under a Creative Commons licence Attribution-BY 4.0</ref>
      <p>
       All reuse or distribution of this work must contain somewhere a link back to the URL 
       <ref>http://www.steinheim-institut.de/cgi-bin/epidat?id=sgb-232</ref>
      </p>
     </licence>
    </availability>
   </publicationStmt>
    <notesStmt>
    <note/>
   </notesStmt>
   <sourceDesc>
    <bibl>born digital</bibl>
     <msDesc>
     <msIdentifier/>
     <physDesc>
      <objectDesc>
       <supportDesc>
        <support>
         <p>
          <material>Stein</material>
         </p>
        </support>
       </supportDesc>
        <layoutDesc>
        <layout/>
       </layoutDesc>
      </objectDesc>
      <decoDesc>
       <decoNote type='symbol'>Priesterhände</decoNote>
      </decoDesc>
     </physDesc>
     <history>
      <origin>
       <date notBefore='1696-01-04'>1696-01-04</date>
       <country type="ISO_3166" key="XA-DE-NW">
        Germany
        <region>North Rhine-Westphalia</region>
       </country>
       <settlement type='city' key='tgn:7005104'>
        Siegburg 
        <geogName>
         Jüdischer Friedhof
         <geo decls="#WGS">50.801352 7.203499</geo>
        </geogName>
       </settlement>
      </origin>
     </history>
    </msDesc>
   </sourceDesc>
  </fileDesc>
  <encodingDesc>
   <p>Encoded according to the EpiDoc Guidelines, Schema Version 8.18</p>
   <geoDecl xml:id="WGS" datum="WGS84">World Geodetic System</geoDecl>
  </encodingDesc>
  <profileDesc>
    <langUsage>
    <!-- According to bcp47 http://tools.ietf.org/html/bcp47 (Language) and ISO15924 (writing System)-->
    <language ident='he' usage='100'>Hebrew</language>
   </langUsage>
  </profileDesc>
   <revisionDesc>
   <change/>
  </revisionDesc>
 </teiHeader>
 <facsimile></facsimile>
 <text>
  <body>
   <div type='edition'>
    <head>Edition</head>
     <ab>
     <lb n='1'/>
     ‎‏פ״נ‏‎
‏‎     <lb n='2'/>
     ‎‏איש תם וישר‏‎
‏‎     <lb n='3'/>
     ‎‏משה? בן? החבר?‏‎
‏‎     <lb n='4'/>
     ‎‏[...] ‎‏כמר מרדכי‏‎
‏‎     <lb n='5'/>
     ‎‏הכהן נקבר? ביום‏‎
‏‎     <lb n='6'/>
     ‎‏ד׳? כ״ט? [טב]ת תנ״ו? ל[פ״ק]‏‎
‏‎     <lb n='7'/>
     ‎‏[‎‏תנצ]ב״ה‏‎
‏‎    </ab>
   </div>
   <div type='translation'>
    <head>Übersetzung</head>
     <ab>
     <lb n='1'/>
     Hier ist begraben
     <lb n='2'/>
     lauterer und aufrechter Mann,
     <lb n='3'/>
     Mosche?, Sohn? des toragelehrten?
     <lb n='4'/>
     [...], des geehrten Herrn Mordchai
     <lb n='5'/>
     Hakohen, er wurde begraben am Tag
     <lb n='6'/>
     4?, 29.? Tewet 456? der kleinen Zählung.
     <lb n='7'/>
     Seine Seele sei eingebunden in das Bündel des Lebens
    </ab>
   </div>
   <div type="commentary" subtype="Zeilenkommentar">
    <head>Zeilenkommentar</head>
    <p>Zl 2: Ijob 1,1 u.ö.</p>
   </div>
   <div type="commentary" subtype="Endkommentar">
    <head>Endkommentar</head>
    <p>Dieses Grabmal ist sehr wahrscheinlich das älteste noch erhaltene auf diesem Friedhof. Es unterscheidet sich von den übrigen Grabmalen im Material, Form und Ausführung. Die Zeilen verlaufen nicht parallel zueinander, die Quer- und Längsbalken der Buchstaben weisen nahezu die gleiche Breite auf.</p>
    <p>Die teilweise deutliche Verwitterung erschwert eine eindeutige Lesung, die Angaben bleiben deshalb nicht ganz sicher. Da dieses Grabmal von Grabmalen der Familie Bock umgeben ist, scheint die Zugehörigkeit des Verstorbenen zu dieser Familie wahrscheinlich, ebenso mag seine aronidische Herkunft für diese Annahme sprechen. Ein weiterer Anhaltspunkt mag ein Sohn des 1704 verstorbenen David Bock bieten, dessen Name Mortgen (Mordechai) war. Folgt man dem damals noch praktizierten Brauch, den Söhnen den Namen ihrer verstorbenen Großväter zu geben, so ist es durchaus möglich, daß dieser Mortgen (Mordechai) den Namen seines Großvaters väterlicherseits trug. Da auch der Vatersname des hier Bestatteten Mordechai war, könnte er ein Bruder des David Bock gewesen sein, dessen Vatersname nicht bekannt ist.</p>
   </div>
   <div type="commentary" subtype="Prosopographie">
    <head>Prosopographie</head>
   </div>
   <div type="bibliography">
    <head>Bibliographie</head>
    <p>to be done ...</p>
   </div>
  </body>
 </text>
</TEI>
