﻿<?xml version="1.0" encoding="UTF-8"?>
<?xml-model href="http://www.stoa.org/epidoc/schema/8.18/tei-epidoc.rng" schematypens="http://relaxng.org/ns/structure/1.0"?>
<TEI xmlns:xi="http://www.w3.org/2001/XInclude" xmlns:svg="http://www.w3.org/2000/svg" xmlns:math="http://www.w3.org/1998/Math/MathML" xmlns="http://www.tei-c.org/ns/1.0">
 <teiHeader>
  <fileDesc>
   <titleStmt>
    <title xml:lang='de'>Grabmal für Channa Lea Brendlen bat Naftali ∞ Mosche ben Jizchak, gest. 1600~1650, Jüdischer Friedhof Schmalkalden</title>
    <respStmt xml:lang="de">
     <resp>herausgegeben vom</resp>
     <orgName ref="http://d-nb.info/gnd/212562-6">
      Salomon Ludwig Steinheim-Institut
      <address>
       <addrLine>Edmund-Körner-Platz 2</addrLine>
       <addrLine>D-45127 Essen</addrLine>
      </address>
     </orgName>
    </respStmt>
   </titleStmt>
    <editionStmt>
    <edition/>
   </editionStmt>
   <extent/>
   <publicationStmt>
    <publisher>
     <orgName ref="http://d-nb.info/gnd/212562-6">
      Salomon Ludwig Steinheim-Institut 
      <address>
       <addrLine>Edmund-Körner-Platz 2</addrLine>
       <addrLine>D-45127 Essen</addrLine>
      </address>
     </orgName>
    </publisher>
    <idno>smk-1</idno>
    <idno type="url">http://www.steinheim-institut.de/cgi-bin/epidat?id=smk-1</idno>
    <availability xml:lang="en" status="free">
     <licence>
      <ref target="http://creativecommons.org/licenses/by/4.0/">Distributed under a Creative Commons licence Attribution-BY 4.0</ref>
      <p>
       All reuse or distribution of this work must contain somewhere a link back to the URL 
       <ref>http://www.steinheim-institut.de/cgi-bin/epidat?id=smk-1</ref>
      </p>
     </licence>
    </availability>
   </publicationStmt>
    <notesStmt>
    <note/>
   </notesStmt>
   <sourceDesc>
    <bibl>born digital</bibl>
     <msDesc>
     <msIdentifier/>
     <physDesc>
      <objectDesc>
       <supportDesc>
        <support>
         <p>
          <material>Sandstein</material>
          <dimensions>
           <dim>H: 95 cm B: 71 cm T: 14 cm</dim>
          </dimensions>
          Kleine Stele mit Rundbogenabschluss. Auf der Oberkante befinden sich Vertiefungen und Rest eines Eisenankers, so dass man auf einen Aufsatz (Dach?) schließen kann. Auf der Rückseite des Grabmals sieben eingravierte Symbole, deren Bedeutung bisher noch unklar ist.
         </p>
        </support>
        <condition>
         <p>
          <date>1996</date>
           Das Grabmal wurde neu aufgestellt, der untere Teil (halbe Höhe letzte Zeile) fehlt. Oberflächenparallele Abschalungen, besonders im unteren Bereichdie Inschrift ist nicht mehr vollständig erhalten.
         </p>
        </condition>
       </supportDesc>
        <layoutDesc>
        <layout/>
       </layoutDesc>
      </objectDesc>
      <handDesc>
       <handNote>Schrift vertieft</handNote>
      </handDesc>
     </physDesc>
     <history>
      <origin>
       <date notBefore='1600~1650'>1600~1650</date>
       <country type="ISO_3166" key="XA-DE-TH">
        Germany
        <region>Thuringa</region>
       </country>
       <settlement type='city' key='tgn:7012867'>
        Schmalkalden 
        <geogName>
         Jüdischer Friedhof
         <geo decls="#WGS">50.724221 10.439409</geo>
        </geogName>
       </settlement>
      </origin>
     </history>
    </msDesc>
   </sourceDesc>
  </fileDesc>
  <encodingDesc>
   <p>Encoded according to the EpiDoc Guidelines, Schema Version 8.18</p>
   <classDecl>
    <taxonomy>
     <category xml:id='foto1'>
      <catDesc>
       <persName ref='http://d-nb.info/gnd/128472499' role='photographer'>Bert Sommer</persName>
      </catDesc>
     </category>
     <category xml:id='foto2'>
      <catDesc>Angela Onasch</catDesc>
     </category>
     <category xml:id='foto3'>
      <catDesc>Nathanja Hüttenmeister</catDesc>
     </category>
     <category xml:id='foto4'>
      <catDesc>Andrea Neid</catDesc>
     </category>
    </taxonomy>
   </classDecl>
   <geoDecl xml:id="WGS" datum="WGS84">World Geodetic System</geoDecl>
  </encodingDesc>
  <profileDesc>
   <particDesc>
    <listPerson>
     <person xml:id="smk-1-1" sex='2'>
      <persName>Channa Lea Brendlen bat Naftali ∞ Mosche ben Jizchak</persName>
       <event when='1600~1650' type="dateofdeath">
       <desc/>
      </event>
     </person>
    </listPerson>
   </particDesc>
    <langUsage>
    <!-- According to bcp47 http://tools.ietf.org/html/bcp47 (Language) and ISO15924 (writing System)-->
    <language ident='he' usage='100'>Hebrew</language>
   </langUsage>
  </profileDesc>
   <revisionDesc>
   <change/>
  </revisionDesc>
 </teiHeader>
 <facsimile>
  <graphic url='http://steinheim-institut.de/daten/picssmk/xl/0001_SMk_100907L1014074hb.png'>
    <desc>
    <ref target='#foto1'/>
    recto
   </desc>
  </graphic>
  <graphic url='http://steinheim-institut.de/daten/picssmk/xl/0001dSMk_100907L1014077qb.png'>
    <desc>
    <ref target='#foto1'/>
    Detail
   </desc>
  </graphic>
  <graphic url='http://steinheim-institut.de/daten/picssmk/xl/0001dSMk_100907L1014082qb.png'>
    <desc>
    <ref target='#foto1'/>
    Detail
   </desc>
  </graphic>
  <graphic url='http://steinheim-institut.de/daten/picssmk/xl/0001rSMk_100907L1014086hb.png'>
    <desc>
    <ref target='#foto1'/>
    <date when='2010-09-07'/>
    verso
   </desc>
  </graphic>
 </facsimile>
 <text>
  <body>
   <div type='edition'>
    <head>Edition</head>
     <ab>
     <lb n='1'/>
     ‎‏מרת חנה‏‎
‏‎     <lb n='2'/>
     ‎‏לאה ברענדלין‏‎
‏‎     <lb n='3'/>
     ‎‏בת ה״ר נפתלי ז״ל‏‎
‏‎     <lb n='4'/>
     ‎‏אשת משה מ׳ מ׳‏‎
‏‎     <lb n='5'/>
     ‎‏בן ה״ר יצחק ז״ל‏‎
‏‎     <lb n='6'/>
     ‎‏יום ה׳ י״ג אייר‏‎
‏‎     <lb n='7'/>
     ‎‏לס[...] לפ״ק‏‎
‏‎     <lb n='8'/>
     ‎‏תנצב״ה‏‎
‏‎    </ab>
   </div>
   <div type='translation'>
    <head>Übersetzung</head>
     <ab>
     <lb n='1'/>
     Frau Channa
     <lb n='2'/>
     Lea Brendlen,
     <lb n='3'/>
     Tochter des geehrten Naftali, sein Andenken zum Segen,
     <lb n='4'/>
     Gattin des Mosche ...,
     <lb n='5'/>
     Sohn des geehrten Jizchak, sein Andenken zum Segen,
     <lb n='6'/>
     Tag 5, 13. Ijar
     <lb n='7'/>
     ... der kleinen Zählung.
     <lb n='8'/>
     Ihre Seele sei eingebunden in das Bündel des Lebens
    </ab>
   </div>
   <div type="commentary" subtype="Zeilenkommentar">
    <head>Zeilenkommentar</head>
    <p>Zl 7: Hier wird vielleicht auf die Omer-Zählung zwischen Pessach und Schawuoth verwiesen, der 13. Ijar fällt auf den 28. Tag dieser Zählung.</p>
   </div>
   <div type="commentary" subtype="Abkürzung">
    <p>Die Abkürzung hinter dem Gattennamen, etwa "M.M.", bleibt unklar. Möglicherweise handelt es sich um einen Ortsnamen ("aus M."), allerdings wäre dann die Platzierung vor dem Vatersnamen ungewöhnlich.</p>
   </div>
   <div type="commentary" subtype="Endkommentar">
    <head>Endkommentar</head>
    <p>Aufgrund der Gestaltung des Grabmals handelt es sich sicherlich um eines der ältesten erhaltenen Grabsteine des Friedhofs aus dem 17. Jahrhundert. Ungewöhnlich sind die Abbildungen auf der Rückseite des Grabsteins, deren Bedeutung unklar bleibt. Handelt es sich vielleicht um Übungen eines Steinmetzes?</p>
   </div>
   <div type="commentary" subtype="Prosopographie">
    <head>Prosopographie</head>
   </div>
   <div type="bibliography">
    <head>Bibliographie</head>
    <p>to be done ...</p>
   </div>
  </body>
 </text>
</TEI>
