﻿<?xml version="1.0" encoding="UTF-8"?>
<?xml-model href="http://www.stoa.org/epidoc/schema/8.18/tei-epidoc.rng" schematypens="http://relaxng.org/ns/structure/1.0"?>
<TEI xmlns:xi="http://www.w3.org/2001/XInclude" xmlns:svg="http://www.w3.org/2000/svg" xmlns:math="http://www.w3.org/1998/Math/MathML" xmlns="http://www.tei-c.org/ns/1.0">
 <teiHeader>
  <fileDesc>
   <titleStmt>
    <title xml:lang='de'>Grabmal für Gitle ∞ Hirz, gest. 1600~1650, Jüdischer Friedhof Schmalkalden</title>
    <respStmt xml:lang="de">
     <resp>herausgegeben vom</resp>
     <orgName ref="http://d-nb.info/gnd/212562-6">
      Salomon Ludwig Steinheim-Institut
      <address>
       <addrLine>Edmund-Körner-Platz 2</addrLine>
       <addrLine>D-45127 Essen</addrLine>
      </address>
     </orgName>
    </respStmt>
   </titleStmt>
    <editionStmt>
    <edition/>
   </editionStmt>
   <extent/>
   <publicationStmt>
    <publisher>
     <orgName ref="http://d-nb.info/gnd/212562-6">
      Salomon Ludwig Steinheim-Institut 
      <address>
       <addrLine>Edmund-Körner-Platz 2</addrLine>
       <addrLine>D-45127 Essen</addrLine>
      </address>
     </orgName>
    </publisher>
    <idno>smk-23</idno>
    <idno type="url">http://www.steinheim-institut.de/cgi-bin/epidat?id=smk-23</idno>
    <availability xml:lang="en" status="free">
     <licence>
      <ref target="http://creativecommons.org/licenses/by/4.0/">Distributed under a Creative Commons licence Attribution-BY 4.0</ref>
      <p>
       All reuse or distribution of this work must contain somewhere a link back to the URL 
       <ref>http://www.steinheim-institut.de/cgi-bin/epidat?id=smk-23</ref>
      </p>
     </licence>
    </availability>
   </publicationStmt>
    <notesStmt>
    <note/>
   </notesStmt>
   <sourceDesc>
    <bibl>born digital</bibl>
     <msDesc>
     <msIdentifier/>
     <physDesc>
      <objectDesc>
       <supportDesc>
        <support>
         <p>
          <material>Sandstein</material>
          <dimensions>
           <dim>H: 60 cm B: 61 cm T: 14 cm</dim>
          </dimensions>
          Stele mit Segmentbogenabschluss. Rechts und links neben der Kopfzeile kleine, eingravierte Blüten.
         </p>
        </support>
        <condition>
         <p>
          <date>1996</date>
           
          <damage agent='Verwitterung'>Mehrere Ausbrüche, Verwitterungsspuren besonders im unteren Bereich. Der untere Teil fehlt (oder ist im Boden vergraben).</damage>
         </p>
        </condition>
       </supportDesc>
        <layoutDesc>
        <layout/>
       </layoutDesc>
      </objectDesc>
      <handDesc>
       <handNote>Schrift vertieft</handNote>
      </handDesc>
      <decoDesc>
       <decoNote type='ornament'>floral</decoNote>
      </decoDesc>
     </physDesc>
     <history>
      <origin>
       <date notBefore='1600~1650'>1600~1650</date>
       <country type="ISO_3166" key="XA-DE-TH">
        Germany
        <region>Thuringa</region>
       </country>
       <settlement type='city' key='tgn:7012867'>
        Schmalkalden 
        <geogName>
         Jüdischer Friedhof
         <geo decls="#WGS">50.724221 10.439409</geo>
        </geogName>
       </settlement>
      </origin>
     </history>
    </msDesc>
   </sourceDesc>
  </fileDesc>
  <encodingDesc>
   <p>Encoded according to the EpiDoc Guidelines, Schema Version 8.18</p>
   <classDecl>
    <taxonomy>
     <category xml:id='foto1'>
      <catDesc>
       <persName ref='http://d-nb.info/gnd/128472499' role='photographer'>Bert Sommer</persName>
      </catDesc>
     </category>
     <category xml:id='foto2'>
      <catDesc>Angela Onasch</catDesc>
     </category>
     <category xml:id='foto3'>
      <catDesc>Nathanja Hüttenmeister</catDesc>
     </category>
     <category xml:id='foto4'>
      <catDesc>Andrea Neid</catDesc>
     </category>
    </taxonomy>
   </classDecl>
   <geoDecl xml:id="WGS" datum="WGS84">World Geodetic System</geoDecl>
  </encodingDesc>
  <profileDesc>
   <particDesc>
    <listPerson>
     <person xml:id="smk-23-1" sex='2'>
      <persName>Gitle ∞ Hirz</persName>
       <event when='1600~1650' type="dateofdeath">
       <desc/>
      </event>
     </person>
    </listPerson>
   </particDesc>
    <langUsage>
    <!-- According to bcp47 http://tools.ietf.org/html/bcp47 (Language) and ISO15924 (writing System)-->
    <language ident='he' usage='100'>Hebrew</language>
   </langUsage>
  </profileDesc>
   <revisionDesc>
   <change/>
  </revisionDesc>
 </teiHeader>
 <facsimile>
  <graphic url='http://steinheim-institut.de/daten/picssmk/xl/0023_SMk_100907L1014143qb.png'>
    <desc>
    <ref target='#foto1'/>
    recto
   </desc>
  </graphic>
  <graphic url='http://steinheim-institut.de/daten/picssmk/xl/0023_SMk_100907L1014145qb.png'>
    <desc>
    <ref target='#foto1'/>
    recto
   </desc>
  </graphic>
 </facsimile>
 <text>
  <body>
   <div type='edition'>
    <head>Edition</head>
     <ab>
     <lb n='1'/>
     ‎‏פה‏‎
‏‎     <lb n='2'/>
     ‎‏נטמנת האשה‏‎
‏‎     <lb n='3'/>
     ‎‏תמימה אשת פו״ה‏‎
‏‎     <lb n='4'/>
     ‎‏כהר״ר הירץ מרת‏‎
‏‎     <lb n='5'/>
     ‎‏גיטלה בת מוהר״ר‏‎
‏‎     <lb n='6'/>
     ‎‏[‎‏־־־]‏‎
‏‎    </ab>
   </div>
   <div type='translation'>
    <head>Übersetzung</head>
     <ab>
     <lb n='1'/>
     Hier
     <lb n='2'/>
     ist geborgen die lautere
     <lb n='3'/>
     Frau, Gattin des Vorstehers und Leiters,
     <lb n='4'/>
     des geehrten Meisters, Herrn Hirz, Frau
     <lb n='5'/>
     Gitle, Tochter unseres Lehrers, des Meisters, Herrn
     <lb n='6'/>
     [---]
    </ab>
   </div>
   <div type="commentary" subtype="Endkommentar">
    <head>Endkommentar</head>
    <p>Aufgrund der Gestaltung des Grabmals handelt es sich sicherlich um eines der ältesten erhaltenen Grabsteine des Friedhofs aus dem 17. Jahrhundert.</p>
   </div>
   <div type="commentary" subtype="Prosopographie">
    <head>Prosopographie</head>
    <p>In einem Verzeichnis der Schmalkaldener Juden von 1666, das allerdings jeweils nur die Hausväter namentlich nennt, sind zwei Männer mit dem Namen Hirsch (= Hirz) aufgeführt: der "Große Hirsch, sein Weib undt einen Sohn" sowie "Klein Hirsch undt sein Weib". Da Gitle mit einem Gemeindevorsteher namens Hirsch verheiratet war, könnte dieser identisch gewesen sein mit dem hier genannten "großen Hirsch". Dann wäre sie nach 1666 gestorben.</p>
   </div>
   <div type="bibliography">
    <head>Bibliographie</head>
    <p>to be done ...</p>
   </div>
  </body>
 </text>
</TEI>
