﻿<?xml version="1.0" encoding="UTF-8"?>
<?xml-model href="http://www.stoa.org/epidoc/schema/8.18/tei-epidoc.rng" schematypens="http://relaxng.org/ns/structure/1.0"?>
<TEI xmlns:xi="http://www.w3.org/2001/XInclude" xmlns:svg="http://www.w3.org/2000/svg" xmlns:math="http://www.w3.org/1998/Math/MathML" xmlns="http://www.tei-c.org/ns/1.0">
 <teiHeader>
  <fileDesc>
   <titleStmt>
    <title xml:lang='de'>Grabmal für Mosche ben Mattitjahu, gest. 1825-01-09, Jüdischer Friedhof Schermbeck</title>
    <respStmt xml:lang="de">
     <resp>herausgegeben vom</resp>
     <orgName ref="http://d-nb.info/gnd/212562-6">
      Salomon Ludwig Steinheim-Institut
      <address>
       <addrLine>Edmund-Körner-Platz 2</addrLine>
       <addrLine>D-45127 Essen</addrLine>
      </address>
     </orgName>
    </respStmt>
   </titleStmt>
    <editionStmt>
    <edition/>
   </editionStmt>
   <extent/>
   <publicationStmt>
    <publisher>
     <orgName ref="http://d-nb.info/gnd/212562-6">
      Salomon Ludwig Steinheim-Institut 
      <address>
       <addrLine>Edmund-Körner-Platz 2</addrLine>
       <addrLine>D-45127 Essen</addrLine>
      </address>
     </orgName>
    </publisher>
    <idno>srm-28</idno>
    <idno type="url">http://www.steinheim-institut.de/cgi-bin/epidat?id=srm-28</idno>
    <availability xml:lang="en" status="free">
     <licence>
      <ref target="http://creativecommons.org/licenses/by/4.0/">Distributed under a Creative Commons licence Attribution-BY 4.0</ref>
      <p>
       All reuse or distribution of this work must contain somewhere a link back to the URL 
       <ref>http://www.steinheim-institut.de/cgi-bin/epidat?id=srm-28</ref>
      </p>
     </licence>
    </availability>
   </publicationStmt>
    <notesStmt>
    <note/>
   </notesStmt>
   <sourceDesc>
    <bibl>born digital</bibl>
     <msDesc>
     <msIdentifier/>
     <physDesc>
      <objectDesc>
       <supportDesc>
        <support>
         <p>
          <material>Stein</material>
          <dimensions>
           <dim>73 x 58 x 9 cm</dim>
          </dimensions>
         </p>
        </support>
        <condition>
         <p> Beschädigung schwer (der obere Teil ist abgebrochen)</p>
        </condition>
       </supportDesc>
        <layoutDesc>
        <layout/>
       </layoutDesc>
      </objectDesc>
     </physDesc>
     <history>
      <origin>
       <date notBefore='1825-01-09'>1825-01-09</date>
       <country type="ISO_3166" key="XA-DE-NW">
        Germany
        <region>North Rhine-Westphalia</region>
       </country>
       <settlement type='city' key='tgn:1041089'>
        Schermbeck 
        <geogName>
         Jüdischer Friedhof
         <geo decls="#WGS">51.695296 6.868367</geo>
        </geogName>
       </settlement>
      </origin>
     </history>
    </msDesc>
   </sourceDesc>
  </fileDesc>
  <encodingDesc>
   <p>Encoded according to the EpiDoc Guidelines, Schema Version 8.18</p>
   <classDecl>
    <taxonomy>
     <category xml:id='foto1'>
      <catDesc>Dan Bondy</catDesc>
     </category>
    </taxonomy>
   </classDecl>
   <geoDecl xml:id="WGS" datum="WGS84">World Geodetic System</geoDecl>
  </encodingDesc>
  <profileDesc>
   <particDesc>
    <listPerson>
     <person xml:id="srm-28-1" sex='1'>
      <persName>Mosche ben Mattitjahu</persName>
       <event when='1825-01-09' type="dateofdeath">
       <desc/>
      </event>
     </person>
    </listPerson>
   </particDesc>
    <langUsage>
    <!-- According to bcp47 http://tools.ietf.org/html/bcp47 (Language) and ISO15924 (writing System)-->
    <language ident='he' usage='100'>Hebrew</language>
   </langUsage>
  </profileDesc>
   <revisionDesc>
   <change/>
  </revisionDesc>
 </teiHeader>
 <facsimile>
  <graphic url='http://steinheim-institut.de/daten/picssrm/xl/srm0028.jpg'>
    <desc>
    <ref target='#foto1'/>
    recto
   </desc>
  </graphic>
 </facsimile>
 <text>
  <body>
   <div type='edition'>
    <head>Edition</head>
     <ab>
     <lb n='1'/>
     ‎‏[‎‏פ״נ]‏‎
‏‎     <lb n='2'/>
     ‎‏[... ‎‏א]יש נדיב הלך בתמים‏‎
‏‎     <lb n='3'/>
     ‎‏[...] ‎‏משה בן כ״ה מתתיהו שכל‏‎
‏‎     <lb n='4'/>
     ‎‏[‎‏י]מי׳ משכימים ומעריבים‏‎
‏‎     <lb n='5'/>
     ‎‏בהכ״נ בזכות זה תהי נשמתו‏‎
‏‎     <lb n='6'/>
     ‎‏צרורה בצרור החיים עם‏‎
‏‎     <lb n='7'/>
     ‎‏נשמת שאר צדיקים שבגן‏‎
‏‎     <lb n='8'/>
     ‎‏עדן אמן ׃ נפטר ונקבר ביום‏‎
‏‎     <lb n='9'/>
     ‎‏א׳ י״ט טבת תקפ״ה לפ״ק‏‎
‏‎    </ab>
   </div>
   <div type='translation'>
    <head>Übersetzung</head>
     <ab>
     <lb n='1'/>
     Hier ist begraben
     <lb n='2'/>
     ... ein wohltätiger Mann, er wandelte in Lauterkeit,
     <lb n='3'/>
     ... Mosche, Sohn des geehrten Herrn Mattitjahu, der all
     <lb n='4'/>
     seine Tage frühmorgens und abends
     <lb n='5'/>
     (zur) Synagoge (ging). Um dessentwillen sei seine Seele
     <lb n='6'/>
     eingebunden in das Bündel des Lebens mit
     <lb n='7'/>
     den Seelen der übrigen Gerechten, die im Garten
     <lb n='8'/>
     Eden, Amen Sela. Verschieden und begraben am Tag
     <lb n='9'/>
     1, 19. Tewet 585 der kleinen Zählung.
    </ab>
   </div>
   <div type='commentary' subtype='Stilmittel'>
    <head>Stilmittel</head>
    <p>
     <label>Reim</label>
      auf -im in Zln 2,4,6
    </p>
   </div>
   <div type="commentary" subtype="Zeilenkommentar">
    <head>Zeilenkommentar</head>
    <p>Zl 2b: Vgl. Ps 84,12.</p>
    <p>Zln 4/5a: 1Sam 17,17 und bSot 42b</p>
   </div>
   <div type="commentary" subtype="Prosopographie">
    <head>Prosopographie</head>
   </div>
   <div type="bibliography">
    <head>Bibliographie</head>
    <p>to be done ...</p>
   </div>
  </body>
 </text>
</TEI>
