﻿<?xml version="1.0" encoding="UTF-8"?>
<?xml-model href="http://www.stoa.org/epidoc/schema/8.18/tei-epidoc.rng" schematypens="http://relaxng.org/ns/structure/1.0"?>
<TEI xmlns:xi="http://www.w3.org/2001/XInclude" xmlns:svg="http://www.w3.org/2000/svg" xmlns:math="http://www.w3.org/1998/Math/MathML" xmlns="http://www.tei-c.org/ns/1.0">
 <teiHeader>
  <fileDesc>
   <titleStmt>
    <title xml:lang='de'>Grabmal für Klär bat Ascher ∞ Josef Aharon ben Awraham (Klara Isaak Ehef. d. Dan. Sender), gest. 1875-06-17, Jüdischer Friedhof Sötern</title>
    <respStmt xml:lang="de">
     <resp>herausgegeben vom</resp>
     <orgName ref="http://d-nb.info/gnd/212562-6">
      Salomon Ludwig Steinheim-Institut
      <address>
       <addrLine>Edmund-Körner-Platz 2</addrLine>
       <addrLine>D-45127 Essen</addrLine>
      </address>
     </orgName>
    </respStmt>
   </titleStmt>
    <editionStmt>
    <edition/>
   </editionStmt>
   <extent/>
   <publicationStmt>
    <publisher>
     <orgName ref="http://d-nb.info/gnd/212562-6">
      Salomon Ludwig Steinheim-Institut 
      <address>
       <addrLine>Edmund-Körner-Platz 2</addrLine>
       <addrLine>D-45127 Essen</addrLine>
      </address>
     </orgName>
    </publisher>
    <idno>sts-84</idno>
    <idno type="url">http://www.steinheim-institut.de/cgi-bin/epidat?id=sts-84</idno>
    <availability xml:lang="en" status="free">
     <licence>
      <ref target="http://creativecommons.org/licenses/by/4.0/">Distributed under a Creative Commons licence Attribution-BY 4.0</ref>
      <p>
       All reuse or distribution of this work must contain somewhere a link back to the URL 
       <ref>http://www.steinheim-institut.de/cgi-bin/epidat?id=sts-84</ref>
      </p>
     </licence>
    </availability>
   </publicationStmt>
    <notesStmt>
    <note/>
   </notesStmt>
   <sourceDesc>
    <bibl>born digital</bibl>
     <msDesc>
     <msIdentifier/>
     <physDesc>
      <objectDesc>
       <supportDesc>
        <support>
         <p>
          <material>Stein</material>
         </p>
        </support>
        <condition>
         <p>
           Beschädigung mittel 
          <damage agent='Verwitterung'>Verwitterung leicht</damage>
         </p>
        </condition>
       </supportDesc>
        <layoutDesc>
        <layout/>
       </layoutDesc>
      </objectDesc>
     </physDesc>
     <history>
      <origin>
       <date notBefore='1875-06-17'>1875-06-17</date>
       <country type="ISO_3166" key="XA-DE-SL">
        Germany
        <region>Saarland</region>
       </country>
       <settlement type='city' key='tgn:7097271'>
        Sötern 
        <geogName>
         Jüdischer Friedhof
         <geo decls="#WGS">49.584591 7.052364</geo>
        </geogName>
       </settlement>
      </origin>
     </history>
    </msDesc>
   </sourceDesc>
  </fileDesc>
  <encodingDesc>
   <p>Encoded according to the EpiDoc Guidelines, Schema Version 8.18</p>
   <classDecl>
    <taxonomy>
     <category xml:id='foto1'>
      <catDesc>Ingeborg Knigge</catDesc>
     </category>
    </taxonomy>
   </classDecl>
   <geoDecl xml:id="WGS" datum="WGS84">World Geodetic System</geoDecl>
  </encodingDesc>
  <profileDesc>
   <particDesc>
    <listPerson>
     <person xml:id="sts-84-1" sex='2'>
      <persName>Klär bat Ascher ∞ Josef Aharon ben Awraham (Klara Isaak Ehef. d. Dan. Sender)</persName>
       <event when='1875-06-17' type="dateofdeath">
       <desc/>
      </event>
     </person>
    </listPerson>
   </particDesc>
    <langUsage>
    <!-- According to bcp47 http://tools.ietf.org/html/bcp47 (Language) and ISO15924 (writing System)-->
    <language ident='he' usage='56'>Hebrew</language>
    <language ident='de' usage='43'>German</language>
   </langUsage>
  </profileDesc>
   <revisionDesc>
   <change/>
  </revisionDesc>
 </teiHeader>
 <facsimile>
  <graphic url='http://steinheim-institut.de/daten/picssts/xl/0084_STS_.png'>
    <desc>
    <ref target='#foto1'/>
    recto
   </desc>
  </graphic>
  <graphic url='http://steinheim-institut.de/daten/picssts/xl/0084dSTS_.png'>
    <desc>
    <ref target='#foto1'/>
    Detail
   </desc>
  </graphic>
  <graphic url='http://steinheim-institut.de/daten/picssts/xl/0084dSTS_01.png'>
    <desc>
    <ref target='#foto1'/>
    Detail
   </desc>
  </graphic>
 </facsimile>
 <text>
  <body>
   <div type='edition'>
    <head>Edition</head>
     <ab>
     <lb n='1'/>
     ‎‏פ״נ‏‎
‏‎     <lb n='2'/>
     ‎‏קלער בת אשר אשת‏‎
‏‎     <lb n='3'/>
     ‎‏יוסף אהרן בר אברהם‏‎
‏‎     <lb n='4'/>
     ‎‏מתה ביום ה׳ י״ד סיון‏‎
‏‎     <lb n='5'/>
     ‎‏תרל״ה ל׳‏‎
‏‎     <lb n='6'/>
     ‎‏תנצב״ה‏‎
‏‎     <lb n='7'/>
     Klara Isaak
     <lb n='8'/>
     Ehef. d. Dan. Sender
     <lb n='9'/>
     v. Bosen
     <lb n='10'/>
     gest. d. 17. Juni 1875.
    </ab>
   </div>
   <div type='translation'>
    <head>Übersetzung</head>
     <ab>
     <lb n='1'/>
     Hier ist begraben
     <lb n='2'/>
     Klär, Tochter des Ascher, Gattin des
     <lb n='3'/>
     Josef Aharon, Sohn des Awraham,
     <lb n='4'/>
     gestorben am Tag 5, 14. Sivan
     <lb n='5'/>
     635 der Zählung.
     <lb n='6'/>
     Ihre Seele sei eingebunden in das Bündel des Lebens
    </ab>
   </div>
   <div type="commentary" subtype="Prosopographie">
    <head>Prosopographie</head>
   </div>
   <div type="bibliography">
    <head>Bibliographie</head>
    <p>to be done ...</p>
   </div>
  </body>
 </text>
</TEI>
