﻿<?xml version="1.0" encoding="UTF-8"?>
<?xml-model href="http://www.stoa.org/epidoc/schema/8.18/tei-epidoc.rng" schematypens="http://relaxng.org/ns/structure/1.0"?>
<TEI xmlns:xi="http://www.w3.org/2001/XInclude" xmlns:svg="http://www.w3.org/2000/svg" xmlns:math="http://www.w3.org/1998/Math/MathML" xmlns="http://www.tei-c.org/ns/1.0">
 <teiHeader>
  <fileDesc>
   <titleStmt>
    <title xml:lang='de'>Grabmal für , gest. 1882-08-07, Jüdischer Friedhof Bornheim-Walberberg</title>
    <respStmt xml:lang="de">
     <resp>herausgegeben vom</resp>
     <orgName ref="http://d-nb.info/gnd/212562-6">
      Salomon Ludwig Steinheim-Institut
      <address>
       <addrLine>Edmund-Körner-Platz 2</addrLine>
       <addrLine>D-45127 Essen</addrLine>
      </address>
     </orgName>
    </respStmt>
   </titleStmt>
    <editionStmt>
    <edition/>
   </editionStmt>
   <extent/>
   <publicationStmt>
    <publisher>
     <orgName ref="http://d-nb.info/gnd/212562-6">
      Salomon Ludwig Steinheim-Institut 
      <address>
       <addrLine>Edmund-Körner-Platz 2</addrLine>
       <addrLine>D-45127 Essen</addrLine>
      </address>
     </orgName>
    </publisher>
    <idno>wal-6</idno>
    <idno type="url">http://www.steinheim-institut.de/cgi-bin/epidat?id=wal-6</idno>
    <availability xml:lang="en" status="free">
     <licence>
      <ref target="http://creativecommons.org/licenses/by/4.0/">Distributed under a Creative Commons licence Attribution-BY 4.0</ref>
      <p>
       All reuse or distribution of this work must contain somewhere a link back to the URL 
       <ref>http://www.steinheim-institut.de/cgi-bin/epidat?id=wal-6</ref>
      </p>
     </licence>
    </availability>
   </publicationStmt>
    <notesStmt>
    <note/>
   </notesStmt>
   <sourceDesc>
    <bibl>born digital</bibl>
     <msDesc>
     <msIdentifier/>
     <physDesc>
      <objectDesc>
       <supportDesc>
        <support>
         <p>
          <material>Stein</material>
          <dimensions>
           <dim>75,5 x 54 x 17 cm.</dim>
          </dimensions>
          Rechteckige, gesockelte, sich leicht nach oben verjüngende Dioritstele mit Flachbogenabschluß. In elf leicht vertieften Schriftfeldern ist die Inschrift zentriert und in erhabenen Buchstaben angebracht. Der Name im deutschen Text ist durch größere Buchstaben hervorgehoben.
         </p>
        </support>
        <condition>
         <p>gut</p>
        </condition>
       </supportDesc>
        <layoutDesc>
        <layout/>
       </layoutDesc>
      </objectDesc>
     </physDesc>
     <history>
      <origin>
       <date notBefore='1882-08-07'>1882-08-07</date>
       <country type="ISO_3166" key="XA-DE-NW">
        Germany
        <region>North Rhine-Westphalia</region>
       </country>
       <settlement type='city' key='tgn:4011994'>
        Bornheim-Walberberg 
        <geogName>
         Jüdischer Friedhof
         <geo decls="#WGS">50.792193 6.90509</geo>
        </geogName>
       </settlement>
      </origin>
     </history>
    </msDesc>
   </sourceDesc>
  </fileDesc>
  <encodingDesc>
   <p>Encoded according to the EpiDoc Guidelines, Schema Version 8.18</p>
   <geoDecl xml:id="WGS" datum="WGS84">World Geodetic System</geoDecl>
  </encodingDesc>
  <profileDesc>
    <langUsage>
    <!-- According to bcp47 http://tools.ietf.org/html/bcp47 (Language) and ISO15924 (writing System)-->
    <language ident='he' usage='51'>Hebrew</language>
    <language ident='de' usage='48'>German</language>
   </langUsage>
  </profileDesc>
   <revisionDesc>
   <change/>
  </revisionDesc>
 </teiHeader>
 <facsimile></facsimile>
 <text>
  <body>
   <div type='edition'>
    <head>Edition</head>
     <ab>
     <lb n='1'/>
     ‎‏פ״נ‏‎
‏‎     <lb n='2'/>
     ‎‏איש תם וישר ה״ה‏‎
‏‎     <lb n='3'/>
     ‎‏חיים בר מאיר נפטר‏‎
‏‎     <lb n='4'/>
     ‎‏ביום ב׳ כ״ב מנחם אב‏‎
‏‎     <lb n='5'/>
     ‎‏תרמ״ב לפ״ק‏‎
‏‎     <lb n='6'/>
     ‎‏תנצב״ה‏‎
‏‎     <lb n='7'/>
     Hier ruht in Frieden 
     <lb n='8'/>
     Hermann Meyer 
     <lb n='9'/>
     aus Trippelsdorf 
     <lb n='10'/>
     geb. 1. Mai 1832, 
     <lb n='11'/>
     gest. 7. August 1882. 
    </ab>
   </div>
   <div type='translation'>
    <head>Übersetzung</head>
     <ab>
     <lb n='1'/>
     Hier ist begraben
     <lb n='2'/>
     ein lauterer und aufrechter Mann, es ist
     <lb n='3'/>
     Chaim, Sohn des Meir, verschieden
     <lb n='4'/>
     am Tag 2, 22. Menachem Aw,
     <lb n='5'/>
     642 der kleinen Zählung.
     <lb n='6'/>
     Seine Seele sei eingebunden in das Bündel des Lebens
    </ab>
   </div>
   <div type="commentary" subtype="Zeilenkommentar">
    <head>Zeilenkommentar</head>
    <p>Zl 2: Ijob 1,1 u.ö.</p>
    <p>Zl 4: Menachem , "Tröster", ist ein euphemistischer Name für den Trauermonat Aw.</p>
    <p>Hermann ist weitaus häufiger das bürgerliche Pendant für Zwi und Hirsch als, wie hier, für Chaim.</p>
   </div>
   <div type="commentary" subtype="Endkommentar">
    <head>Endkommentar</head>
    <p>Das Grabmal ist sicherlich nach dem Tod der Gattin 1920 erneuert worden, um die Verbundenheit der Eheleute über den Tod hinaus optisch zu dokumentieren. Dafür sprechen Form und Material des Steines, die Anfang der 1880er, als Hermann Meyer starb, noch nicht gebräuchlich waren. Sie repräsentieren vielmehr den Zeitgeschmack der 1920er.</p>
   </div>
   <div type="commentary" subtype="Prosopographie">
    <head>Prosopographie</head>
    <p>Der Handelsmann Hermann Meyer wurde am 2.5.1832 (Inschrift: 1.5.) in Trippelsdorf geboren. Das Datum der Eheschließung mit Friederike Nathan konnte nicht ermittelt werden. Er starb am 7.8.1882 in Trippelsdorf.</p>
    <p>Sein Vater, der Handelsmann Jakob Meyer, war ein Sohn von Moises Meyer, Balkhausen, ca. 1757 - Trippelsdorf 20.1.1848, und Gertrud Baer, Kommern, ca. 1763 - Tripelsdorf 4.5.1836. Seine Mutter, Adelheid Meyer geb. Glaser, war eine Tochter des Glasers Heumann Glaser und der Sibilla Hirsch, beide in Kessenich verstorben.</p>
   </div>
   <div type="bibliography">
    <head>Bibliographie</head>
    <p>to be done ...</p>
   </div>
  </body>
 </text>
</TEI>
