﻿<?xml version="1.0" encoding="UTF-8"?>
<?xml-model href="http://www.stoa.org/epidoc/schema/8.18/tei-epidoc.rng" schematypens="http://relaxng.org/ns/structure/1.0"?>
<TEI xmlns:xi="http://www.w3.org/2001/XInclude" xmlns:svg="http://www.w3.org/2000/svg" xmlns:math="http://www.w3.org/1998/Math/MathML" xmlns="http://www.tei-c.org/ns/1.0">
 <teiHeader>
  <fileDesc>
   <titleStmt>
    <title xml:lang='de'>Grabmal für Channa bat Izek Aptrod, gest. 1765-08-27, Jüdischer Friedhof Winsen an der Luhe</title>
    <respStmt xml:lang="de">
     <resp>herausgegeben vom</resp>
     <orgName ref="http://d-nb.info/gnd/212562-6">
      Salomon Ludwig Steinheim-Institut
      <address>
       <addrLine>Edmund-Körner-Platz 2</addrLine>
       <addrLine>D-45127 Essen</addrLine>
      </address>
     </orgName>
    </respStmt>
   </titleStmt>
    <editionStmt>
    <edition/>
   </editionStmt>
   <extent/>
   <publicationStmt>
    <publisher>
     <orgName ref="http://d-nb.info/gnd/212562-6">
      Salomon Ludwig Steinheim-Institut 
      <address>
       <addrLine>Edmund-Körner-Platz 2</addrLine>
       <addrLine>D-45127 Essen</addrLine>
      </address>
     </orgName>
    </publisher>
    <idno>win-1</idno>
    <idno type="url">http://www.steinheim-institut.de/cgi-bin/epidat?id=win-1</idno>
    <availability xml:lang="en" status="free">
     <licence>
      <ref target="http://creativecommons.org/licenses/by/4.0/">Distributed under a Creative Commons licence Attribution-BY 4.0</ref>
      <p>
       All reuse or distribution of this work must contain somewhere a link back to the URL 
       <ref>http://www.steinheim-institut.de/cgi-bin/epidat?id=win-1</ref>
      </p>
     </licence>
    </availability>
   </publicationStmt>
    <notesStmt>
    <note/>
   </notesStmt>
   <sourceDesc>
    <bibl>born digital</bibl>
     <msDesc>
     <msIdentifier/>
     <physDesc>
      <objectDesc>
       <supportDesc>
        <support>
         <p>
          <material>Stein</material>
         </p>
        </support>
       </supportDesc>
        <layoutDesc>
        <layout/>
       </layoutDesc>
      </objectDesc>
     </physDesc>
     <history>
      <origin>
       <date notBefore='1765-08-27'>1765-08-27</date>
       <country type="ISO_3166" key="XA-DE-NI">
        Germany
        <region>Lower Saxony</region>
       </country>
       <settlement type='city' key='tgn:1041845'>
        Winsen an der Luhe 
        <geogName>
         Jüdischer Friedhof
         <geo decls="#WGS">53.363014 10.211712</geo>
        </geogName>
       </settlement>
      </origin>
     </history>
    </msDesc>
   </sourceDesc>
  </fileDesc>
  <encodingDesc>
   <p>Encoded according to the EpiDoc Guidelines, Schema Version 8.18</p>
   <geoDecl xml:id="WGS" datum="WGS84">World Geodetic System</geoDecl>
  </encodingDesc>
  <profileDesc>
   <particDesc>
    <listPerson>
     <person xml:id="win-1-1" sex='2'>
      <persName>Channa bat Izek Aptrod</persName>
       <event when='1765-08-27' type="dateofdeath">
       <desc/>
      </event>
     </person>
    </listPerson>
   </particDesc>
    <langUsage>
    <!-- According to bcp47 http://tools.ietf.org/html/bcp47 (Language) and ISO15924 (writing System)-->
    <language ident='he' usage='100'>Hebrew</language>
   </langUsage>
  </profileDesc>
   <revisionDesc>
   <change/>
  </revisionDesc>
 </teiHeader>
 <facsimile></facsimile>
 <text>
  <body>
   <div type='edition'>
    <head>Edition</head>
     <ab>
     <lb n='1'/>
     ‎‏פ״ט‏‎
‏‎     <lb n='2'/>
     ‎‏האשה הזקנה הצדקית‏‎
‏‎     <lb n='3'/>
     ‎‏הצנוע׳ וחסוד׳ היקרה‏‎
‏‎     <lb n='4'/>
     ‎‏וישרה עוסקת במצות‏‎
‏‎     <lb n='5'/>
     ‎‏ובג״ח ובמ״ט מ׳ חנה‏‎
‏‎     <lb n='6'/>
     ‎‏בת כה׳ איצק אפטרוד‏‎
‏‎     <lb n='7'/>
     ‎‏נפטר׳ ביו׳ הש׳ ונקבר׳ יו׳‏‎
‏‎     <lb n='8'/>
     ‎‏ה׳ י״ב אלול תקך״ה לפ״ק‏‎
‏‎     <lb n='9'/>
     ‎‏ת׳נ׳צ׳ב׳ה׳‏‎
‏‎    </ab>
   </div>
   <div type='translation'>
    <head>Übersetzung</head>
     <ab>
     <lb n='1'/>
     Hier ist geborgen
     <lb n='2'/>
     die greise und wohltätige Frau,
     <lb n='3'/>
     die züchtige und fromme, die teure
     <lb n='4'/>
     und aufrechte, befasst mit den Geboten
     <lb n='5'/>
     und mit Barmherzigkeit und guten Werken, Frau Channa,
     <lb n='6'/>
     Tochter des geehrten Herrn Izek Aptrod,
     <lb n='7'/>
     verschieden am Tag drei und begraben Tag
     <lb n='8'/>
     fünf, 12. Elul 525 der kleinen Zählung.
     <lb n='9'/>
     Ihre Seele sei eingebunden in das Bündel des Lebens
    </ab>
   </div>
   <div type="commentary" subtype="Zeilenkommentar">
    <head>Zeilenkommentar</head>
    <p>Z. 6: Der Name Izek dient als geläufige, verschleifende Kurzform von Jizchak (= Isaak)</p>
    <p>Z. 9: Vgl. 1S 25,29.</p>
   </div>
   <div type="commentary" subtype="Prosopographie">
    <head>Prosopographie</head>
   </div>
   <div type="bibliography">
    <head>Bibliographie</head>
    <p>to be done ...</p>
   </div>
  </body>
 </text>
</TEI>
