﻿<?xml version="1.0" encoding="UTF-8"?>
<?xml-model href="http://www.stoa.org/epidoc/schema/8.18/tei-epidoc.rng" schematypens="http://relaxng.org/ns/structure/1.0"?>
<TEI xmlns:xi="http://www.w3.org/2001/XInclude" xmlns:svg="http://www.w3.org/2000/svg" xmlns:math="http://www.w3.org/1998/Math/MathML" xmlns="http://www.tei-c.org/ns/1.0">
 <teiHeader>
  <fileDesc>
   <titleStmt>
    <title xml:lang='de'>Grabmal für Eine verwitwete Frau, gest. 1733-08-05, Jüdischer Friedhof Eschweiler-Weisweiler (Alter Teil)</title>
    <respStmt xml:lang="de">
     <resp>herausgegeben vom</resp>
     <orgName ref="http://d-nb.info/gnd/212562-6">
      Salomon Ludwig Steinheim-Institut
      <address>
       <addrLine>Edmund-Körner-Platz 2</addrLine>
       <addrLine>D-45127 Essen</addrLine>
      </address>
     </orgName>
    </respStmt>
   </titleStmt>
    <editionStmt>
    <edition/>
   </editionStmt>
   <extent/>
   <publicationStmt>
    <publisher>
     <orgName ref="http://d-nb.info/gnd/212562-6">
      Salomon Ludwig Steinheim-Institut 
      <address>
       <addrLine>Edmund-Körner-Platz 2</addrLine>
       <addrLine>D-45127 Essen</addrLine>
      </address>
     </orgName>
    </publisher>
    <idno>wsw-6</idno>
    <idno type="url">http://www.steinheim-institut.de/cgi-bin/epidat?id=wsw-6</idno>
    <availability xml:lang="en" status="free">
     <licence>
      <ref target="http://creativecommons.org/licenses/by/4.0/">Distributed under a Creative Commons licence Attribution-BY 4.0</ref>
      <p>
       All reuse or distribution of this work must contain somewhere a link back to the URL 
       <ref>http://www.steinheim-institut.de/cgi-bin/epidat?id=wsw-6</ref>
      </p>
     </licence>
    </availability>
   </publicationStmt>
    <notesStmt>
    <note/>
   </notesStmt>
   <sourceDesc>
    <bibl>born digital</bibl>
     <msDesc>
     <msIdentifier/>
     <physDesc>
      <objectDesc>
       <supportDesc>
        <support>
         <p>
          <material>Stein</material>
          <dimensions>
           <dim>H: 29/44,5 cm B: 43 cm T: 14,5 cm</dim>
          </dimensions>
         </p>
        </support>
        <condition>
         <p>1995: Fragment, der obere Teil des Grabsteins fehlt.</p>
        </condition>
       </supportDesc>
        <layoutDesc>
        <layout/>
       </layoutDesc>
      </objectDesc>
     </physDesc>
     <history>
      <origin>
       <date notBefore='1733-08-05'>1733-08-05</date>
       <country type="ISO_3166" key="XA-DE-NW">
        Germany
        <region>North Rhine-Westphalia</region>
       </country>
       <settlement type='city' key='tgn:1039022'>
        Eschweiler-Weisweiler (Alter Teil) 
        <geogName>
         Jüdischer Friedhof
         <geo decls="#WGS">50.825725 6.327385</geo>
        </geogName>
       </settlement>
      </origin>
     </history>
    </msDesc>
   </sourceDesc>
  </fileDesc>
  <encodingDesc>
   <p>Encoded according to the EpiDoc Guidelines, Schema Version 8.18</p>
   <geoDecl xml:id="WGS" datum="WGS84">World Geodetic System</geoDecl>
  </encodingDesc>
  <profileDesc>
   <particDesc>
    <listPerson>
     <person xml:id="wsw-6-1" sex='0'>
      <persName>Eine verwitwete Frau</persName>
       <event when='1733-08-05' type="dateofdeath">
       <desc/>
      </event>
     </person>
    </listPerson>
   </particDesc>
    <langUsage>
    <!-- According to bcp47 http://tools.ietf.org/html/bcp47 (Language) and ISO15924 (writing System)-->
    <language ident='he' usage='93'>Hebrew</language>
    <language ident='de' usage='6'>German</language>
   </langUsage>
  </profileDesc>
   <revisionDesc>
   <change/>
  </revisionDesc>
 </teiHeader>
 <facsimile></facsimile>
 <text>
  <body>
   <div type='edition'>
    <head>Edition</head>
     <ab>
     <lb n='1'/>
     ...
     <lb n='2'/>
     ‎‏זצ״ל [...]‏‎
‏‎     <lb n='3'/>
     ‎‏זצ״ל שהלכ[ה לעולמה ...]‏‎
‏‎     <lb n='4'/>
     ‎‏ונקברת ביום [...]‏‎
‏‎     <lb n='5'/>
     ‎‏כ״ד מנחם תפי״ג‏‎
‏‎     <lb n='6'/>
     ‎‏לפ״ק תנצב״ה‏‎
‏‎    </ab>
   </div>
   <div type='translation'>
    <head>Übersetzung</head>
     <ab>
     <lb n='1'/>
     ...
     <lb n='2'/>
     <supplied reason='subaudible'>Eine verwitwete Frau</supplied>
     das Andenken des Gerechten zum Segen, ...
     <lb n='3'/>
     das Andenken des Gerechten zum Segen, ›die in ihre Welt hinging‹ ...
     <lb n='4'/>
     und begraben wurde am Tag ...
     <lb n='5'/>
     24. Menachem 493
     <lb n='6'/>
     der kleinen Zählung. Ihre Seele sei eingebunden in das Bündel des Lebens
    </ab>
   </div>
   <div type="commentary" subtype="Zitate">
    <head>Zitate</head>
    <p>Zl 3: Koh 12,5</p>
   </div>
   <div type="commentary" subtype="Zeilenkommentar">
    <head>Zeilenkommentar</head>
    <p>Zl 5: Menachem, "der Tröster", ist ein euphemistischer Name für den Trauermonat Aw, in dem der Zerstörung der beiden Jerusalemer Tempel gedacht wird und in dem nach einer alten Tradition auch der Messias geboren wird.</p>
   </div>
   <div type="commentary" subtype="Endkommentar">
    <head>Endkommentar</head>
    <p>Die Abkürzung "das Andenken des Gerechten zum Segen" steht in der Regel nur nach Männernamen, doch an der Form für "begraben werden" in Zeile 4 kann man ersehen, dass es sich um den Grabstein einer Frau handeln muss. Da die obengenannte Abkürzung aber zweimal auftaucht, kann man aller Wahrscheinlichkeit nach davon ausgehen, dass es sich um den Grabstein einer verheirateten oder besser verwitweten Frau handelt, deren Vater- und Gattesnamen in der Inschrift genannt waren.</p>
    <p>Die Angabe des Sterbejahres ist ungewöhnlich. Statt mit den Buchtaben des Zahlenwerts "400+90+3" wurde es auch den Buchstaben "400+80+13" zusammengesetzt. Dies könnte ein - nicht ganz gelungener - Versuch gewesen sein, durch Chronogramm, die Umstellung der Buchstaben der Jahreszahl, einen neuen Wortsinn erhalten, hier etwa "Du wirst mildern, abschwächen", in Zusammenhang mit "Tröster" also vielleicht "Du wirst die Leiden etc. mildern".</p>
   </div>
   <div type="commentary" subtype="Prosopographie">
    <head>Prosopographie</head>
   </div>
   <div type="bibliography">
    <head>Bibliographie</head>
    <p>to be done ...</p>
   </div>
  </body>
 </text>
</TEI>
