﻿<?xml version="1.0" encoding="UTF-8"?>
<?xml-model href="http://www.stoa.org/epidoc/schema/8.18/tei-epidoc.rng" schematypens="http://relaxng.org/ns/structure/1.0"?>
<TEI xmlns:xi="http://www.w3.org/2001/XInclude" xmlns:svg="http://www.w3.org/2000/svg" xmlns:math="http://www.w3.org/1998/Math/MathML" xmlns="http://www.tei-c.org/ns/1.0">
 <teiHeader>
  <fileDesc>
   <titleStmt>
    <title xml:lang='de'>Grabmal für Jehuda ben Schmuel, gest. 1691-12-15, Jüdischer Friedhof Eschweiler-Weisweiler (Alter Teil)</title>
    <respStmt xml:lang="de">
     <resp>herausgegeben vom</resp>
     <orgName ref="http://d-nb.info/gnd/212562-6">
      Salomon Ludwig Steinheim-Institut
      <address>
       <addrLine>Edmund-Körner-Platz 2</addrLine>
       <addrLine>D-45127 Essen</addrLine>
      </address>
     </orgName>
    </respStmt>
   </titleStmt>
    <editionStmt>
    <edition/>
   </editionStmt>
   <extent/>
   <publicationStmt>
    <publisher>
     <orgName ref="http://d-nb.info/gnd/212562-6">
      Salomon Ludwig Steinheim-Institut 
      <address>
       <addrLine>Edmund-Körner-Platz 2</addrLine>
       <addrLine>D-45127 Essen</addrLine>
      </address>
     </orgName>
    </publisher>
    <idno>wsw-9</idno>
    <idno type="url">http://www.steinheim-institut.de/cgi-bin/epidat?id=wsw-9</idno>
    <availability xml:lang="en" status="free">
     <licence>
      <ref target="http://creativecommons.org/licenses/by/4.0/">Distributed under a Creative Commons licence Attribution-BY 4.0</ref>
      <p>
       All reuse or distribution of this work must contain somewhere a link back to the URL 
       <ref>http://www.steinheim-institut.de/cgi-bin/epidat?id=wsw-9</ref>
      </p>
     </licence>
    </availability>
   </publicationStmt>
    <notesStmt>
    <note/>
   </notesStmt>
   <sourceDesc>
    <bibl>born digital</bibl>
     <msDesc>
     <msIdentifier/>
     <physDesc>
      <objectDesc>
       <supportDesc>
        <support>
         <p>
          <material>Stein</material>
          Breitrechteckige Stele mit flachem Rundbogenabschluss, die Schlusszeile ist zentriert. Rechts und links des letzten Wortes wurde je ein achtstrahliges Sternchen in den Stein graviert.
         </p>
        </support>
        <condition>
         <p>1995: Das Grabmal ist in mehrere Teile zerbrochen.</p>
        </condition>
       </supportDesc>
        <layoutDesc>
        <layout/>
       </layoutDesc>
      </objectDesc>
     </physDesc>
     <history>
      <origin>
       <date notBefore='1691-12-15'>1691-12-15</date>
       <country type="ISO_3166" key="XA-DE-NW">
        Germany
        <region>North Rhine-Westphalia</region>
       </country>
       <settlement type='city' key='tgn:1039022'>
        Eschweiler-Weisweiler (Alter Teil) 
        <geogName>
         Jüdischer Friedhof
         <geo decls="#WGS">50.825725 6.327385</geo>
        </geogName>
       </settlement>
      </origin>
     </history>
    </msDesc>
   </sourceDesc>
  </fileDesc>
  <encodingDesc>
   <p>Encoded according to the EpiDoc Guidelines, Schema Version 8.18</p>
   <geoDecl xml:id="WGS" datum="WGS84">World Geodetic System</geoDecl>
  </encodingDesc>
  <profileDesc>
   <particDesc>
    <listPerson>
     <person xml:id="wsw-9-1" sex='1'>
      <persName>Jehuda ben Schmuel</persName>
       <event when='1691-12-15' type="dateofdeath">
       <desc/>
      </event>
     </person>
    </listPerson>
   </particDesc>
    <langUsage>
    <!-- According to bcp47 http://tools.ietf.org/html/bcp47 (Language) and ISO15924 (writing System)-->
    <language ident='he' usage='100'>Hebrew</language>
   </langUsage>
  </profileDesc>
   <revisionDesc>
   <change/>
  </revisionDesc>
 </teiHeader>
 <facsimile></facsimile>
 <text>
  <body>
   <div type='edition'>
    <head>Edition</head>
     <ab>
     <lb n='1'/>
     ‎‏פה נטמן [...]‏‎
‏‎     <lb n='2'/>
     ‎‏וחשוב יהודא [...]‏‎
‏‎     <lb n='3'/>
     ‎‏שמואל שלי״ט [...]‏‎
‏‎     <lb n='4'/>
     ‎‏ביום ז׳ ש״ק כ״ד כסלב תנ״ב ל׳‏‎
‏‎     <lb n='5'/>
     ‎‏תהי נשמתו צרורה‏‎
‏‎     <lb n='6'/>
     ‎‏בצרור החים עם‏‎
‏‎     <lb n='7'/>
     ‎‏שאר צדקם שבגן עדן‏‎
‏‎     <lb n='8'/>
     ‎‏אמן‏‎
‏‎    </ab>
   </div>
   <div type='translation'>
    <head>Übersetzung</head>
     <ab>
     <lb n='1'/>
     Hier ist geborgen ...
     <lb n='2'/>
     und angesehen, Jehuda ... (Sohn des ...)
     <lb n='3'/>
     Schmuel, er möge viele gute Tage leben, (verschieden)
     <lb n='4'/>
     am Tag 7, (am) heiligen Schabbat, 24. Kislev 452 der Zählung.
     <lb n='5'/>
     Es sei seine Seele eingebunden
     <lb n='6'/>
     in das Bündel des Lebens mit
     <lb n='7'/>
     den übrigen Gerechten, die im Garten Eden sind,
     <lb n='8'/>
     Amen
    </ab>
   </div>
   <div type="commentary" subtype="Zeilenkommentar">
    <head>Zeilenkommentar</head>
    <p>Zl 4: Die Angabe des Monatstages in der hebräischen Inschrift ist beschädigt, doch handelt es sich mit aller Wahrscheinlichkeit um den 24. des Monats Kislev, der hier, statt mit dem Buchstaben ‎‏ו‏‎, fälschlich mit dem gleichlautenden ‎‏ב‏‎ geschrieben wurde.</p>
   </div>
   <div type="commentary" subtype="Endkommentar">
    <head>Endkommentar</head>
    <p>Bei diesem Stein handelt es sich um den ältesten der noch erhaltenen Weisweiler Grabsteine. Er wurde vermutlich einem Mann errichtet, dessen Vater bei seinem Tod noch am Leben war.</p>
   </div>
   <div type="commentary" subtype="Prosopographie">
    <head>Prosopographie</head>
   </div>
   <div type="bibliography">
    <head>Bibliographie</head>
    <p>to be done ...</p>
   </div>
  </body>
 </text>
</TEI>
